Title,Date
"모두가 자신의 무가치함과 싸우고 있다: 리미티드 시리즈: 1화","4/26/26"
"더 클리닝 레이디: 시즌 3: 1화","4/25/26"
"더 클리닝 레이디: 시즌 2: 12화","4/20/26"
"더 클리닝 레이디: 시즌 2: 11화","4/20/26"
"더 클리닝 레이디: 시즌 2: 10화","4/19/26"
"더 클리닝 레이디: 시즌 2: 9화","4/19/26"
"더 클리닝 레이디: 시즌 2: 8화","4/19/26"
"더 클리닝 레이디: 시즌 2: 7화","4/19/26"
"더 클리닝 레이디: 시즌 2: 6화","4/18/26"
"더 클리닝 레이디: 시즌 2: 5화","4/18/26"
"더 클리닝 레이디: 시즌 2: 4화","4/18/26"
"더 클리닝 레이디: 시즌 2: 3화","4/18/26"
"더 클리닝 레이디: 시즌 2: 2화","4/18/26"
"더 클리닝 레이디: 시즌 2: 1화","4/18/26"
"더 클리닝 레이디: 시즌 1: 10화","4/18/26"
"더 클리닝 레이디: 시즌 1: 9화","4/18/26"
"더 클리닝 레이디: 시즌 1: 8화","4/17/26"
"더 클리닝 레이디: 시즌 1: 7화","4/17/26"
"안티히어로: 2화","4/17/26"
"안티히어로: 1화","4/17/26"
"더 클리닝 레이디: 시즌 1: 6화","4/13/26"
"더 클리닝 레이디: 시즌 1: 5화","4/12/26"
"더 클리닝 레이디: 시즌 1: 4화","4/12/26"
"더 클리닝 레이디: 시즌 1: 3화","4/11/26"
"더 클리닝 레이디: 시즌 1: 2화","4/11/26"
"더 클리닝 레이디: 시즌 1: 1화","4/11/26"
"쿠조의 대죄: 약자의 체면","4/8/26"
"쿠조의 대죄: 다리 하나의 가격","4/6/26"
"위즈: 시즌 8: 시간이 됐다: 파트 2","4/5/26"
"위즈: 시즌 8: 시간이 됐다: 파트 1","4/5/26"
"위즈: 시즌 8: 신의 뜻이 그러하시다면","4/5/26"
"위즈: 시즌 8: 문턱","4/5/26"
"위즈: 시즌 8: 어린 나무","4/5/26"
"위즈: 시즌 8: 욕망과의 거리","4/5/26"
"위즈: 시즌 8: 동작 개시","4/5/26"
"위즈: 시즌 8: 알로사우루스! 성을 무너뜨리자!","4/5/26"
"위즈: 시즌 8: 인정사정 볼 것 없어","4/5/26"
"위즈: 시즌 8: 주디만 재판 볼 수 있어요","4/5/26"
"위즈: 시즌 8: 파랑색으로 보이고 치즈 냄새 나서 죽어요","4/5/26"
"위즈: 시즌 8: 햇살","4/5/26"
"본즈: 시즌 1: 시체 보관소의 남자","4/4/26"
"위즈: 시즌 8: 엉망","4/4/26"
"위즈: 시즌 7: 얘랑 한다/얘랑 안 한다","4/4/26"
"위즈: 시즌 7: 공간 추론","4/4/26"
"위즈: 시즌 7: 밀프","4/4/26"
"위즈: 시즌 7: 부가세","4/4/26"
"위즈: 시즌 7: 고양이! 고양이!","4/4/26"
"위즈: 시즌 7: 합성섬유","4/4/26"
"위즈: 시즌 7: 기운찬 투자 vs. 비이먼트 투자","4/4/26"
"위즈: 시즌 7: 덧없는 것","4/4/26"
"위즈: 시즌 7: 손으로 먹는 게 제맛이죠","4/4/26"
"위즈: 시즌 7: 니캅에 구멍","4/4/26"
"위즈: 시즌 7: 볼 줄 아시네요","4/4/26"
"위즈: 시즌 7: 트라우마가 뭔가를 불러일으킨다","4/4/26"
"위즈: 시즌 7: 백","4/4/26"
"위즈: 시즌 6: 죽지 않은 사랑","4/4/26"
"위즈: 시즌 6: 프랜 타켄튼","4/4/26"
"위즈: 시즌 6: 바이킹 정신","4/4/26"
"위즈: 시즌 6: 다시 디어본","4/4/26"
"위즈: 시즌 6: 모스코바","4/4/26"
"위즈: 시즌 6: 순한 강아지","4/4/26"
"위즈: 시즌 6: 바람개비","4/4/26"
"위즈: 시즌 6: 맞교환","4/3/26"
"위즈: 시즌 6: 부메랑","4/3/26"
"위즈: 시즌 6: 행복","4/3/26"
"위즈: 시즌 6: 컵 받침","4/3/26"
"위즈: 시즌 6: 진흙탕에서 나무베기","4/3/26"
"위즈: 시즌 6: 퍽","4/3/26"
"위즈: 시즌 5: 내 엄마","4/3/26"
"위즈: 시즌 5: 풀","4/3/26"
"위즈: 시즌 5: 호랑이랑 오리","4/3/26"
"위즈: 시즌 5: 미친 개","4/3/26"
"위즈: 시즌 5: 빨고 뱉어라","4/3/26"
"위즈: 시즌 5: 경적 소리가 특이해요","4/3/26"
"위즈: 시즌 5: 골목길이 끝나는 곳","4/3/26"
"위즈: 시즌 5: 겸손한 제안","4/3/26"
"위즈: 시즌 5: 반 누이스","4/3/26"
"위즈: 시즌 5: 슈퍼 럭키 행복","4/3/26"
"위즈: 시즌 5: 수, 수, 수시우","4/3/26"
"위즈: 시즌 5: 마체테를 위로","4/3/26"
"위즈: 시즌 5: 원더풀","4/3/26"
"위즈: 시즌 4: 왜 죽을 때까지 일 하고 있어?","4/3/26"
"위즈: 시즌 4: 다시 만날 때","4/3/26"
"위즈: 시즌 4: 헤드 치즈","4/3/26"
"위즈: 시즌 4: 삼각관계","4/2/26"
"위즈: 시즌 4: 작은 배","4/2/26"
"위즈: 시즌 4: 나는 탁자다","4/2/26"
"위즈: 시즌 4: 나는 할 수 있어요","4/2/26"
"위즈: 시즌 4: 대단한 보물","4/2/26"
"위즈: 시즌 4: 사람은 푸딩이 아니에요","4/2/26"
"위즈: 시즌 4: 아이스박스","4/2/26"
"위즈: 시즌 4: 의미 없는 일","4/2/26"
"위즈: 시즌 4: 레이디즈 어 참","4/2/26"
"본즈: 시즌 1: 뼈를 쥔 남자","4/2/26"
"위즈: 시즌 4: 비둘기가 쫓는다고 생각하고 있어요","4/2/26"
"위즈: 시즌 3: 잘 가","4/2/26"
"위즈: 시즌 3: 보호","4/2/26"
"위즈: 시즌 3: 위험","4/2/26"
"위즈: 시즌 3: 어두운 시간","4/2/26"
"위즈: 시즌 3: 코끼리 발목","4/2/26"
"위즈: 시즌 3: 로이 틸이 전화했어","4/2/26"
"위즈: 시즌 3: 사냥개를 풀어라","4/2/26"
"위즈: 시즌 3: 스콧슨씨","4/2/26"
"위즈: 시즌 3: 차 타고 총 쏘는 법을 가르쳐줬어요","4/2/26"
"위즈: 시즌 3: 메뚜기","4/1/26"
"위즈: 시즌 3: 빌 서스만","4/1/26"
"위즈: 시즌 3: 고속도로","4/1/26"
"위즈: 시즌 3: 마리화나 춤","4/1/26"
"위즈: 시즌 3: 수영장과 돈","4/1/26"
"위즈: 시즌 3: 배영","4/1/26"
"위즈: 시즌 2: 피츠버그","4/1/26"
"위즈: 시즌 2: 그러게요, 토마토 같네요","4/1/26"
"위즈: 시즌 2: 스스로 무덤을 파고 있어","4/1/26"
"위즈: 시즌 2: 배쉬","4/1/26"
"위즈: 시즌 2: 밀프 돈","4/1/26"
"위즈: 시즌 2: 발가락을 찾아야 해","4/1/26"
"위즈: 시즌 2: 사랑에 빠진 소녀","4/1/26"
"위즈: 시즌 2: 바트윈과 이웃들","4/1/26"
"위즈: 시즌 2: 식물","4/1/26"
"위즈: 시즌 2: 동네의 마지막 적","4/1/26"
"위즈: 시즌 2: 예수님과 함께 요리","3/29/26"
"위즈: 시즌 2: 옥수수뱀","3/29/26"
"위즈: 시즌 1: 대모","3/29/26"
"위즈: 시즌 1: 라이터","3/29/26"
"본즈: 시즌 1: 사막의 두개골","3/29/26"
"위즈: 시즌 1: 신호대기 벌","3/29/26"
"위즈: 시즌 1: 고등교육","3/29/26"
"위즈: 시즌 1: 가짜 가게","3/29/26"
"위즈: 시즌 1: 루드 깨달음","3/29/26"
"위즈: 시즌 1: 패션 오브 크라이스트","3/29/26"
"위즈: 시즌 1: 마법의 사탕","3/29/26"
"위즈: 시즌 1: 공짜 염소","3/28/26"
"위즈: 시즌 1: 곰을 놓치면 안 되죠","3/28/26"
"본즈: 시즌 1: 터널 속의 여자","3/28/26"
"본즈: 시즌 1: 연구실의 시신 두 구","3/26/26"
"본즈: 시즌 1: 골프장 잔디 위의 남자","3/25/26"
"원피스: 시즌 2: 시작과 끝","3/25/26"
"교장: Kyojo: 1화","3/25/26"
"본즈: 시즌 1: 정원의 여자","3/24/26"
"본즈: 시즌 1: 골목의 슈퍼히어로","3/24/26"
"불모지대: 19화","3/22/26"
"불모지대: 18화","3/22/26"
"불모지대: 17화","3/22/26"
"불모지대: 16화","3/22/26"
"불모지대: 15화","3/22/26"
"BTS 컴백 라이브: ARIRANG","3/21/26"
"쉐임리스: 시즌 11: 은총이 가득하신 아버지 프랭크","3/21/26"
"쉐임리스: 시즌 11: 변덕쟁이, 결국 손 떼다","3/21/26"
"쉐임리스: 시즌 11: 심폐 소생 금지","3/21/26"
"쉐임리스: 시즌 11: 살아남은 자들","3/19/26"
"쉐임리스: 시즌 11: 취소","3/18/26"
"불모지대: 14화","3/18/26"
"불모지대: 13화","3/17/26"
"불모지대: 12화","3/17/26"
"쉐임리스: 시즌 11: 두 대는 바이크 숍에, 한 대는 호수에","3/17/26"
"쉐임리스: 시즌 11: 고요한 밤으로 순순히 가지... 에라 모르겠다","3/15/26"
"쉐임리스: 시즌 11: 슬로터","3/15/26"
"불모지대: 11화","3/15/26"
"불모지대: 10화","3/15/26"
"불모지대: 9화","3/15/26"
"높은 성의 사나이: 시즌 2: 호랑이 굴","3/15/26"
"높은 성의 사나이: 시즌 1: 탈출구","3/15/26"
"높은 성의 사나이: 시즌 1: 친절","3/15/26"
"높은 성의 사나이: 시즌 1: 세상의 끝","3/15/26"
"높은 성의 사나이: 시즌 1: 진실","3/14/26"
"높은 성의 사나이: 시즌 1: 세 마리의 원숭이","3/14/26"
"쉐임리스: 시즌 11: 님비 현상","3/14/26"
"높은 성의 사나이: 시즌 1: 새로운 기준","3/14/26"
"높은 성의 사나이: 시즌 1: 폭로","3/14/26"
"높은 성의 사나이: 시즌 1: 그림의 여자","3/14/26"
"높은 성의 사나이: 시즌 1: 일출","3/14/26"
"높은 성의 사나이: 시즌 1: 새로운 세상","3/14/26"
"본즈: 시즌 1: 차 안의 여자","3/13/26"
"불모지대: 8화","3/13/26"
"쉐임리스: 시즌 11: 프랜시스 프랜시스 프래니 프랭크","3/13/26"
"쉐임리스: 시즌 11: 젠트리파이어는 돌아가!","3/11/26"
"불모지대: 7화","3/11/26"
"불모지대: 6화","3/8/26"
"블라디미르: 리미티드 시리즈: 우리는 언제나 성에 살았다","3/8/26"
"워 머신: 전쟁 기계","3/8/26"
"불모지대: 5화","3/7/26"
"불모지대: 4화","3/5/26"
"불모지대: 3화","3/4/26"
"쉐임리스: 시즌 11: 여기가 바로 시카고!","3/3/26"
"불모지대: 2화","3/2/26"
"쉐임리스: 시즌 10: 갤러비치!","3/2/26"
"쉐임리스: 시즌 10: 위치가 중요해","3/2/26"
"쉐임리스: 시즌 10: 일리노이주를 떠나며","3/2/26"
"쉐임리스: 시즌 10: 오, 나의 대장님!","3/2/26"
"멘탈리스트: 시즌 1: 빨간 머리와 은색 테이프","3/2/26"
"불모지대: 1화","3/2/26"
"본즈: 시즌 1: 공항의 여자","3/1/26"
"멘탈리스트: 시즌 1: 파일럿 에피소드","3/1/26"
"쉐임리스: 시즌 10: 데비는 창녀일지도 몰라","3/1/26"
"발레리나","3/1/26"
"모터밸리: 6화","3/1/26"
"모터밸리: 5화","3/1/26"
"모터밸리: 4화","3/1/26"
"모터밸리: 3화","2/28/26"
"모터밸리: 2화","2/28/26"
"모터밸리: 1화","2/28/26"
"나이트 에이전트: 시즌 3: 암흑 속으로","2/28/26"
"쉐임리스: 시즌 10: 시민 칼","2/27/26"
"쉐임리스: 시즌 10: 아디오스, 그링고스","2/26/26"
"본즈: 시즌 1: 방공호의 남자","2/26/26"
"본즈: 시즌 1: 냉장고 속의 여자","2/26/26"
"쉐임리스: 시즌 10: 스파키","2/23/26"
"쉐임리스: 시즌 10: 작은 갤러거가 맵다","2/22/26"
"쉐임리스: 시즌 10: 어떤 미국?","2/22/26"
"나이트 에이전트: 시즌 3: 일괄 거래","2/22/26"
"나이트 에이전트: 시즌 3: 전화를 기다리며","2/22/26"
"파반느","2/22/26"
"본즈: 시즌 1: 사형수","2/21/26"
"쉐임리스: 시즌 10: 잘 자요, 왕자님, 내일은 왕좌에 올라요","2/21/26"
"쉐임리스: 시즌 9: 인정해요, 당신은 아름다워요","2/21/26"
"레이디 두아: 리미티드 시리즈: 레이디 두아","2/21/26"
"레이디 두아: 리미티드 시리즈: 김미정","2/21/26"
"레이디 두아: 리미티드 시리즈: 무적자","2/21/26"
"레이디 두아: 리미티드 시리즈: 부두아","2/21/26"
"레이디 두아: 리미티드 시리즈: 김은재","2/21/26"
"레이디 두아: 리미티드 시리즈: 목가희","2/21/26"
"레이디 두아: 리미티드 시리즈: 사라킴","2/21/26"
"레이디 두아: 리미티드 시리즈: 무명녀","2/21/26"
"쉐임리스: 시즌 10: 우리는 축복받은 갤러거 가문!","2/20/26"
"쉐임리스: 시즌 9: 우리가 되찾은 것","2/19/26"
"쉐임리스: 시즌 9: 우리가 잃어버린 것","2/19/26"
"쉐임리스: 시즌 9: 밑바닥에서","2/18/26"
"쉐임리스: 시즌 9: 노숙자 게임","2/18/26"
"쉐임리스: 시즌 9: 작은 악마들","2/18/26"
"쉐임리스: 시즌 9: 여섯쌍둥이","2/18/26"
"쉐임리스: 시즌 9: 부전자전","2/18/26"
"본즈: 시즌 1: 벽 속의 남자","2/18/26"
"쉐임리스: 시즌 9: 타이타닉 침몰","2/17/26"
"본즈: 시즌 1: 덤불 속의 소년","2/17/26"
"본즈: 시즌 1: 곰 속의 남자","2/16/26"
"본즈: 시즌 1: 나무 위의 소년","2/16/26"
"쉐임리스: 시즌 9: 검은 머리 진저","2/16/26"
"쉐임리스: 시즌 9: 화이트에게 한 표를!","2/16/26"
"쉐임리스: 시즌 9: 괴짜 갤러거의 소용돌이","2/16/26"
"본즈: 시즌 1: SUV에 탄 남자","2/16/26"
"본즈: 시즌 1: 파일럿 에피소드","2/16/26"
"언퍼밀리어: 16년","2/16/26"
"쉐임리스: 시즌 9: 참된 정치인","2/16/26"
"쉐임리스: 시즌 9: 안녕하세요, 하나님? 저 이안이에요","2/15/26"
"쉐임리스: 시즌 8: 몽유병","2/15/26"
"쉐임리스: 시즌 8: 갤러거 페디큐어","2/15/26"
"빅 페이크","2/15/26"
"쉐임리스: 시즌 8: 게이 예수 교회","2/13/26"
"쉐임리스: 시즌 8: 푸지스","2/12/26"
"쉐임리스: 시즌 8: 프랭크의 남북 셔틀 특급","2/11/26"
"쉐임리스: 시즌 8: 피오나를 점령하라","2/10/26"
"쉐임리스: 시즌 8: 이카로스의 추락","2/10/26"
"쉐임리스: 시즌 8: 리암의 (잘못된) 교육","2/8/26"
"쉐임리스: 시즌 8: 돌고 도는 세상","2/8/26"
"화려한 일족: 10화","2/8/26"
"화려한 일족: 9화","2/8/26"
"화려한 일족: 8화","2/8/26"
"화려한 일족: 7화","2/8/26"
"화려한 일족: 6화","2/8/26"
"화려한 일족: 5화","2/8/26"
"화려한 일족: 4화","2/8/26"
"화려한 일족: 3화","2/8/26"
"쉐임리스: 시즌 8: 썩어가는 영혼을 축복하소서","2/7/26"
"화려한 일족: 2화","2/7/26"
"화려한 일족: 第一回","2/7/26"
"쉐임리스: 시즌 8: 내 약 어딨어? !","2/7/26"
"쉐임리스: 시즌 8: 다들 프랭크하세요","2/6/26"
"쉐임리스: 시즌 7: 매춘부를 위한 레퀴엠","2/5/26"
"쉐임리스: 시즌 7: 오래오래 행복하게","2/5/26"
"쉐임리스: 시즌 7: 절대적인 내 편","2/5/26"
"쉐임리스: 시즌 7: 우로보로스","2/4/26"
"쉐임리스: 시즌 7: 저한테 세탁소 파셨잖아요","2/2/26"
"쉐임리스: 시즌 7: 넌 절대 못 해","2/2/26"
"쉐임리스: 시즌 7: 창밖으로 내쳐진 프랭크","2/1/26"
"쉐임리스: 시즌 7: 소유권 주장하기","2/1/26"
"쉐임리스: 시즌 7: 나는 태풍이다","1/31/26"
"쉐임리스: 시즌 7: 내 집 같은 노숙자 보호소","1/31/26"
"쉐임리스: 시즌 7: 고르고, 자고, 헤어지고","1/31/26"
"쉐임리스: 시즌 7: 향수병","1/30/26"
"쉐임리스: 시즌 6: 무엇보다 가족이 우선","1/29/26"
"쉐임리스: 시즌 6: 잠자긴 글렀군","1/27/26"
"쉐임리스: 시즌 6: 잃어버린 천국","1/27/26"
"쉐임리스: 시즌 6: 각자의 텐트","1/25/26"
"쉐임리스: 시즌 6: 착하게 굴고 할머니에게 와","1/25/26"
"쉐임리스: 시즌 6: 포주의 천국","1/24/26"
"쉐임리스: 시즌 6: 후방주의","1/24/26"
"쉐임리스: 시즌 6: 난민","1/23/26"
"쉐임리스: 시즌 6: 하나, 둘","1/23/26"
"쉐임리스: 시즌 6: F 워드","1/22/26"
"쉐임리스: 시즌 6: 낙태가 최고","1/22/26"
"쉐임리스: 시즌 6: 숨 쉴 때마다 그리워","1/21/26"
"쉐임리스: 시즌 5: 러브 송","1/21/26"
"쉐임리스: 시즌 5: 드러그 액츄얼리","1/20/26"
"쉐임리스: 시즌 5: 사우스사이드의 법칙","1/20/26"
"쉐임리스: 시즌 5: 칼의 첫 선고","1/18/26"
"론 서바이버","1/18/26"
"쉐임리스: 시즌 5: 칼 삼촌","1/17/26"
"쉐임리스: 시즌 5: 내가 필요하다고 말해요","1/17/26"
"더 립","1/17/26"
"그의 이야기 & 그녀의 이야기: 리미티드 시리즈: 2화","1/16/26"
"그의 이야기 & 그녀의 이야기: 리미티드 시리즈: 1화","1/16/26"
"쉐임리스: 시즌 5: 미친 사랑","1/14/26"
"쉐임리스: 시즌 5: 통과 의례","1/14/26"
"쉐임리스: 시즌 5: 기억할 만한 밤?","1/13/26"
"쉐임리스: 시즌 5: 두 명의 리사","1/12/26"
"쉐임리스: 시즌 5: 제가 간입니다","1/11/26"
"네가 사라진 날: 리미티드 시리즈: 우리만 아는 것","1/11/26"
"네가 사라진 날: 리미티드 시리즈: 슬라이딩 도어즈","1/11/26"
"네가 사라진 날: 리미티드 시리즈: 내가 알던 그 사람","1/11/26"
"네가 사라진 날: 리미티드 시리즈: 빛나는 진리여, 영원하라","1/11/26"
"네가 사라진 날: 리미티드 시리즈: 지금이랑 다른 시절","1/11/26"
"네가 사라진 날: 리미티드 시리즈: 인내심이 무너진 순간","1/11/26"
"네가 사라진 날: 리미티드 시리즈: 기다리는 동안 타투","1/11/26"
"네가 사라진 날: 리미티드 시리즈: 보이는 것만 믿는다","1/11/26"
"스타트업: 시즌 1: 투자금","1/11/26"
"쉐임리스: 시즌 5: 신들의 우유","1/10/26"
"쉐임리스: 시즌 4: 실패를 딛고 일어서는 자","1/10/26"
"쉐임리스: 시즌 4: 에밀리","1/10/26"
"쉐임리스: 시즌 4: 간이라니, 나 걔 잘 몰라","1/10/26"
"쉐임리스: 시즌 4: 보니와 칼의 전설","1/10/26"
"쉐임리스: 시즌 4: 아빠는 희망을 버리지 않는다","1/10/26"
"쉐임리스: 시즌 4: 죄수, 병자, 순교자, 자해자, 저능아, 그리고 기생 쌍둥이","1/8/26"
"쉐임리스: 시즌 4: 아이언 시티","1/7/26"
"쉐임리스: 시즌 4: 그것이 문제로다","1/5/26"
"쉐임리스: 시즌 4: 열차 안의 낯선 자들","1/5/26"
"쉐임리스: 시즌 4: 그 아버지에 그 딸","1/4/26"
"쉐임리스: 시즌 4: 나의 큰딸","1/3/26"
"쉐임리스: 시즌 4: 소박한 즐거움","1/2/26"
"쉐임리스: 시즌 3: 적자생존","1/2/26"
"쉐임리스: 시즌 3: 룸서비스를 시키다","1/1/26"
"기묘한 이야기: 기묘한 이야기 5: 제1장 침투","1/1/26"
"시티 오브 섀도우: 리미티드 시리즈: 사그라다 파밀리아","12/31/25"
"시티 오브 섀도우: 리미티드 시리즈: 구엘 별장","12/31/25"
"시티 오브 섀도우: 리미티드 시리즈: 구엘 공원","12/31/25"
"시티 오브 섀도우: 리미티드 시리즈: 구엘 성당","12/31/25"
"쉐임리스: 시즌 3: 권리 침해","12/30/25"
"시티 오브 섀도우: 리미티드 시리즈: 구엘 저택","12/30/25"
"시티 오브 섀도우: 리미티드 시리즈: 카사 밀라 - 라 페드레라","12/30/25"
"쉐임리스: 시즌 3: 배관공 프랭크","12/29/25"
"쉐임리스: 시즌 3: 의지가 있는 곳에","12/29/25"
"쉐임리스: 시즌 3: 집에서 멀리멀리","12/29/25"
"쉐임리스: 시즌 3: 실패의 연속","12/29/25"
"밤은 혼자다: 반살가 살인 사건","12/29/25"
"쉐임리스: 시즌 3: 보호자의 죄목","12/28/25"
"쉐임리스: 시즌 3: 협조적인 갤러거 가족","12/28/25"
"크리스탈 뻐꾸기: 리미티드 시리즈: 6화","12/27/25"
"크리스탈 뻐꾸기: 리미티드 시리즈: 5화","12/27/25"
"크리스탈 뻐꾸기: 리미티드 시리즈: 4화","12/27/25"
"크리스탈 뻐꾸기: 리미티드 시리즈: 3화","12/27/25"
"크리스탈 뻐꾸기: 리미티드 시리즈: 2화","12/27/25"
"크리스탈 뻐꾸기: 리미티드 시리즈: 1화","12/27/25"
"쉐임리스: 시즌 3: 울타리를 다듬어 드려도 될까요?","12/25/25"
"쉐임리스: 시즌 3: 아메리칸드림","12/25/25"
"해벅","12/25/25"
"쉐임리스: 시즌 3: 그랜드 캐니언","12/25/25"
"쉐임리스: 시즌 2: 피오나 방해받다","12/23/25"
"쉐임리스: 시즌 2: 순례자들의 계획대로","12/23/25"
"쉐임리스: 시즌 2: 대의","12/22/25"
"쉐임리스: 시즌 2: 허리케인 같은 모니카","12/21/25"
"쉐임리스: 시즌 2: 부모 노릇","12/21/25"
"가타오: 암흑가의 형제들","12/21/25"
"쉐임리스: 시즌 2: 진 네이트 한 병","12/21/25"
"진: Jin (Final): 11화","12/20/25"
"진: Jin (Final): 10화","12/20/25"
"진: Jin (Final): 9화","12/20/25"
"진: Jin (Final): 8화","12/20/25"
"진: Jin (Final): 7화","12/20/25"
"진: Jin (Final): 6화","12/20/25"
"진: Jin (Final): 5화","12/20/25"
"진: Jin (Final): 4화","12/18/25"
"진: Jin (Final): 3화","12/18/25"
"진: Jin (Final): 2화","12/18/25"
"나이브스 아웃: 글래스 어니언","12/18/25"
"나이브스 아웃: 웨이크 업 데드 맨","12/14/25"
"그을린 사랑","12/13/25"
"진: Jin (Final): 1화","12/12/25"
"자백의 대가: 12화","12/7/25"
"자백의 대가: 11화","12/7/25"
"자백의 대가: 10화","12/7/25"
"자백의 대가: 9화","12/7/25"
"자백의 대가: 8화","12/7/25"
"자백의 대가: 7화","12/7/25"
"자백의 대가: 6화","12/7/25"
"자백의 대가: 5화","12/7/25"
"자백의 대가: 4화","12/6/25"
"자백의 대가: 3화","12/6/25"
"자백의 대가: 2화","12/6/25"
"자백의 대가: 1화","12/6/25"
"이쿠사가미: 전쟁의 신: 사투","12/6/25"
"이쿠사가미: 전쟁의 신: 망령","12/6/25"
"이쿠사가미: 전쟁의 신: 흑막","12/6/25"
"이쿠사가미: 전쟁의 신: 숙명","12/6/25"
"이쿠사가미: 전쟁의 신: 각성","12/5/25"
"이쿠사가미: 전쟁의 신: 코도쿠","12/5/25"
"바람의 검심 최종장: 더 비기닝","12/3/25"
"바람의 검심 최종장: 더 파이널","12/2/25"
"쉐임리스: 시즌 2: 나도 엄마가 있었으면","12/1/25"
"바람의 검심: 전설의 최후편","12/1/25"
"바람의 검심: 교토 대화재편","11/29/25"
"진: Jin: 11화","11/28/25"
"진: Jin: 10화","11/28/25"
"쉐임리스: 시즌 2: 아버지의 날","11/23/25"
"진: Jin: 9화","11/23/25"
"어쩌면, 무모한","11/23/25"
"앱센시아: 시즌 1: 에밀리 쇼","11/23/25"
"앱센시아: 시즌 1: 리셋","11/23/25"
"앱센시아: 시즌 1: 귀환","11/23/25"
"내 안의 괴물: 리미티드 시리즈: 마지막 말","11/23/25"
"내 안의 괴물: 리미티드 시리즈: 유령들","11/22/25"
"내 안의 괴물: 리미티드 시리즈: 괴물과 나","11/22/25"
"내 안의 괴물: 리미티드 시리즈: 광란의 밤","11/22/25"
"내 안의 괴물: 리미티드 시리즈: 타나토스","11/22/25"
"내 안의 괴물: 리미티드 시리즈: 쉬쉬하는 문제","11/22/25"
"내 안의 괴물: 리미티드 시리즈: 외롭고 싶지 않아서","11/22/25"
"내 안의 괴물: 리미티드 시리즈: 미친 강아지","11/22/25"
"바람의 검심","11/21/25"
"기묘한 이야기: 기묘한 이야기 4: 제9장 어둠 속으로","11/19/25"
"기묘한 이야기: 기묘한 이야기 4: 제8장 파파","11/16/25"
"기묘한 이야기: 기묘한 이야기 4: 제7장 호킨스 연구소의 학살","11/16/25"
"기묘한 이야기: 기묘한 이야기 4: 제6장 더욱 깊은 곳으로","11/15/25"
"기묘한 이야기: 기묘한 이야기 4: 제5장 니나 프로젝트","11/15/25"
"기묘한 이야기: 기묘한 이야기 4: 제4장 빌리에게","11/15/25"
"기묘한 이야기: 기묘한 이야기 4: 제3장 괴물과 슈퍼히어로","11/14/25"
"기묘한 이야기: 기묘한 이야기 4: 제2장 저주","11/12/25"
"기묘한 이야기: 기묘한 이야기 4: 제1장 그들의 클럽","11/12/25"
"진: Jin: 8화","11/10/25"
"스로어웨이즈","11/9/25"
"스펜서 컨피덴셜","11/9/25"
"역습","11/9/25"
"테이크오버","11/9/25"
"기묘한 이야기: 기묘한 이야기 3: 제8장 스타코트 전투","11/9/25"
"기묘한 이야기: 기묘한 이야기 3: 제7장 일레븐의 상처","11/9/25"
"기묘한 이야기: 기묘한 이야기 3: 제6장 해변의 소년","11/9/25"
"기묘한 이야기: 기묘한 이야기 3: 제5장 감염자들","11/9/25"
"기묘한 이야기: 기묘한 이야기 3: 제4장 추적","11/9/25"
"기묘한 이야기: 기묘한 이야기 3: 제3장 헤더에게 생긴 일","11/9/25"
"기묘한 이야기: 기묘한 이야기 3: 제2장 암호","11/8/25"
"기묘한 이야기: 기묘한 이야기 3: 제1장 무전","11/8/25"
"프랑켄슈타인: 해부학 수업","11/8/25"
"프랑켄슈타인","11/8/25"
"알리시아답게: 알레호","11/8/25"
"알리시아답게: 결혼식","11/8/25"
"쉐임리스: 시즌 2: 아름다운 혼란","11/6/25"
"진: Jin: 7화","11/6/25"
"쉐임리스: 시즌 2: 매일 널 위해 초를 밝힐게","11/4/25"
"진: Jin: 6화","11/4/25"
"워 2","11/4/25"
"쉐임리스: 시즌 2: 여름 동안의 사랑","11/3/25"
"진: Jin: 5화","11/3/25"
"위장 수사: 시즌 1: 가짜 신분","11/3/25"
"쉐임리스: 시즌 2: 여름","11/2/25"
"쉐임리스: 시즌 1: 은총이 가득하신 아버지 프랭크","11/2/25"
"진: Jin: 4화","11/2/25"
"웰컴 투 서든 데스","11/2/25"
"암살자 네로: 암살자","11/2/25"
"쉐임리스: 시즌 1: 파파걸","11/1/25"
"쉐임리스: 시즌 1: 나나 갤러거의 일","11/1/25"
"고주일척","11/1/25"
"푼돈 도박꾼의 노래","11/1/25"
"쉐임리스: 시즌 1: 적어도 노크는 하자","11/1/25"
"진: Jin: 3화","11/1/25"
"쉐임리스: 시즌 1: 거북이를 죽일 시간","10/30/25"
"진: Jin: 2화","10/30/25"
"진: Jin: 1화","10/29/25"
"그녀는 어둠 속을 걷는다","10/26/25"
"쉐임리스: 시즌 1: 프랭크 갤러거: 다정한 남편, 헌신적인 아버지","10/25/25"
"쉐임리스: 시즌 1: 킬러 칼","10/25/25"
"쉐임리스: 시즌 1: 세 명의 소년","10/25/25"
"마리아","10/24/25"
"케이프 피어","10/24/25"
"쉐임리스: 시즌 1: 캐시","10/23/25"
"스타트렉: 넥스트 제너레이션: 시즌 3: 감시자들을 감시하는 자","10/23/25"
"쉐임리스: 시즌 1: 진저 이모","10/22/25"
"28년 후","10/22/25"
"쉐임리스: 시즌 1: 프랭크와 플랭크","10/21/25"
"스타트렉: 넥스트 제너레이션: 시즌 3: 생존자","10/21/25"
"쉐임리스: 시즌 1: 파일럿 에피소드","10/21/25"
"미래상점: 베스트셀러 작가(3)","10/19/25"
"미래상점: 베스트셀러 작가(2)","10/19/25"
"미래상점: 베스트셀러 작가(1)","10/19/25"
"부트캠프: 크루서블","10/19/25"
"부트캠프: 사랑은 전쟁이다","10/19/25"
"부트캠프: 우리가 짊어진 무게","10/18/25"
"부트캠프: 과녁의 정중앙","10/18/25"
"부트캠프: 죽기 아니면 살기","10/18/25"
"부트캠프: 자신감 강화 훈련","10/18/25"
"부트캠프: 버디 시스템","10/18/25"
"부트캠프: 핑크 마린","10/18/25"
"사냥하는 아내들: 시즌 1: 소피의 선택","10/18/25"
"사냥하는 아내들: 시즌 1: 별똥별","10/18/25"
"사냥하는 아내들: 시즌 1: 텍사스 심장부에서","10/18/25"
"사냥하는 아내들: 시즌 1: 처음도 아니잖아","10/18/25"
"사냥하는 아내들: 시즌 1: 치팅 데이","10/18/25"
"사냥하는 아내들: 시즌 1: 아침 해가 들려주는 진실","10/18/25"
"사냥하는 아내들: 시즌 1: 뜨거운 밤","10/18/25"
"사냥하는 아내들: 시즌 1: 낯설고 이상한 곳","10/18/25"
"우먼 인 캐빈 10","10/16/25"
"스파르타쿠스: 최후의 전쟁: 진정한 승리","10/15/25"
"스파르타쿠스: 최후의 전쟁: 죽은 자와 죽을 자","10/15/25"
"스파르타쿠스: 최후의 전쟁: 각자의 길","10/15/25"
"스파르타쿠스: 최후의 전쟁: 죽음은 속일 수 없다","10/13/25"
"스파르타쿠스: 최후의 전쟁: 전리품","10/13/25"
"스파르타쿠스: 최후의 전쟁: 피를 나눈 형제","10/12/25"
"스파르타쿠스: 최후의 전쟁: 대학살","10/12/25"
"스파르타쿠스: 최후의 전쟁: 명예로운 자들","10/12/25"
"스파르타쿠스: 최후의 전쟁: 문 앞의 늑대들","10/12/25"
"스파르타쿠스: 최후의 전쟁: 로마의 적들","10/12/25"
"스파르타쿠스: 복수의 시작: 신의 분노","10/12/25"
"스파르타쿠스: 복수의 시작: 괴물들","10/12/25"
"스파르타쿠스: 복수의 시작: 균형","10/12/25"
"스파르타쿠스: 복수의 시작: 맹세","10/12/25"
"스파르타쿠스: 복수의 시작: 선택한 길","10/12/25"
"스파르타쿠스: 갓 오브 아레나: 달콤한 포도주의 진실","10/12/25"
"스파르타쿠스: 갓 오브 아레나: 최후","10/12/25"
"스파르타쿠스: 갓 오브 아레나: 희생","10/12/25"
"스파르타쿠스: 복수의 시작: 노예에서 해방된 자유인","10/12/25"
"진격의 거인: 진격의 거인 1기: 절망 속에서 희미하게 빛나다 - 인류의 재기 1","10/12/25"
"스파르타쿠스: 복수의 시작: 빈 손","10/12/25"
"스파르타쿠스: 복수의 시작: 대의를 위한 거짓말","10/11/25"
"스파르타쿠스: 복수의 시작: 오직 한 곳","10/11/25"
"스파르타쿠스: 복수의 시작: 도망자","10/11/25"
"C.I.D: Episodes (1-25): 21-12-2024 Sniper Rifle Murderer","10/11/25"
"원피스: 이스트 블루: 1화","10/11/25"
"원피스: 이스트 블루: 2화","10/11/25"
"스타트렉: 넥스트 제너레이션: 시즌 3: 사령부의 깃발","10/11/25"
"괴물: 에드 게인 이야기: 대부","10/9/25"
"괴물: 에드 게인 이야기: 햄 무전기","10/9/25"
"괴물: 에드 게인 이야기: 살집 있는 여자","10/8/25"
"괴물: 에드 게인 이야기: 얼음","10/8/25"
"괴물: 에드 게인 이야기: 초록","10/6/25"
"괴물: 에드 게인 이야기: 보모","10/6/25"
"괴물: 에드 게인 이야기: 어두운 비밀, 깊어지는 광기","10/5/25"
"괴물: 에드 게인 이야기: 어머니!","10/5/25"
"소년의 시간: 리미티드 시리즈: 4화","10/5/25"
"소년의 시간: 리미티드 시리즈: 3화","10/5/25"
"소년의 시간: 리미티드 시리즈: 2화","10/5/25"
"소년의 시간: 리미티드 시리즈: 1화","10/5/25"
"아웃사이더는 오늘도 달린다: 시즌 1: 일곱 번째 승부","10/3/25"
"아웃사이더는 오늘도 달린다: 시즌 1: 플레이오프","10/3/25"
"아웃사이더는 오늘도 달린다: 시즌 1: 달라진 흐름","10/3/25"
"아웃사이더는 오늘도 달린다: 시즌 1: 여자의 적","10/3/25"
"아웃사이더는 오늘도 달린다: 시즌 1: 입스가 뭔지","10/3/25"
"아웃사이더는 오늘도 달린다: 시즌 1: 비셰르트","10/3/25"
"아웃사이더는 오늘도 달린다: 시즌 1: 돌잔치","10/3/25"
"아웃사이더는 오늘도 달린다: 시즌 1: 트래비스 버그 사건","10/3/25"
"아웃사이더는 오늘도 달린다: 시즌 1: 조 페시","10/3/25"
"아웃사이더는 오늘도 달린다: 시즌 1: 파일럿 에피소드","10/3/25"
"스티브","10/3/25"
"다 이루어질지니: 1화","10/3/25"
"은중과 상연: 리미티드 시리즈: 2화","9/30/25"
"은중과 상연: 리미티드 시리즈: 1화","9/30/25"
"은중과 상연: 리미티드 시리즈: 15화","9/30/25"
"은중과 상연: 리미티드 시리즈: 14화","9/30/25"
"은중과 상연: 리미티드 시리즈: 13화","9/30/25"
"은중과 상연: 리미티드 시리즈: 12화","9/28/25"
"은중과 상연: 리미티드 시리즈: 11화","9/28/25"
"은중과 상연: 리미티드 시리즈: 10화","9/28/25"
"은중과 상연: 리미티드 시리즈: 9화","9/28/25"
"은중과 상연: 리미티드 시리즈: 8화","9/28/25"
"은중과 상연: 리미티드 시리즈: 7화","9/28/25"
"은중과 상연: 리미티드 시리즈: 6화","9/28/25"
"은중과 상연: 리미티드 시리즈: 5화","9/28/25"
"은중과 상연: 리미티드 시리즈: 4화","9/28/25"
"은중과 상연: 리미티드 시리즈: 3화","9/28/25"
"사마귀","9/27/25"
"하우스 오브 기네스: 2화","9/27/25"
"하우스 오브 기네스: 1화","9/27/25"
"스타트렉: 넥스트 제너레이션: 시즌 3: 진화","9/27/25"
"스타트렉: 넥스트 제너레이션: 시즌 2: 회색의 그늘","9/24/25"
"스타트렉: 넥스트 제너레이션: 시즌 2: 최고의 성과","9/24/25"
"억만장자들의 벙커: 록산 없는 2분","9/21/25"
"억만장자들의 벙커: 나 없이 살아봐","9/21/25"
"억만장자들의 벙커: 잠깐 머무를 여자","9/21/25"
"억만장자들의 벙커: 진실은 과대평가된 것","9/21/25"
"억만장자들의 벙커: 백만장자의 모순","9/21/25"
"억만장자들의 벙커: 부자가 싫어","9/21/25"
"억만장자들의 벙커: 인류를 속인 가장 거대한 사기","9/20/25"
"억만장자들의 벙커: 지옥에서 돌아온 자","9/20/25"
"바닐라 스카이","9/20/25"
"블랙 래빗: 리미티드 시리즈: 블랙 래빗","9/20/25"
"블랙 래빗: 리미티드 시리즈: 사이클론","9/20/25"
"굿 윌 헌팅","9/18/25"
"진격의 거인: 진격의 거인 1기: 그 날 - 시간시나 함락 2","9/14/25"
"진격의 거인: 진격의 거인 1기: 2천 년 후의 너에게 - 시간시나 함락 1","9/14/25"
"크레이븐 더 헌터","9/13/25"
"호스티지: 리미티드 시리즈: 5화","9/8/25"
"호스티지: 리미티드 시리즈: 4화","9/8/25"
"호스티지: 리미티드 시리즈: 3화","9/8/25"
"호스티지: 리미티드 시리즈: 2화","9/8/25"
"호스티지: 리미티드 시리즈: 1화","9/8/25"
"하우스: 시즌 8: 벼랑 끝에 선 하우스","9/7/25"
"하우스: 시즌 8: 백조의 노래","9/7/25"
"하우스: 시즌 8: 슬픔에 대처하는 자세","9/7/25"
"하우스: 시즌 8: 걷는 시체 증후군","9/7/25"
"하우스: 시즌 8: 암에 걸린 종양학자","9/7/25"
"하우스: 시즌 8: 신들린 몽골 소년","9/7/25"
"하우스: 시즌 8: 피그말리온의 피눈물","9/7/25"
"하우스: 시즌 8: 보이는 것이 다가 아니다","9/7/25"
"노스맨","9/6/25"
"하우스: 시즌 8: 하얀 알약의 부작용","9/6/25"
"하우스: 시즌 8: 사랑에 눈 먼 사람들","9/6/25"
"하우스: 시즌 8: 호르몬이 부족한 남자","9/6/25"
"하우스: 시즌 8: 수녀를 사랑한 남자","9/3/25"
"하우스: 시즌 8: 구멍난 심장","9/3/25"
"하우스: 시즌 8: 가족 회피 신드롬","9/2/25"
"하우스: 시즌 8: 변종 알츠하이머","9/2/25"
"우리들의 사계절: 시즌 1: 모두의 장례식","9/1/25"
"우리들의 사계절: 시즌 1: 스키 여행","9/1/25"
"우리들의 사계절: 시즌 1: 얼티밋 프리스비","9/1/25"
"우리들의 사계절: 시즌 1: 가족과 함께하는 주말","8/31/25"
"우리들의 사계절: 시즌 1: 해변 바에서","8/31/25"
"우리들의 사계절: 시즌 1: 친환경 리조트","8/31/25"
"우리들의 사계절: 시즌 1: 가든 파티","8/31/25"
"우리들의 사계절: 시즌 1: 레이크 하우스","8/31/25"
"미스터 션샤인: 24화","8/31/25"
"미스터 션샤인: 23화","8/31/25"
"미스터 션샤인: 22화","8/31/25"
"미스터 션샤인: 21화","8/31/25"
"미스터 션샤인: 20화","8/31/25"
"미스터 션샤인: 19화","8/31/25"
"미스터 션샤인: 18화","8/31/25"
"미스터 션샤인: 17화","8/31/25"
"레드 노티스","8/30/25"
"판타지 축구가 인생을 망쳤다","8/30/25"
"미스터 션샤인: 16화","8/30/25"
"미스터 션샤인: 15화","8/30/25"
"미스터 션샤인: 14화","8/30/25"
"목요일 살인 클럽","8/29/25"
"미스터 션샤인: 13화","8/25/25"
"폴 포 미","8/24/25"
"미스터 션샤인: 12화","8/24/25"
"미스터 션샤인: 11화","8/24/25"
"미스터 션샤인: 10화","8/24/25"
"미지의 서울: 리미티드 시리즈: 마지막 첫 페이지","8/24/25"
"미지의 서울: 리미티드 시리즈: 그 문장의 끝에서","8/24/25"
"미지의 서울: 리미티드 시리즈: 당신을 읽는 시간","8/23/25"
"미지의 서울: 리미티드 시리즈: 다시, 그곳으로","8/23/25"
"미지의 서울: 리미티드 시리즈: 이상한 하나","8/23/25"
"애마: 리미티드 시리즈: 6화","8/23/25"
"애마: 리미티드 시리즈: 5화","8/23/25"
"애마: 리미티드 시리즈: 4화","8/23/25"
"애마: 리미티드 시리즈: 3화","8/23/25"
"애마: 리미티드 시리즈: 2화","8/23/25"
"애마: 리미티드 시리즈: 1화","8/23/25"
"미지의 서울: 리미티드 시리즈: 나무 속 아이","8/22/25"
"미지의 서울: 리미티드 시리즈: 달 같은 바보","8/22/25"
"백 인 액션","8/21/25"
"미지의 서울: 리미티드 시리즈: 그대와 혼자서","8/20/25"
"미스터 션샤인: 9화","8/17/25"
"미스터 션샤인: 8화","8/17/25"
"미지의 서울: 리미티드 시리즈: 나의 천적","8/17/25"
"미지의 서울: 리미티드 시리즈: 똑똑, 문 좀 열어주세요","8/17/25"
"미지의 서울: 리미티드 시리즈: 만점자의 오답노트","8/17/25"
"미지의 서울: 리미티드 시리즈: 미지未知;아직 모른다","8/17/25"
"밤은 늘 찾아온다","8/16/25"
"미스터 션샤인: 7화","8/16/25"
"미스터 션샤인: 6화","8/16/25"
"미스터 션샤인: 5화","8/16/25"
"미스터 션샤인: 4화","8/16/25"
"미스터 션샤인: 3화","8/16/25"
"미스터 션샤인: 2화","8/16/25"
"미스터 션샤인: 1화","8/15/25"
"하우스: 시즌 8: 편집증의 폐해","8/12/25"
"신의 분노","8/11/25"
"스위트 걸","8/10/25"
"진실한 인생","8/10/25"
"웬즈데이: 시즌 2: 고통이 스스로 말할 수 있다면","8/10/25"
"웬즈데이: 시즌 2: 고통의 부름","8/10/25"
"웬즈데이: 시즌 2: 내가 아는 악마","8/9/25"
"웬즈데이: 시즌 2: 새로운 시작은 울적하게","8/9/25"
"브레이즌","8/5/25"
"하우스: 시즌 8: 두 환자","8/4/25"
"트리거: 리미티드 시리즈: 10화","8/3/25"
"트리거: 리미티드 시리즈: 9화","8/3/25"
"트리거: 리미티드 시리즈: 8화","8/3/25"
"트리거: 리미티드 시리즈: 7화","8/3/25"
"트리거: 리미티드 시리즈: 6화","8/3/25"
"트리거: 리미티드 시리즈: 5화","8/3/25"
"트리거: 리미티드 시리즈: 4화","8/3/25"
"트리거: 리미티드 시리즈: 3화","8/3/25"
"트리거: 리미티드 시리즈: 2화","8/3/25"
"트리거: 리미티드 시리즈: 1화","8/3/25"
"지워지지 않는: 아이언 워치","8/3/25"
"지워지지 않는: 유다","8/3/25"
"지워지지 않는: 소돔과 고모라","8/3/25"
"지워지지 않는: 성자와 죄인","8/3/25"
"지워지지 않는: 믿음을 가져야 해","8/2/25"
"지워지지 않는: 내부의 여자","8/2/25"
"정원사: 리미티드 시리즈: 대서양의 정원","8/2/25"
"하우스: 시즌 8: 부모","8/1/25"
"옥스퍼드에서의 날들","8/1/25"
"하우스: 시즌 8: 고백","8/1/25"
"말할 수 없는 죄: 절망","8/1/25"
"말할 수 없는 죄: 함정","7/31/25"
"말할 수 없는 죄: 재회","7/31/25"
"하우스: 시즌 8: 위험한 내기","7/30/25"
"하우스: 시즌 8: 적선","7/30/25"
"사무라이의 시대: 리미티드 시리즈: 전쟁의 끝","7/29/25"
"사무라이의 시대: 리미티드 시리즈: 재앙이 온다","7/29/25"
"사무라이의 시대: 리미티드 시리즈: 완전한 통치","7/29/25"
"사무라이의 시대: 리미티드 시리즈: 마왕이라 불린 사내","7/29/25"
"사무라이의 시대: 리미티드 시리즈: 권력을 향해","7/29/25"
"사무라이의 시대: 리미티드 시리즈: 노부나가의 비상","7/29/25"
"해피 길모어","7/28/25"
"해피 길모어 2","7/28/25"
"하우스: 시즌 8: 이식","7/27/25"
"하우스: 시즌 8: 비코딘 스무 알","7/27/25"
"하우스: 시즌 7: 참아왔던 분노","7/27/25"
"하우스: 시즌 7: 간밤에 생긴 일","7/27/25"
"하우스: 시즌 7: 의문의 백색 가루","7/27/25"
"하우스: 시즌 7: 대박 맞은 남자","7/27/25"
"하우스: 시즌 7: 마지막 관문","7/27/25"
"어두운 태양 아래: 좋은 엄마","7/27/25"
"어두운 태양 아래: 진실을 말해","7/27/25"
"어두운 태양 아래: 포기란 없다","7/27/25"
"어두운 태양 아래: 모든 게 무너지는 순간","7/27/25"
"어두운 태양 아래: 누군가는 알고 있었다","7/27/25"
"어두운 태양 아래: 함정","7/27/25"
"유리 돔: 리미티드 시리즈: 6화","7/26/25"
"유리 돔: 리미티드 시리즈: 5화","7/26/25"
"유리 돔: 리미티드 시리즈: 4화","7/26/25"
"유리 돔: 리미티드 시리즈: 3화","7/26/25"
"유리 돔: 리미티드 시리즈: 2화","7/26/25"
"유리 돔: 리미티드 시리즈: 1화","7/26/25"
"99.9: 형사 전문 변호사: 시즌 1: 1화","7/25/25"
"야망의 함정","7/23/25"
"블러드 레드 스카이","7/21/25"
"카오스","7/20/25"
"아틀라스","7/20/25"
"언테임드: 모든 길의 끝","7/20/25"
"언테임드: 테르시스","7/20/25"
"언테임드: 골드러시","7/19/25"
"언테임드: 엘 오윈","7/19/25"
"언테임드: 이름 없는 사망자","7/19/25"
"언테임드: 천문 현상","7/19/25"
"하우스: 시즌 7: 파헤치기","7/17/25"
"이시코와 하네오 -그런 일로 고소합니까?-: 1화","7/16/25"
"하우스: 시즌 7: 계속되는 추락","7/16/25"
"워터프론트: 항로를 잃다","7/15/25"
"워터프론트: 배신의 대가","7/15/25"
"워터프론트: 사냥의 계절","7/15/25"
"워터프론트: 난 껴안아야 해요","7/13/25"
"워터프론트: 버클리 집안은 못 믿어요","7/13/25"
"워터프론트: 불장난","7/13/25"
"워터프론트: 통제","7/13/25"
"워터프론트: 아슬아슬하게 좋아","7/13/25"
"하우스: 시즌 7: 추락","7/12/25"
"하우스: 시즌 7: 너무 큰 충격","7/12/25"
"브릭","7/12/25"
"지암","7/12/25"
"어쩌다 파트너","7/12/25"
"하우스: 시즌 7: 불황에도 끄떡없다!","7/10/25"
"하우스: 시즌 7: 두 개의 이야기","7/10/25"
"하우스: 시즌 7: 이것만은 기억하라","7/10/25"
"하우스: 시즌 7: 가정 의학","7/10/25"
"하우스: 시즌 7: 당근과 채찍","7/10/25"
"하우스: 시즌 7: 영웅","7/9/25"
"하우스: 시즌 7: 작은 희생","7/8/25"
"하우스: 시즌 7: 돌아온 천연두","7/6/25"
"히트","7/6/25"
"하우스: 시즌 7: 사내 정치","7/6/25"
"하우스: 시즌 7: 하우스, 아빠되기","7/6/25"
"하우스: 시즌 7: 마사지","7/6/25"
"하우스: 시즌 7: 결말","7/5/25"
"하우스: 시즌 7: 이기심","7/5/25"
"하우스: 시즌 7: 불안","7/5/25"
"하우스: 시즌 6: 구조","7/5/25"
"하우스: 시즌 6: 홀로서기","7/5/25"
"올드 가드 2","7/3/25"
"타이어!: 시즌 2: HR","6/29/25"
"하우스: 시즌 6: 선택","6/29/25"
"하우스: 시즌 6: 결혼","6/29/25"
"크리미널 코드: 시즌 2: 지상 낙원","6/28/25"
"크리미널 코드: 시즌 2: 쫓는 자와 쫓기는 자","6/28/25"
"크리미널 코드: 시즌 2: 게임은 시작됐다","6/28/25"
"스트리밍","6/28/25"
"푸바: 시즌 2: 한 지붕 아래","6/22/25"
"카피캣","6/22/25"
"하우스: 시즌 6: 기사의 이상","6/19/25"
"하우스: 시즌 6: 진실과 벌칙","6/19/25"
"하우스: 시즌 6: 블랙홀","6/19/25"
"하우스: 시즌 6: 포르노와 사생활","6/16/25"
"하우스: 시즌 6: 커디 다이어리","6/15/25"
"하우스: 시즌 6: 가족의 의미","6/15/25"
"하우스: 시즌 6: 과거의 진실","6/15/25"
"하우스: 시즌 6: 행복한 바보","6/15/25"
"벼랑 끝에 서서","6/15/25"
"하우스: 시즌 6: 정의와 의리 사이","6/14/25"
"하우스: 시즌 6: 윌슨의 첫 걸음마","6/14/25"
"더 시그널: 리미티드 시리즈: 새 출발","6/14/25"
"더 시그널: 리미티드 시리즈: 블랙박스","6/14/25"
"더 시그널: 리미티드 시리즈: 파울라","6/14/25"
"더 시그널: 리미티드 시리즈: 사라지다","6/14/25"
"타이어!: 시즌 2: 보너스","6/14/25"
"아워 타임스","6/12/25"
"하우스: 시즌 6: 이별","6/10/25"
"하우스: 시즌 6: 풀리지 않는 의문","6/8/25"
"하우스: 시즌 6: 죽음의 사슬","6/8/25"
"하우스: 시즌 6: 엄청난 업보","6/8/25"
"하우스: 시즌 6: 평화를 꿈꾸는 자들","6/8/25"
"하우스: 시즌 6: 인터넷 진단","6/8/25"
"하우스: 시즌 6: 날아라 슈퍼맨 - 파트 2","6/8/25"
"하우스: 시즌 6: 날아라 슈퍼맨 - 파트 1","6/8/25"
"하우스: 시즌 5: 아이러니","6/7/25"
"하우스: 시즌 5: 드러난 비밀","6/7/25"
"하우스: 시즌 5: 분열된 하우스","6/7/25"
"하우스: 시즌 5: 구세주","6/7/25"
"서바이버스: 리미티드 시리즈: 2화","6/7/25"
"서바이버스: 리미티드 시리즈: 1화","6/7/25"
"단 한번의 시선: 리미티드 시리즈: 1화","6/7/25"
"광장: 리미티드 시리즈: 7화","6/7/25"
"광장: 리미티드 시리즈: 6화","6/7/25"
"광장: 리미티드 시리즈: 5화","6/7/25"
"광장: 리미티드 시리즈: 4화","6/7/25"
"광장: 리미티드 시리즈: 3화","6/7/25"
"광장: 리미티드 시리즈: 2화","6/7/25"
"광장: 리미티드 시리즈: 1화","6/7/25"
"KO","6/7/25"
"하우스: 시즌 5: 간단한 해석","6/6/25"
"사이렌이 노래할 때: 리미티드 시리즈: 사이렌의 노래","6/3/25"
"사이렌이 노래할 때: 리미티드 시리즈: 페르세포네","6/3/25"
"사이렌이 노래할 때: 리미티드 시리즈: 괴물","6/3/25"
"사이렌이 노래할 때: 리미티드 시리즈: 발톱","6/3/25"
"사이렌이 노래할 때: 리미티드 시리즈: 추방","6/3/25"
"보이지 않는 곳: 1화","6/3/25"
"킹스 오브 요버그: 시즌 1: 내 형제의 비밀","6/3/25"
"킹스 오브 요버그: 시즌 1: 파더","6/3/25"
"샷 콜러","6/3/25"
"하우스: 시즌 5: 감금","6/2/25"
"내가 그 소녀들이다","6/2/25"
"7명의 포로","6/2/25"
"하우스: 시즌 5: 나비야, 이리 온","6/1/25"
"바라쿠다 퀸스: 시즌 1: 샴페인 좋아해요?","6/1/25"
"바라쿠다 퀸스: 시즌 1: 당신이 겁나지 않는다","6/1/25"
"바라쿠다 퀸스: 시즌 1: 다시는 싸우지 않기로 맹세하며","6/1/25"
"바라쿠다 퀸스: 시즌 1: 더 많은 돈을 원해","6/1/25"
"바라쿠다 퀸스: 시즌 1: 넌 여자니까","6/1/25"
"바라쿠다 퀸스: 시즌 1: 보스타드 간 게 후회돼","6/1/25"
"바스티옹 36번지","6/1/25"
"콜래트럴","6/1/25"
"하우스: 시즌 5: 선의의 거짓말","6/1/25"
"넷플릭스 Tudum 2025","6/1/25"
"하우스: 시즌 5: 온화한 하우스","5/31/25"
"사건수사대 Q: 시즌 1: 9화","5/31/25"
"사건수사대 Q: 시즌 1: 8화","5/31/25"
"사건수사대 Q: 시즌 1: 7화","5/31/25"
"사건수사대 Q: 시즌 1: 6화","5/31/25"
"사건수사대 Q: 시즌 1: 5화","5/31/25"
"사건수사대 Q: 시즌 1: 4화","5/31/25"
"사건수사대 Q: 시즌 1: 3화","5/31/25"
"사건수사대 Q: 시즌 1: 2화","5/31/25"
"사건수사대 Q: 시즌 1: 1화","5/31/25"
"위도우 게임","5/31/25"
"하우스: 시즌 5: 신실하지 않은 자","5/30/25"
"하우스: 시즌 5: 대의","5/30/25"
"하우스: 시즌 5: 미성숙아","5/30/25"
"대도시의 사랑법: 늦은 우기의 바캉스 II","5/26/25"
"대도시의 사랑법: 늦은 우기의 바캉스 I","5/26/25"
"대도시의 사랑법: 대도시의 사랑법 II","5/26/25"
"대도시의 사랑법: 대도시의 사랑법  I","5/26/25"
"대도시의 사랑법: 우럭 한 점 우주의 맛 II","5/25/25"
"대도시의 사랑법: 우럭 한 점 우주의 맛  I","5/25/25"
"대도시의 사랑법: 미애 II","5/25/25"
"대도시의 사랑법: 미애 I","5/25/25"
"대도시의 사랑법","5/25/25"
"러브, 데스 + 로봇: 4부: 기어갈 수 있으니","5/24/25"
"러브, 데스 + 로봇: 4부: 똑똑한 가전제품, 멍청한 주인","5/24/25"
"러브, 데스 + 로봇: 4부: 지크는 어떻게 종교를 갖게 되었나","5/24/25"
"러브, 데스 + 로봇: 4부: 티라노사우루스의 비명","5/24/25"
"러브, 데스 + 로봇: 4부: 골고다","5/24/25"
"배드 컨트리","5/24/25"
"하우스: 시즌 5: 무통","5/24/25"
"Da 5 블러드","5/24/25"
"하우스: 시즌 5: 기쁘다 구주 오셨네","5/24/25"
"하우스: 시즌 5: 마음대로 드세요","5/21/25"
"하우스: 시즌 5: 최후의 보루","5/21/25"
"화이트 타이거","5/21/25"
"케이트","5/20/25"
"러브, 데스 + 로봇: 4부: 또 다른 커다란 것","5/18/25"
"러브, 데스 + 로봇: 4부: Can't Stop","5/18/25"
"러브, 데스 + 로봇: 4부: 400 보이즈","5/18/25"
"러브, 데스 + 로봇: 4부: 스파이더 로즈","5/18/25"
"러브, 데스 + 로봇: 4부: 미니와의 조우","5/18/25"
"브로큰","5/18/25"
"나쁜 유산: 복귀","5/18/25"
"하우스: 시즌 5: 자립","5/17/25"
"우리가 숨겨온 비밀: 리미티드 시리즈: 6화","5/17/25"
"우리가 숨겨온 비밀: 리미티드 시리즈: 5화","5/17/25"
"우리가 숨겨온 비밀: 리미티드 시리즈: 4화","5/17/25"
"우리가 숨겨온 비밀: 리미티드 시리즈: 3화","5/17/25"
"우리가 숨겨온 비밀: 리미티드 시리즈: 2화","5/17/25"
"우리가 숨겨온 비밀: 리미티드 시리즈: 1화","5/17/25"
"삶이 다할 때까지","5/17/25"
"카케구루이: 베팅: 하우스 전쟁","5/17/25"
"카케구루이: 베팅: 발표회","5/17/25"
"카케구루이: 베팅: 첫 번째 피","5/17/25"
"카케구루이: 베팅: 아이스 브레이커","5/17/25"
"툼 레이더2 - 판도라의 상자","5/17/25"
"카케구루이: 베팅: 게임 시작","5/16/25"
"하우스: 시즌 5: 가려움증","5/14/25"
"마이 네임 이즈 벤데타","5/13/25"
"못된 생각들: 시즌 1: 가족","5/13/25"
"못된 생각들: 시즌 1: 성공","5/13/25"
"못된 생각들: 시즌 1: 일","5/13/25"
"퍼니셔","5/11/25"
"인사이드 맨","5/11/25"
"발레리나","5/11/25"
"보이지 않는 여자: 시즌 1: 1화","5/11/25"
"하우스: 시즌 5: 조이","5/10/25"
"하우스: 시즌 5: 행운의 13","5/10/25"
"시티헌터","5/10/25"
"사라진 탄환 3","5/10/25"
"아메리칸 울트라","5/6/25"
"가타오: 부전자전","5/6/25"
"트리거 워닝","5/6/25"
"크리미널 스쿼드","5/6/25"
"제인의 썸머","5/6/25"
"하우스: 시즌 5: 모반","5/6/25"
"하우스: 시즌 5: 부작용","5/5/25"
"하우스: 시즌 5: 암이 아닌 것","5/5/25"
"보석 도둑: 더 하이스트 비긴스","5/5/25"
"약한영웅: Class 2: 8화","5/5/25"
"약한영웅: Class 2: 7화","5/5/25"
"약한영웅: Class 2: 6화","5/5/25"
"약한영웅: Class 2: 5화","5/5/25"
"약한영웅: Class 2: 4화","5/5/25"
"약한영웅: Class 2: 3화","5/5/25"
"약한영웅: Class 2: 2화","5/5/25"
"약한영웅: Class 2: 1화","5/4/25"
"약한영웅: Class 1: 8회","5/4/25"
"약한영웅: Class 1: 7회","5/4/25"
"약한영웅: Class 1: 6회","5/4/25"
"약한영웅: Class 1: 5회","5/4/25"
"약한영웅: Class 1: 4회","5/4/25"
"약한영웅: Class 1: 3회","5/4/25"
"약한영웅: Class 1: 2회","5/4/25"
"약한영웅: Class 1: 1회","5/4/25"
"강변의 무코리타","5/4/25"
"핫스팟: 우주인 출몰 주의!: 10화","5/4/25"
"핫스팟: 우주인 출몰 주의!: 9화","5/4/25"
"핫스팟: 우주인 출몰 주의!: 8화","5/4/25"
"핫스팟: 우주인 출몰 주의!: 7화","5/3/25"
"핫스팟: 우주인 출몰 주의!: 6화","5/3/25"
"엑스테리토리얼","5/3/25"
"신칸센 대폭파","5/3/25"
"핫스팟: 우주인 출몰 주의!: 5화","5/3/25"
"핫스팟: 우주인 출몰 주의!: 4화","5/3/25"
"핫스팟: 우주인 출몰 주의!: 3화","5/3/25"
"핫스팟: 우주인 출몰 주의!: 2화","5/3/25"
"핫스팟: 우주인 출몰 주의!: 1화","5/3/25"
"하우스: 시즌 5: 죽음은 모든 걸 바꾼다","4/29/25"
"하우스: 시즌 4: 작별","4/27/25"
"하우스: 시즌 4: 기억의 저편","4/27/25"
"하우스: 시즌 4: 꿈을 이루는 것","4/24/25"
"하우스: 시즌 4: 더 이상 상냥하지 않은 남자","4/24/25"
"하우스: 시즌 4: 삶의 방식","4/23/25"
"하우스: 시즌 4: 동결","4/23/25"
"리프트: 비행기를 털어라","4/20/25"
"하우스: 시즌 4: 아름다운 거짓말","4/20/25"
"하우스: 시즌 4: 게임","4/20/25"
"하우스: 시즌 4: 모르는 게 약?","4/20/25"
"인터넷으로 마약을 파는 법: 시즌 4: 어떻게 이게 가능했지?","4/20/25"
"인터넷으로 마약을 파는 법: 시즌 4: 아, 이제 알겠네","4/20/25"
"인터넷으로 마약을 파는 법: 시즌 4: 왜 이렇게 된 거지?","4/20/25"
"인터넷으로 마약을 파는 법: 시즌 4: 그럴 리가 없잖아!","4/20/25"
"인터넷으로 마약을 파는 법: 시즌 4: 내 컴퓨터에서 그럴 리가 없어","4/20/25"
"인터넷으로 마약을 파는 법: 시즌 4: 그럴 리가 없어","4/20/25"
"인터넷으로 마약을 파는 법: 시즌 3: 두 번째 기회는 온다","4/20/25"
"인터넷으로 마약을 파는 법: 시즌 3: 그들이 아니었어","4/20/25"
"인터넷으로 마약을 파는 법: 시즌 3: 할 얘기가 있는데","4/20/25"
"인터넷으로 마약을 파는 법: 시즌 3: 고용의 문제","4/19/25"
"인터넷으로 마약을 파는 법: 시즌 3: CEO는 누구?","4/19/25"
"인터넷으로 마약을 파는 법: 시즌 3: 혼자서 하는 일","4/19/25"
"인터넷으로 마약을 파는 법: 시즌 2: 지울 수 있다면","4/19/25"
"인터넷으로 마약을 파는 법: 시즌 2: 혼자보단 함께","4/19/25"
"인터넷으로 마약을 파는 법: 시즌 2: 사고, 팔고, 사랑하라","4/19/25"
"인터넷으로 마약을 파는 법: 시즌 2: 이것은 현실","4/19/25"
"인터넷으로 마약을 파는 법: 시즌 2: 할 말이 있거든","4/19/25"
"인터넷으로 마약을 파는 법: 시즌 2: 생각을 바꿔보면?","4/19/25"
"인터넷으로 마약을 파는 법: 시즌 1: 정말 똑똑한 사람은 누구?","4/19/25"
"인터넷으로 마약을 파는 법: 시즌 1: 대박이거나 쪽박이거나","4/19/25"
"인터넷으로 마약을 파는 법: 시즌 1: 이런 게 현실이라면","4/19/25"
"인터넷으로 마약을 파는 법: 시즌 1: 실패하면 끝장","4/19/25"
"인터넷으로 마약을 파는 법: 시즌 1: 불공평한 인생, 인정할 수밖에","4/19/25"
"인터넷으로 마약을 파는 법: 시즌 1: 오늘은 괴짜, 내일은 상사","4/19/25"
"i호스티지","4/19/25"
"하우스: 시즌 4: 추한 얼굴","4/18/25"
"하우스: 시즌 4: 무엇을 해서라도","4/18/25"
"하우스: 시즌 4: 거울 증후군","4/18/25"
"하우스: 시즌 4: 수호천사","4/18/25"
"하우스: 시즌 4: 97초","4/18/25"
"하우스: 시즌 4: 윤리의 잣대","4/18/25"
"하우스: 시즌 4: 나 홀로 진단","4/14/25"
"하우스: 시즌 3: 인간의 과오","4/14/25"
"하우스: 시즌 3: 얼간이","4/14/25"
"하우스: 시즌 3: 사임","4/13/25"
"블랙 미러: 시즌 7: USS 칼리스터: 인피니티 속으로","4/13/25"
"블랙 미러: 시즌 7: 율로지","4/13/25"
"블랙 미러: 시즌 7: 장난감","4/13/25"
"블랙 미러: 시즌 7: 레버리 호텔","4/13/25"
"블랙 미러: 시즌 7: 베트 누아르","4/13/25"
"블랙 미러: 시즌 7: 보통 사람들","4/13/25"
"언젠가는 슬기로울 전공의생활: 리미티드 시리즈: 1화","4/13/25"
"정원사: 리미티드 시리즈: 가지치기 일정","4/13/25"
"정원사: 리미티드 시리즈: 부패의 섬","4/13/25"
"정원사: 리미티드 시리즈: 해충 방제","4/12/25"
"정원사: 리미티드 시리즈: 유기 배지","4/12/25"
"정원사: 리미티드 시리즈: 발아","4/12/25"
"미션 임파서블: 데드 레코닝","4/12/25"
"하우스: 시즌 3: 가족","4/8/25"
"하우스: 시즌 3: 길들이기","4/7/25"
"더 레지던트: 시즌 6: 힘을 모아서","4/7/25"
"더 레지던트: 시즌 6: 현명한 선택","4/7/25"
"더 레지던트: 시즌 6: 모든 걸 감수하고","4/6/25"
"더 레지던트: 시즌 6: 가족의 날","4/6/25"
"더 레지던트: 시즌 6: 고통 없이 얻어지는 것은 없다","4/6/25"
"더 레지던트: 시즌 6: 진정한 용기","4/6/25"
"더 레지던트: 시즌 6: 키메라","4/5/25"
"북 오브 클라렌스","4/5/25"
"테스트","4/5/25"
"베놈: 라스트 댄스","4/5/25"
"더 레지던트: 시즌 6: 기쁠 때나 슬플 때나","4/3/25"
"더 레지던트: 시즌 6: 현실 부정","3/31/25"
"더 레지던트: 시즌 6: 계속 이렇진 않을 거야","3/31/25"
"더 레지던트: 시즌 6: 총알 한 발","3/30/25"
"더 레지던트: 시즌 6: 슬쩍 보고 조용히 닫는다","3/30/25"
"폭싹 속았수다: 리미티드 시리즈: 폭싹 속았수다","3/30/25"
"폭싹 속았수다: 리미티드 시리즈: 만날, 봄","3/30/25"
"폭싹 속았수다: 리미티드 시리즈: 훨훨 날라, 훨훨 날아 보켜","3/30/25"
"폭싹 속았수다: 리미티드 시리즈: 그추룩 짝사랑","3/30/25"
"폭싹 속았수다: 리미티드 시리즈: 펠롱펠롱 겨울","3/29/25"
"폭싹 속았수다: 리미티드 시리즈: 내 사랑 내 곁에","3/29/25"
"폭싹 속았수다: 리미티드 시리즈: 품 안의 바람 품 안의 사랑","3/29/25"
"폭싹 속았수다: 리미티드 시리즈: 바람은 왱왱왱 마음은 잉잉잉","3/29/25"
"폭싹 속았수다: 리미티드 시리즈: 변하느니 달이요, 마음이야 늙겠는가","3/29/25"
"폭싹 속았수다: 리미티드 시리즈: 자락자락 가을","3/29/25"
"폭싹 속았수다: 리미티드 시리즈: 살민 살아진다","3/29/25"
"폭싹 속았수다: 리미티드 시리즈: 한여름 밤의 만선","3/29/25"
"폭싹 속았수다: 리미티드 시리즈: 꽈랑꽈랑 여름","3/29/25"
"폭싹 속았수다: 리미티드 시리즈: 예스터데이. 그들의 봄은...","3/29/25"
"폭싹 속았수다: 리미티드 시리즈: 요망진 첫사랑","3/29/25"
"폭싹 속았수다: 리미티드 시리즈: 호로록 봄","3/29/25"
"더 레지던트: 시즌 6: 두 개의 심장","3/26/25"
"더 레지던트: 시즌 5: 네온 문","3/24/25"
"더 레지던트: 시즌 5: 결과가 증명한다","3/24/25"
"더 레지던트: 시즌 5: 위험 부담","3/22/25"
"도어맨","3/22/25"
"더 레지던트: 시즌 5: 갈림길","3/18/25"
"더 레지던트: 시즌 5: 우리가 가진 건 현재뿐","3/18/25"
"일렉트릭 스테이트","3/16/25"
"더 레지던트: 시즌 5: 위험한 질주","3/11/25"
"더 레지던트: 시즌 5: 사이의 공간","3/11/25"
"케이지: 5화","3/9/25"
"케이지: 4화","3/9/25"
"케이지: 3화","3/9/25"
"케이지: 2화","3/9/25"
"케이지: 1화","3/9/25"
"트라이얼 오브 더 시카고 7","3/9/25"
"더 레지던트: 시즌 5: 6볼트","3/8/25"
"더 레지던트: 시즌 5: 일단 시작했다면","3/8/25"
"더 레지던트: 시즌 5: 나락으로 떨어지다","3/8/25"
"딜리셔스","3/8/25"
"히트맨","3/8/25"
"샌드 캐슬","3/8/25"
"더 퍼스트 슬램덩크","3/8/25"
"침묵의 묘지: 시즌 1: 태양보다 뜨겁다","3/4/25"
"마지막 게임","3/4/25"
"스노우 걸: 2. 영혼 게임: 1화","3/4/25"
"와스프 네트워크","3/3/25"
"달라: 꽃과 죽음: 자연 선택","3/3/25"
"달라: 꽃과 죽음: 초점","3/3/25"
"달라: 꽃과 죽음: 시든 꽃을 되살리는 법","3/3/25"
"달라: 꽃과 죽음: 꽃 장식을 해체하라","3/3/25"
"달라: 꽃과 죽음: 시든 꽃은 향기를 남기고","3/3/25"
"달라: 꽃과 죽음: 정원에 흐드러진 꽃","3/3/25"
"원샷","3/2/25"
"더 레지던트: 시즌 5: 바이럴","3/2/25"
"런어웨이","3/2/25"
"데몬 시티: 악귀 죽이기","3/1/25"
"킬링 카인드: 킬러의 수제자","3/1/25"
"머시","3/1/25"
"더 레지던트: 시즌 5: 이제 내가 보여?","2/25/25"
"아웃사이드 더 와이어","2/25/25"
"6 언더그라운드","2/23/25"
"제로 데이: 리미티드 시리즈: 6화","2/22/25"
"제로 데이: 리미티드 시리즈: 5화","2/22/25"
"제로 데이: 리미티드 시리즈: 4화","2/22/25"
"제로 데이: 리미티드 시리즈: 3화","2/22/25"
"제로 데이: 리미티드 시리즈: 2화","2/22/25"
"제로 데이: 리미티드 시리즈: 1화","2/22/25"
"보고타: 마지막 기회의 땅","2/22/25"
"더 레지던트: 시즌 5: 그녀의 심장","2/20/25"
"더 레지던트: 시즌 5: 원인 불명","2/20/25"
"더 레지던트: 시즌 5: 정맥관이나 넣어보고 싶어","2/17/25"
"멜로무비: 리미티드 시리즈: 해파리에게도 삶은 아름답고, 웅장한 것","2/16/25"
"멜로무비: 리미티드 시리즈: 우리는 서로를 잘 아는 이방인 같았다","2/16/25"
"멜로무비: 리미티드 시리즈: All You Need Is Love","2/16/25"
"멜로무비: 리미티드 시리즈: 모험을 함께 해줘서 고마워. 이제 새로운 너의 모험을 떠나봐","2/16/25"
"멜로무비: 리미티드 시리즈: Happy Ending Is Mine!","2/16/25"
"멜로무비: 리미티드 시리즈: 사랑은 준비 없이 찾아온다. 두려움과 함께","2/16/25"
"멜로무비: 리미티드 시리즈: 네 잘못이 아니야","2/16/25"
"멜로무비: 리미티드 시리즈: 친구는 가까이, 허나 적은 더 가까이","2/16/25"
"멜로무비: 리미티드 시리즈: Why So Serious","2/16/25"
"멜로무비: 리미티드 시리즈: 아침이 오면 아름다울 거야","2/16/25"
"은행 포위의 날: 리미티드 시리즈: 진실의 순간","2/16/25"
"은행 포위의 날: 리미티드 시리즈: 1번","2/15/25"
"은행 포위의 날: 리미티드 시리즈: 똑딱똑딱","2/15/25"
"은행 포위의 날: 리미티드 시리즈: 비공개","2/15/25"
"은행 포위의 날: 리미티드 시리즈: 모두 엎드려!","2/15/25"
"더 레지던트: 시즌 5: 노인과 신기술","2/15/25"
"아토믹 블론드","2/15/25"
"21브릿지: 테러 셧다운","2/15/25"
"더 레지던트: 시즌 5: 앞으로의 방향","2/13/25"
"더 레지던트: 시즌 5: 의사에게 물어보세요","2/12/25"
"더 레지던트: 시즌 5: 경계가 가장 흐려지는 날","2/11/25"
"더 레지던트: 시즌 5: 다음은 뭐지?","2/11/25"
"더 레지던트: 시즌 5: 멀고도 험난한 길","2/10/25"
"더 레지던트: 시즌 5: 좋은 일을 해도","2/10/25"
"굿맨 조","2/9/25"
"더 레지던트: 시즌 5: 아빠","2/9/25"
"더 레지던트: 시즌 4: 과거, 현재, 미래","2/9/25"
"더 레지던트: 시즌 4: 아이들의 이야기","2/9/25"
"더 레지던트: 시즌 4: 보이지 않는 것에 있는 희망","2/9/25"
"더 레지던트: 시즌 4: 폭풍 후","2/9/25"
"오레 살인: 시즌 1: 눈 속에 묻히다: 파트 1","2/9/25"
"블랙아웃: 사라진 기억","2/9/25"
"셀 211: 왕은 죽었다, 새로운 왕을 맞이하라","2/8/25"
"셀 211: 인간의 의례","2/8/25"
"셀 211: 우리 중 하나","2/8/25"
"셀 211: 거짓 유다","2/8/25"
"셀 211: 보다 인도적인 처우","2/8/25"
"셀 211: '개'획 변경","2/8/25"
"모 이야기: 시즌 2: 목적은 낚시","2/2/25"
"모 이야기: 시즌 2: 팔레스타인 곰","2/2/25"
"퍼펙트 데이즈","2/1/25"
"88분","2/1/25"
"더 리크루트: 시즌 2: 영웅이 아닌 변호사","1/30/25"
"트랜스포머: 비스트의 서막","1/30/25"
"센티넬","1/29/25"
"나이트 에이전트: 시즌 2: 뜻밖의 결실","1/29/25"
"나이트 에이전트: 시즌 2: 위험한 거래","1/29/25"
"나이트 에이전트: 시즌 2: 갈림길","1/29/25"
"나이트 에이전트: 시즌 2: 무모한 대응","1/29/25"
"나이트 에이전트: 시즌 2: 좋은 에이전트","1/29/25"
"나이트 에이전트: 시즌 2: 가족 문제","1/29/25"
"나의 완벽한 비서: 8회","1/28/25"
"나의 완벽한 비서: 7회","1/28/25"
"나의 완벽한 비서: 6회","1/28/25"
"나의 완벽한 비서: 5회","1/28/25"
"나의 완벽한 비서: 4회","1/28/25"
"나의 완벽한 비서: 3회","1/28/25"
"나의 완벽한 비서: 2회","1/28/25"
"나의 완벽한 비서: 1회","1/28/25"
"나이트 에이전트: 시즌 2: 특단의 대책","1/27/25"
"브레이크스루: 리미티드 시리즈: 외로운 사람","1/27/25"
"브레이크스루: 리미티드 시리즈: 가계도","1/27/25"
"브레이크스루: 리미티드 시리즈: 전력을 다하는 수사","1/27/25"
"브레이크스루: 리미티드 시리즈: 상상을 초월하는 일","1/27/25"
"나이트 에이전트: 시즌 2: 정부 자산","1/27/25"
"나이트 에이전트: 시즌 2: 단절","1/27/25"
"나이트 에이전트: 시즌 2: 추적","1/27/25"
"머더리스 브루클린","1/19/25"
"사나운 땅의 사람들: 리미티드 시리즈: 6화","1/18/25"
"사나운 땅의 사람들: 리미티드 시리즈: 5화","1/18/25"
"사나운 땅의 사람들: 리미티드 시리즈: 4화","1/18/25"
"사나운 땅의 사람들: 리미티드 시리즈: 3화","1/18/25"
"사나운 땅의 사람들: 리미티드 시리즈: 2화","1/18/25"
"사나운 땅의 사람들: 리미티드 시리즈: 1화","1/18/25"
"더 레지던트: 시즌 4: 미지의 세계로","1/5/25"
"감옥","1/5/25"
"리디아 포에트의 법: 시즌 2: 1화","1/5/25"
"리디아 포에트의 법: 시즌 1: 6화","1/5/25"
"리디아 포에트의 법: 시즌 1: 5화","1/5/25"
"리디아 포에트의 법: 시즌 1: 4화","1/4/25"
"리디아 포에트의 법: 시즌 1: 3화","1/4/25"
"리디아 포에트의 법: 시즌 1: 2화","1/4/25"
"리디아 포에트의 법: 시즌 1: 1화","1/4/25"
"더 레지던트: 시즌 4: 열리는 문, 닫히는 문","1/2/25"
"더 레지던트: 시즌 4: 첫날, 마지막 날","1/2/25"
"바이오닉","1/1/25"
"슬픔의 삼각형","1/1/25"
"더 레지던트: 시즌 4: 영웅적인 순간들","1/1/25"
"미싱 유: 리미티드 시리즈: 당신이 뱉는 숨결마다","1/1/25"
"우리가 끝이야","1/1/25"
"시칸다르의 운명","12/31/24"
"6888 중앙우편대대","12/31/24"
"더 레지던트: 시즌 4: 진혼곡과 부활","12/31/24"
"블랙 도브: 스산한 한겨울에","12/28/24"
"블랙 도브: 그 모든 노력","12/28/24"
"블랙 도브: 폭발의 순간","12/28/24"
"블랙 도브: 다가오는 밤","12/28/24"
"블랙 도브: 신참 블랙 도브","12/28/24"
"블랙 도브: 사랑을 위하여","12/28/24"
"티맥스 라이드","12/28/24"
"더 킬러: 죽음의 여왕","12/25/24"
"올드 가드","12/23/24"
"특수기동대 3: 언더 시즈","12/23/24"
"오쿠라: 미궁에 빠진 사건 수사: 9화","12/22/24"
"오쿠라: 미궁에 빠진 사건 수사: 8화","12/22/24"
"오쿠라: 미궁에 빠진 사건 수사: 7화","12/22/24"
"오쿠라: 미궁에 빠진 사건 수사: 6화","12/22/24"
"오쿠라: 미궁에 빠진 사건 수사: 5화","12/22/24"
"오쿠라: 미궁에 빠진 사건 수사: 4화","12/22/24"
"레블 리지","12/22/24"
"오쿠라: 미궁에 빠진 사건 수사: 3화","12/22/24"
"오쿠라: 미궁에 빠진 사건 수사: 2화","12/22/24"
"오쿠라: 미궁에 빠진 사건 수사: 1화","12/22/24"
"더 레지던트: 시즌 4: 어두워지기 전에 집으로","12/22/24"
"더 레지던트: 시즌 4: 과거, 그리고 어미 닭들","12/21/24"
"더 레지던트: 시즌 4: 사고 환자","12/21/24"
"더 레지던트: 시즌 4: 미나의 인민재판","12/21/24"
"페리","12/20/24"
"캐리온","12/18/24"
"더 레지던트: 시즌 4: 한 번의 결혼식과 한 번의 장례식","12/15/24"
"더 레지던트: 시즌 3: 모든 것이 무너진 후","12/8/24"
"더 레지던트: 시즌 3: 지원 체계","12/8/24"
"더 레지던트: 시즌 3: 잘 가요, 던 롱","12/8/24"
"스파이가 된 남자: 시즌 1: 미술 수업에서 개에게 일어난 의문의 사건","12/8/24"
"스파이가 된 남자: 시즌 1: 에밀리는 벨을 두 번 울린다","12/8/24"
"스파이가 된 남자: 시즌 1: 다리에 대해 너무 많이 아는 남자","12/8/24"
"스파이가 된 남자: 시즌 1: 팅커 테일러 올드 스파이","12/8/24"
"더 레지던트: 시즌 3: 돌리우드","12/7/24"
"더 레지던트: 시즌 3: 뒤바뀐 신데렐라","12/7/24"
"악의 색깔: 레드","12/7/24"
"더 레지던트: 시즌 3: 마지막 기회","12/2/24"
"더 레지던트: 시즌 3: 벼룩","12/2/24"
"더 레지던트: 시즌 3: 돌아온 콘래드","12/1/24"
"더 레지던트: 시즌 3: 최고의 계획","12/1/24"
"더 레지던트: 시즌 3: 자유 낙하","12/1/24"
"더 레지던트: 시즌 3: 내부 고발자","12/1/24"
"혼돈의 세상에서: 리미티드 시리즈: 불협화음","12/1/24"
"혼돈의 세상에서: 리미티드 시리즈: 지부티","12/1/24"
"혼돈의 세상에서: 리미티드 시리즈: 파일럿 에피소드","12/1/24"
"헌트","12/1/24"
"트렁크: 리미티드 시리즈: 8화","12/1/24"
"트렁크: 리미티드 시리즈: 7화","11/30/24"
"트렁크: 리미티드 시리즈: 6화","11/30/24"
"트렁크: 리미티드 시리즈: 5화","11/30/24"
"트렁크: 리미티드 시리즈: 4화","11/30/24"
"트렁크: 리미티드 시리즈: 3화","11/30/24"
"트렁크: 리미티드 시리즈: 2화","11/30/24"
"트렁크: 리미티드 시리즈: 1화","11/30/24"
"매복","11/24/24"
"더 레지던트: 시즌 3: 가족을 찾아서","11/24/24"
"헬리콥터 하이스트: 리미티드 시리즈: 절친","11/24/24"
"명상 살인: 시즌 1: 죽음","11/17/24"
"명상 살인: 시즌 1: 분노","11/17/24"
"명상 살인: 시즌 1: 브레인스토밍","11/17/24"
"명상 살인: 시즌 1: 패닉","11/17/24"
"명상 살인: 시즌 1: 후안무치","11/17/24"
"명상 살인: 시즌 1: 두려움","11/17/24"
"명상 살인: 시즌 1: 행복","11/17/24"
"명상 살인: 시즌 1: 호흡","11/17/24"
"더 레지던트: 시즌 3: 북경오리의 날","11/17/24"
"더 레지던트: 시즌 3: 의식을 잃은 여자","11/11/24"
"더 레지던트: 시즌 3: 간호사의 날","11/10/24"
"바튼 아카데미","11/9/24"
"하트 오브 스톤","11/9/24"
"외교관: 시즌 2: 낯선 이의 전화","11/9/24"
"스턴트맨","11/9/24"
"갈 데까지 가 보자: 6화","11/8/24"
"갈 데까지 가 보자: 5화","11/8/24"
"갈 데까지 가 보자: 4화","11/8/24"
"갈 데까지 가 보자: 3화","11/8/24"
"갈 데까지 가 보자: 2화","11/8/24"
"갈 데까지 가 보자: 1화","11/8/24"
"그 여자의 집","11/3/24"
"침묵의 장소","11/3/24"
"더 레지던트: 시즌 3: 독설","11/3/24"
"더 레지던트: 시즌 3: 신념 체계","11/3/24"
"하이잭 93","10/27/24"
"돈 무브","10/27/24"
"뷰티 인 블랙: 시즌 1: 카르마 죽이기","10/27/24"
"뷰티 인 블랙: 시즌 1: 공평한 게임","10/27/24"
"뷰티 인 블랙: 시즌 1: 탕! 탕!","10/27/24"
"뷰티 인 블랙: 시즌 1: 풀어지는 실타래","10/27/24"
"뷰티 인 블랙: 시즌 1: 가족 문제","10/27/24"
"뷰티 인 블랙: 시즌 1: 후폭풍","10/27/24"
"뷰티 인 블랙: 시즌 1: 아빠와 추는 춤","10/27/24"
"뷰티 인 블랙: 시즌 1: 돈이 비처럼 쏟아지네","10/27/24"
"더 레지던트: 시즌 3: 성인과 죄인","10/27/24"
"지옥: 시즌 2: 1화","10/27/24"
"덤 머니","10/20/24"
"더 레지던트: 시즌 3: 나의 피와 살 같은 존재","10/20/24"
"익스펜더블4","10/20/24"
"더 레지던트: 시즌 3: 잿더미에서","10/20/24"
"더 레지던트: 시즌 2: 무연고자","10/20/24"
"더 레지던트: 시즌 2: 브로커와 브로커","10/20/24"
"나파트","10/20/24"
"섀도우의 13","10/19/24"
"전,란","10/19/24"
"더 레지던트: 시즌 2: 맞아떨어진 예측","10/19/24"
"더 레지던트: 시즌 2: 지금이 아니라면 언제?","10/17/24"
"더 레지던트: 시즌 2: 폭설","10/17/24"
"더 레지던트: 시즌 2: 비상 연락처","10/15/24"
"더 레지던트: 시즌 2: 배신","10/15/24"
"더 레지던트: 시즌 2: 이상 반응","10/13/24"
"더 레지던트: 시즌 2: 사랑의 이름으로 저지르는 어리석은 일들","10/13/24"
"더 레지던트: 시즌 2: 여왕","10/13/24"
"더 레지던트: 시즌 2: 사실상 불가능","10/13/24"
"더 레지던트: 시즌 2: 끈질긴 두려움","10/13/24"
"더 레지던트: 시즌 2: 수술상 과실","10/10/24"
"더 레지던트: 시즌 2: 넘어진 뒤에","10/10/24"
"더 레지던트: 시즌 2: 춤","10/10/24"
"더 레지던트: 시즌 2: 상자 속 심장","10/9/24"
"더 레지던트: 시즌 2: 시행착오","10/9/24"
"더 레지던트: 시즌 2: 악몽","10/9/24"
"더 레지던트: 시즌 2: 세균","10/9/24"
"더 레지던트: 시즌 2: 할일을 할 때","10/9/24"
"더 레지던트: 시즌 2: 세 단어","10/8/24"
"더 레지던트: 시즌 2: 왕자와 거지","10/8/24"
"더 레지던트: 시즌 2: 00:42:30","10/8/24"
"더 레지던트: 시즌 1: 가려진 심장","10/7/24"
"더 레지던트: 시즌 1: 달려요, 의사 선생님","10/7/24"
"더 레지던트: 시즌 1: 불편한 진실, 그리고 맹수","10/6/24"
"더 레지던트: 시즌 1: 누명을 쓴 간호사","10/6/24"
"더 레지던트: 시즌 1: 귀신","10/6/24"
"여명의 기도","10/6/24"
"미스터 트러블","10/6/24"
"더 레지던트: 시즌 1: 잃어버린 사랑","10/5/24"
"더 레지던트: 시즌 1: 가족 문제","10/5/24"
"프리즌 브레이크: 시즌 4: 무단침입","10/5/24"
"프리즌 브레이크: 시즌 4: 실라","10/5/24"
"프리즌 브레이크: 시즌 3: 거래의 법칙","10/5/24"
"프리즌 브레이크: 시즌 3: 무슨 일이 있어도","10/5/24"
"프리즌 브레이크: 시즌 3: 들어가서 빠져라","10/5/24"
"프리즌 브레이크: 시즌 3: 땅 속에 수면","10/5/24"
"프리즌 브레이크: 시즌 3: 진로 방해","10/4/24"
"프리즌 브레이크: 시즌 3: 폭발과 불바다","10/3/24"
"프리즌 브레이크: 시즌 3: 어서 가자","10/3/24"
"프리즌 브레이크: 시즌 3: 사진 판정","10/2/24"
"프리즌 브레이크: 시즌 3: 방해","10/2/24"
"프리즌 브레이크: 시즌 3: 튼튼한 담장","10/2/24"
"프리즌 브레이크: 시즌 3: 통화 대기","10/2/24"
"프리즌 브레이크: 시즌 3: 물과 불","10/2/24"
"프리즌 브레이크: 시즌 3: 오리엔테이션","10/2/24"
"프리즌 브레이크: 시즌 2: 파나마 연방 교도소","10/2/24"
"프리즌 브레이크: 시즌 2: 최종 목표","10/2/24"
"프리즌 브레이크: 시즌 2: 파나마","10/2/24"
"프리즌 브레이크: 시즌 2: 사랑스러운 캐롤라인","10/2/24"
"프리즌 브레이크: 시즌 2: 워시","10/2/24"
"프리즌 브레이크: 시즌 2: 불화","10/2/24"
"프리즌 브레이크: 시즌 2: 시카고","10/2/24"
"프리즌 브레이크: 시즌 2: 메시지","10/2/24"
"프리즌 브레이크: 시즌 2: 존 도우","10/2/24"
"프리즌 브레이크: 시즌 2: 죽음의 상자","10/2/24"
"프리즌 브레이크: 시즌 2: 연결 끊기","10/2/24"
"프리즌 브레이크: 시즌 2: 볼쇼이 술","10/2/24"
"프리즌 브레이크: 시즌 2: 랑데부","10/1/24"
"프리즌 브레이크: 시즌 2: 발굴","10/1/24"
"프리즌 브레이크: 시즌 2: 함정","10/1/24"
"프리즌 브레이크: 시즌 2: 매장","10/1/24"
"프리즌 브레이크: 시즌 2: 세분","10/1/24"
"프리즌 브레이크: 시즌 2: 지도 1213호","10/1/24"
"프리즌 브레이크: 시즌 2: 퍼스트다운","10/1/24"
"프리즌 브레이크: 시즌 2: 스캔","10/1/24"
"프리즌 브레이크: 시즌 2: 오티스","10/1/24"
"프리즌 브레이크: 시즌 2: 수색","10/1/24"
"프리즌 브레이크: 비행","10/1/24"
"프리즌 브레이크: 가자","10/1/24"
"프리즌 브레이크: 오늘 밤","10/1/24"
"프리즌 브레이크: 열쇠","10/1/24"
"프리즌 브레이크: 허세","10/1/24"
"프리즌 브레이크: J-CAT","9/29/24"
"프리즌 브레이크: 아우를 지키는 자","9/29/24"
"프리즌 브레이크: 구사일생","9/29/24"
"프리즌 브레이크: 쥐","9/29/24"
"프리즌 브레이크: 고난 끝에 광명","9/29/24"
"프리즌 브레이크: 심야의 탈출","9/29/24"
"더 레지던트: 시즌 1: 도피","9/29/24"
"홀스턴: 리미티드 시리즈: 단 하나의 이름","9/29/24"
"홀스턴: 리미티드 시리즈: 파티는 끝나고","9/29/24"
"홀스턴: 리미티드 시리즈: 성공이란 달콤한 향기","9/29/24"
"홀스턴: 리미티드 시리즈: 베르사유궁으로","9/29/24"
"홀스턴: 리미티드 시리즈: 오직, 홀스턴","9/29/24"
"하우스: 시즌 3: 나잇값","9/29/24"
"베스트 오퍼","9/29/24"
"프리즌 브레이크: 그리고 7명이 남았다","9/29/24"
"오티스의 비밀 상담소: 시즌 3: 1화","9/29/24"
"프리즌 브레이크: 손재주","9/29/24"
"하우스: 시즌 3: 전염병","9/28/24"
"더 레지던트: 시즌 1: 어떠한 대가를 치르더라도","9/28/24"
"페르시아어 수업","9/28/24"
"프리즌 브레이크: 트위너","9/28/24"
"스타트렉: 엔터프라이즈: 안도리아인 사건","9/28/24"
"하우스: 시즌 3: 산모와 태아","9/27/24"
"완전무결한 커플: 행복한 결혼식 전야","9/27/24"
"더 레지던트: 시즌 1: 아무것도 모르는","9/27/24"
"프리즌 브레이크: 국도 66번","9/27/24"
"더 레지던트: 시즌 1: 신원 미상","9/23/24"
"래치드: 밀드러드와 에드먼드","9/23/24"
"래치드: 버킷 리스트","9/23/24"
"래치드: 끔찍한 인형극","9/22/24"
"래치드: 댄스파티","9/22/24"
"래치드: 자비의 천사 2부","9/22/24"
"래치드: 자비의 천사 1부","9/22/24"
"래치드: 얼음송곳","9/22/24"
"래치드: 루시아 주립 병원","9/22/24"
"하우스: 시즌 3: 일급 비밀","9/22/24"
"프리즌 브레이크: 폭동, 드릴 그리고 악마: 파트 2","9/22/24"
"프리즌 브레이크: 폭동, 드릴 그리고 악마: 파트 1","9/22/24"
"더 레지던트: 시즌 1: 전우","9/22/24"
"다머: 괴물: 제프리 다머 이야기: 1화","9/21/24"
"괴물: 메넨데즈 형제 이야기: 행맨","9/21/24"
"괴물: 메넨데즈 형제 이야기: 지각 변동","9/21/24"
"괴물: 메넨데즈 형제 이야기: 결전의 날","9/21/24"
"괴물: 메넨데즈 형제 이야기: 아직 끝난 게 아니야","9/21/24"
"괴물: 메넨데즈 형제 이야기: 상처 입은 남자","9/21/24"
"괴물: 메넨데즈 형제 이야기: 죽거나 죽이거나","9/21/24"
"괴물: 메넨데즈 형제 이야기: 동전 좀 빌려줘","9/21/24"
"괴물: 메넨데즈 형제 이야기: 폭주","9/21/24"
"괴물: 메넨데즈 형제 이야기: 차라리 비를 탓해","9/21/24"
"더 레지던트: 시즌 1: 독립기념일","9/21/24"
"더 레지던트: 시즌 1: 파일럿 에피소드","9/21/24"
"미타라이 가, 불타다: 1화","9/21/24"
"프리즌 브레이크: 잉글리시, 피츠, 페르시","9/21/24"
"프리즌 브레이크: 부식","9/21/24"
"사랑하는 아이: 리미티드 시리즈: 레나를 위해","9/18/24"
"사랑하는 아이: 리미티드 시리즈: 선물","9/18/24"
"사랑하는 아이: 리미티드 시리즈: 규칙","9/18/24"
"사랑하는 아이: 리미티드 시리즈: 그 집","9/18/24"
"사랑하는 아이: 리미티드 시리즈: 할아버지","9/18/24"
"사랑하는 아이: 리미티드 시리즈: 하나","9/18/24"
"밴딧: 넘버 원","9/18/24"
"기생충","9/18/24"
"헤어질 결심","9/18/24"
"스노우 걸: 1. 스노우 걸: 6화","9/17/24"
"스노우 걸: 1. 스노우 걸: 5화","9/17/24"
"스노우 걸: 1. 스노우 걸: 4화","9/17/24"
"스노우 걸: 1. 스노우 걸: 3화","9/17/24"
"스노우 걸: 1. 스노우 걸: 2화","9/17/24"
"스노우 걸: 1. 스노우 걸: 1화","9/17/24"
"프리즌 브레이크: 소지품 검사","9/17/24"
"스타트렉: 넥스트 제너레이션: 시즌 2: 특사","9/17/24"
"어글리","9/17/24"
"원피스: 시즌 1: 동쪽 제일의 악당","9/16/24"
"원피스: 시즌 1: 톱상어 문신을 한 소녀","9/16/24"
"원피스: 시즌 1: 주방장과 잡일꾼","9/16/24"
"원피스: 시즌 1: 바라티에에서 밥을 먹자!","9/16/24"
"우리, 태양을 흔들자","9/16/24"
"무도실무관","9/16/24"
"언거버너블: 시즌 2: 잿더미로부터","9/16/24"
"언거버너블: 시즌 2: 왕관의 무게","9/16/24"
"언거버너블: 시즌 2: 사슬을 끊다","9/16/24"
"언거버너블: 시즌 2: 정의는 쇼비즈니스다","9/16/24"
"언거버너블: 시즌 1: 정의를 위하여","9/16/24"
"언거버너블: 시즌 1: 죽음으로의 초대","9/16/24"
"언거버너블: 시즌 1: 살인자의 얼굴","9/16/24"
"언거버너블: 시즌 1: 게임의 규칙","9/16/24"
"언거버너블: 시즌 1: 외침","9/15/24"
"언거버너블: 시즌 1: 생생한 기억","9/15/24"
"언거버너블: 시즌 1: 맹세","9/15/24"
"언거버너블: 시즌 1: 지옥으로 떨어지다","9/15/24"
"언거버너블: 시즌 1: 불의 세례","9/15/24"
"언거버너블: 시즌 1: 죽음, 그 원인","9/14/24"
"언거버너블: 시즌 1: 또 다른 진실","9/14/24"
"언거버너블: 시즌 1: 묵계","9/14/24"
"언거버너블: 시즌 1: 빚은 갚아야 한다","9/14/24"
"언거버너블: 시즌 1: 탈출","9/14/24"
"언거버너블: 시즌 1: 결정의 순간","9/14/24"
"퍼펙트 마더: 시즌 1: 4화","9/14/24"
"퍼펙트 마더: 시즌 1: 3화","9/14/24"
"퍼펙트 마더: 시즌 1: 2화","9/14/24"
"퍼펙트 마더: 시즌 1: 1화","9/14/24"
"노 웨이 업","9/14/24"
"하우스: 시즌 3: 바보 또는 천재","9/8/24"
"하우스: 시즌 3: 무감각","9/8/24"
"원피스: 시즌 1: 해적이 온다","9/8/24"
"원피스: 시즌 1: 아무 말도 하지 마라","9/8/24"
"원피스: 시즌 1: 바로 이 사나이 '밀짚모자 루피'","9/8/24"
"원피스: 시즌 1: 동터오는 모험 시대","9/8/24"
"소년탐정 김전일 Original: 소년탐정 김전일 Original 1기: 학교 7대 불가사의 살인사건 File 1","9/8/24"
"더 킬러","9/8/24"
"스타트렉: 넥스트 제너레이션: 시즌 2: 남자 사냥","9/8/24"
" ","9/8/24"
"스타트렉: 보이저: 케어테이커: 파트 1, 2","9/8/24"
"프리즌 브레이크: 앨런","9/8/24"
"스타트렉: 넥스트 제너레이션: 시즌 2: 긴 사다리 위로","9/7/24"
"스타트렉: 엔터프라이즈: 테라노바","9/7/24"
"하우스: 시즌 3: 모래사장에서 바늘 찾기","9/7/24"
"프리즌 브레이크: 파일럿 에피소드","9/7/24"
"스타트렉: 엔터프라이즈: 예상치 못한 생명","9/7/24"
"몰리스 게임","9/5/24"
"스타트렉: 딥 스페이스 나인: 예언: 파트 1 및 2","9/3/24"
"블레이드 러너 2049","9/1/24"
"토쿤보","9/1/24"
"하우스: 시즌 3: 어느 날 생긴 일","9/1/24"
"하우스: 시즌 3: 말과 행동","9/1/24"
"하우스: 시즌 3: 메리 크리스마스","9/1/24"
"하우스: 시즌 3: 유다를 찾아서","9/1/24"
"하우스: 시즌 3: 될 대로 되라","9/1/24"
"하우스: 시즌 3: 두더지 게임","8/31/24"
"신입생","8/31/24"
"정강 경찰서: 3화","8/31/24"
"정강 경찰서: 2화","8/31/24"
"정강 경찰서: 1화","8/31/24"
"하우스: 시즌 3: 식물 인간의 아들","8/31/24"
"스타트렉: 엔터프라이즈: 이상한 신세계","8/31/24"
"덱스터: 시즌 8: 그 괴물들 기억 안 나?","8/31/24"
"덱스터: 시즌 8: 상자 안 원숭이","8/31/24"
"덱스터: 시즌 8: 안녕 마이애미","8/29/24"
"덱스터: 시즌 8: 너만의 음악","8/29/24"
"덱스터: 시즌 8: 아직 멀었어?","8/29/24"
"덱스터: 시즌 8: 복장 규정","8/27/24"
"덱스터: 시즌 8: 자성의 시간","8/27/24"
"덱스터: 시즌 8: 예쁜 돼지","8/25/24"
"덱스터: 시즌 8: 흉터","8/25/24"
"덱스터: 시즌 8: 사이코패스?","8/25/24"
"덱스터: 시즌 8: 빛이 있으면 어둠도 있는 법","8/25/24"
"덱스터: 시즌 8: 평화로운 날","8/25/24"
"덱스터: 시즌 7: 놀랐지, 개*끼야!","8/25/24"
"덱스터: 시즌 7: 너에게도 보이니?","8/25/24"
"덱스터: 시즌 7: 어둠의 무언가","8/25/24"
"덱스터: 시즌 7: 허겁지겁","8/25/24"
"덱스터: 시즌 7: 아르헨티나","8/25/24"
"덱스터: 시즌 7: 화학","8/25/24"
"덱스터: 시즌 7: 엇나가기","8/25/24"
"덱스터: 시즌 7: 심해로","8/24/24"
"덱스터: 시즌 7: 뛰어","8/24/24"
"오블리비언","8/24/24"
"덱스터: 시즌 7: 체제 반대","8/22/24"
"덱스터: 시즌 7: 햇볕과 프로스티 스월","8/22/24"
"덱스터: 시즌 7: 당신은?","8/22/24"
"덱스터: 시즌 6: 종말의 방법","8/21/24"
"덱스터: 시즌 6: 겔러의 손","8/21/24"
"덱스터: 시즌 6: 리코쳇 래빗","8/21/24"
"덱스터: 시즌 6: 겔러","8/21/24"
"덱스터: 시즌 6: 태만죄","8/21/24"
"덱스터: 시즌 6: 네브래스카","8/21/24"
"덱스터: 시즌 6: 그냥 놓아줘","8/21/24"
"덱스터: 시즌 6: 죽음의 천사","8/21/24"
"덱스터: 시즌 6: 다른 색의 말","8/21/24"
"페어플레이","8/21/24"
"카지노","8/21/24"
"화이트 크로우","8/20/24"
"덱스터: 시즌 6: 스모키와 밴디트","8/20/24"
"덱스터: 시즌 6: 옛날 옛날에","8/20/24"
"덱스터: 시즌 6: 믿음에 관한 일","8/18/24"
"멕시칸","8/18/24"
"뷰티풀 라이프","8/18/24"
"덱스터: 시즌 5: 최후의 대결","8/18/24"
"덱스터: 시즌 5: 화물선 밀항","8/18/24"
"덱스터: 시즌 5: 맨 처음","8/18/24"
"덱스터: 시즌 5: 청소년의 황무지","8/17/24"
"덱스터: 시즌 5: 쟁취하자!","8/17/24"
"덱스터: 시즌 5: 닫힌 원","8/17/24"
"덱스터: 시즌 5: 환한 세상","8/17/24"
"조지아 룰","8/17/24"
"덱스터: 시즌 5: 첫 번째 피","8/17/24"
"덱스터: 시즌 5: 미녀와 야수","8/17/24"
"덱스터: 시즌 5: 완벽에 가까운 그녀","8/17/24"
"TAR 타르","8/17/24"
"더 유니온","8/17/24"
"롤로와 키드","8/16/24"
"덱스터: 시즌 5: 안녕 말썽꾼","8/15/24"
"예스터데이","8/11/24"
"크로스","8/11/24"
"콘스탄트 가드너","8/11/24"
"브라이언 뱅크스","8/10/24"
"덱스터: 시즌 5: 회한","8/10/24"
"덱스터: 시즌 4: 도주","8/10/24"
"덱스터: 시즌 4: 안녕 덱스터","8/10/24"
"덱스터: 시즌 4: 사라진 소년들","8/10/24"
"덱스터: 시즌 4: 배고픔","8/10/24"
"셜리 치점","8/10/24"
"덱스터: 시즌 4: 로드 킬","8/9/24"
"협상 불가","8/6/24"
"언더월드 : 라이칸의 반란","8/6/24"
"돈 갚는 도둑들","8/6/24"
"스나이퍼: 대테러부대","8/6/24"
"스나이퍼: 로그 미션","8/6/24"
"핍의 살인 사건 안내서: 시즌 1: 6화","8/4/24"
"핍의 살인 사건 안내서: 시즌 1: 5화","8/4/24"
"핍의 살인 사건 안내서: 시즌 1: 4화","8/4/24"
"핍의 살인 사건 안내서: 시즌 1: 3화","8/4/24"
"핍의 살인 사건 안내서: 시즌 1: 2화","8/4/24"
"핍의 살인 사건 안내서: 시즌 1: 1화","8/4/24"
"치히로 상","8/3/24"
"백엔의 사랑","8/3/24"
"맵고 뜨겁게","8/3/24"
"클레오: 시즌 2: 해마","8/3/24"
"클레오: 시즌 1: 보랏빛 마녀","8/3/24"
"도쿄 사기꾼들: 에피소드 #07","8/3/24"
"도쿄 사기꾼들: 에피소드 #06","8/3/24"
"도쿄 사기꾼들: 에피소드 #05","8/3/24"
"Rebel Moon — 파트 1: 감독판","8/3/24"
"도쿄 사기꾼들: 에피소드 #04","7/30/24"
"도쿄 사기꾼들: 에피소드 #03","7/30/24"
"도쿄 사기꾼들: 에피소드 #02","7/30/24"
"도쿄 사기꾼들: 에피소드 #01","7/30/24"
"악마는 사라지지 않는다","7/29/24"
"세기말의 사랑","7/27/24"
"상양부: 등 축제의 자객","7/27/24"
"상양부: 왕현의 급계 예식","7/27/24"
"엘리트들: 시즌 8: 동문회","7/27/24"
"엘리트들: 시즌 7: 내가 끝장내 주지","7/27/24"
"엘리트들: 시즌 8: 학년말","7/27/24"
"엘리트들: 시즌 8: 남매처럼","7/27/24"
"엘리트들: 시즌 8: 유죄","7/27/24"
"엘리트들: 시즌 8: 마지막 밤","7/27/24"
"엘리트들: 시즌 8: 누구의 것도 아닌 나","7/27/24"
"엘리트들: 시즌 8: 연소","7/27/24"
"엘리트들: 시즌 8: 벼랑 끝으로","7/27/24"
"덱스터: 시즌 4: 게조","7/23/24"
"덱스터: 시즌 4: 망치가 있다면","7/23/24"
"덱스터: 시즌 4: 더티 해리","7/22/24"
"덱스터: 시즌 4: 휴가","7/22/24"
"파인드 미 폴링","7/21/24"
"힐빌리의 노래","7/21/24"
"마스터 오브 더 하우스: 리미티드 시리즈: 죽음의 길","7/21/24"
"마스터 오브 더 하우스: 리미티드 시리즈: 응징","7/21/24"
"마스터 오브 더 하우스: 리미티드 시리즈: 위험한 제안","7/21/24"
"마스터 오브 더 하우스: 리미티드 시리즈: 최후의 만찬","7/21/24"
"그린 글러브 갱: 시즌 2: 8화","7/21/24"
"그린 글러브 갱: 시즌 2: 7화","7/21/24"
"그린 글러브 갱: 시즌 2: 6화","7/21/24"
"그린 글러브 갱: 시즌 2: 5화","7/20/24"
"그린 글러브 갱: 시즌 2: 4화","7/20/24"
"그린 글러브 갱: 시즌 2: 3화","7/20/24"
"그린 글러브 갱: 시즌 2: 2화","7/20/24"
"그린 글러브 갱: 시즌 2: 1화","7/20/24"
"그린 글러브 갱: 시즌 1: 8화","7/20/24"
"그린 글러브 갱: 시즌 1: 7화","7/20/24"
"그린 글러브 갱: 시즌 1: 6화","7/20/24"
"그린 글러브 갱: 시즌 1: 5화","7/20/24"
"그린 글러브 갱: 시즌 1: 4화","7/20/24"
"그린 글러브 갱: 시즌 1: 3화","7/20/24"
"그린 글러브 갱: 시즌 1: 2화","7/20/24"
"그린 글러브 갱: 시즌 1: 1화","7/20/24"
"파묘","7/20/24"
"바이킹스: 발할라: 시즌 3: 운명","7/19/24"
"바이킹스: 발할라: 시즌 3: '하르드라다'","7/19/24"
"바이킹스: 발할라: 시즌 3: 카테가트로 돌아가다","7/19/24"
"바이킹스: 발할라: 시즌 3: 그린란드","7/19/24"
"바이킹스: 발할라: 시즌 3: 욤스보그의 종말","7/19/24"
"바이킹스: 발할라: 시즌 3: 상실","7/18/24"
"바이킹스: 발할라: 시즌 3: 명예와 불명예","7/18/24"
"바이킹스: 발할라: 시즌 3: 7년 후","7/18/24"
"덱스터: 시즌 4: 빛에 눈이 멀다","7/14/24"
"덱스터: 시즌 4: 기억의 조각들","7/14/24"
"댓글부대","7/14/24"
"덱스터: 시즌 4: 꿈 같은 생활","7/14/24"
"덱스터: 시즌 3: 부부의 연","7/12/24"
"덱스터: 시즌 3: 꿈이 있었지","7/12/24"
"흔적 없는 삶","7/12/24"
"덱스터: 시즌 3: 각자의 길","7/9/24"
"땡큐, 아임 소리","7/7/24"
"고요","7/7/24"
"덱스터: 시즌 3: 어젯밤에 생긴 일","7/7/24"
"글래스 하우스","7/6/24"
"바이킹스: 발할라: 시즌 1: 그린란드인","7/6/24"
"킬 룸","7/6/24"
"잭 리처","7/6/24"
"비버리 힐스 캅: 액셀 F","7/6/24"
"덱스터: 시즌 3: 나비효과","7/4/24"
"덱스터: 시즌 3: 식은 죽 먹기","7/4/24"
"아메리칸 갱스터","7/4/24"
"돌풍: 리미티드 시리즈: 12화","6/30/24"
"돌풍: 리미티드 시리즈: 11화","6/30/24"
"돌풍: 리미티드 시리즈: 10화","6/30/24"
"돌풍: 리미티드 시리즈: 9화","6/30/24"
"돌풍: 리미티드 시리즈: 8화","6/30/24"
"돌풍: 리미티드 시리즈: 7화","6/30/24"
"돌풍: 리미티드 시리즈: 6화","6/30/24"
"돌풍: 리미티드 시리즈: 5화","6/30/24"
"돌풍: 리미티드 시리즈: 4화","6/30/24"
"돌풍: 리미티드 시리즈: 3화","6/30/24"
"돌풍: 리미티드 시리즈: 2화","6/30/24"
"돌풍: 리미티드 시리즈: 1화","6/30/24"
"희생자 게임: 시즌 2: 8화","6/30/24"
"희생자 게임: 시즌 2: 7화","6/30/24"
"희생자 게임: 시즌 2: 6화","6/30/24"
"희생자 게임: 시즌 2: 5화","6/30/24"
"희생자 게임: 시즌 2: 4화","6/30/24"
"희생자 게임: 시즌 2: 3화","6/30/24"
"희생자 게임: 시즌 2: 2화","6/29/24"
"희생자 게임: 시즌 2: 1화","6/29/24"
"희생자 게임: 시즌 1: 우산","6/29/24"
"희생자 게임: 시즌 1: 수원화","6/29/24"
"희생자 게임: 시즌 1: 마지막 소망","6/29/24"
"희생자 게임: 시즌 1: 문신","6/29/24"
"희생자 게임: 시즌 1: 정거장","6/29/24"
"희생자 게임: 시즌 1: 촛불","6/29/24"
"희생자 게임: 시즌 1: 보도","6/29/24"
"희생자 게임: 시즌 1: 지문","6/29/24"
"레드 드래곤","6/25/24"
"본 슈프리머시","6/23/24"
"DC 타이탄: 시즌 1: 로빈과 로빈","6/23/24"
"DC 타이탄: 시즌 1: 우리","6/23/24"
"DC 타이탄: 시즌 1: 둠 패트롤","6/23/24"
"DC 타이탄: 시즌 1: 근원을 찾아서","6/22/24"
"DC 타이탄: 시즌 1: 호크와 도브","6/22/24"
"DC 타이탄: 시즌 1: 운명적 만남","6/22/24"
"데드윈드: 시즌 2: 인질 교환","6/20/24"
"데드윈드: 시즌 2: 정의의 여신","6/20/24"
"데드윈드: 시즌 2: 화물선 멜리카","6/20/24"
"데드윈드: 시즌 2: 별들의 속삭임","6/20/24"
"녹터널 애니멀스","6/20/24"
"서던 리치: 소멸의 땅","6/16/24"
"데드윈드: 시즌 1: 다시, 처음으로","6/16/24"
"데드윈드: 시즌 1: 살아남는 방법","6/16/24"
"데드윈드: 시즌 1: 혼자 할 수 없는 일","6/16/24"
"데드윈드: 시즌 1: 착한 사마리아인","6/16/24"
"데드윈드: 시즌 1: 치료","6/16/24"
"데드윈드: 시즌 1: 고향","6/16/24"
"데드윈드: 시즌 1: 딸의 아픔","6/15/24"
"데드윈드: 시즌 1: 형제","6/15/24"
"데드윈드: 시즌 1: 납치","6/15/24"
"데드윈드: 시즌 1: 인어 공주의 진실","6/15/24"
"데드윈드: 시즌 1: 파티에서","6/15/24"
"데드윈드: 시즌 1: 상실과 만남","6/15/24"
"더 우먼 킹","6/15/24"
"스위트 투스: 사슴뿔을 가진 소년: 시즌 3: 이 이야기는…","6/15/24"
"스위트 투스: 사슴뿔을 가진 소년: 시즌 3: 여정의 끝","6/15/24"
"스위트 투스: 사슴뿔을 가진 소년: 시즌 3: 여기저기에 괴물이 있다","6/15/24"
"스위트 투스: 사슴뿔을 가진 소년: 시즌 3: 고자질하는 심장","6/15/24"
"설중한도행: 왕의 길: 7회","6/12/24"
"스위트 투스: 사슴뿔을 가진 소년: 시즌 3: 저 바다 너머 어딘가","6/12/24"
"스위트 투스: 사슴뿔을 가진 소년: 시즌 3: 무리","6/12/24"
"스위트 투스: 사슴뿔을 가진 소년: 시즌 3: 시골 소년이라 다행이야","6/12/24"
"스위트 투스: 사슴뿔을 가진 소년: 시즌 3: 시작이 곧 끝이다","6/9/24"
"설중한도행: 왕의 길: 6회","6/9/24"
"스타트렉: 엔터프라이즈: 투쟁 혹은 도피","6/9/24"
"스위트 투스: 사슴뿔을 가진 소년: 시즌 2: 마지막 인류의 발라드","6/9/24"
"스위트 투스: 사슴뿔을 가진 소년: 시즌 2: 널 찾을게","6/9/24"
"스위트 투스: 사슴뿔을 가진 소년: 시즌 2: 그때 그리고 지금","6/9/24"
"스위트 투스: 사슴뿔을 가진 소년: 시즌 2: 필요한 것","6/9/24"
"괴물 나무꾼","6/9/24"
"설중한도행: 왕의 길: 5회","6/9/24"
"설중한도행: 왕의 길: 4회","6/9/24"
"설중한도행: 왕의 길: 3회","6/9/24"
"설중한도행: 왕의 길: 2회","6/8/24"
"설중한도행: 왕의 길: 1회","6/8/24"
"RRR: 라이즈 로어 리볼트","6/8/24"
"고립된 남자","6/8/24"
"히트맨","6/8/24"
"하이웨이맨","6/7/24"
"스타트렉: 엔터프라이즈: 브로큰보우: 파트 1, 2","6/6/24"
"스위트 투스: 사슴뿔을 가진 소년: 시즌 2: 나쁜 사람","6/6/24"
"스위트 투스: 사슴뿔을 가진 소년: 시즌 2: 닭이 먼저냐 달걀이 먼저냐","6/6/24"
"스위트 투스: 사슴뿔을 가진 소년: 시즌 2: 깊은 숲속으로","6/6/24"
"센강 아래","6/6/24"
"스위트 투스: 사슴뿔을 가진 소년: 시즌 2: 감금","6/4/24"
"스위트 투스: 사슴뿔을 가진 소년: 시즌 1: 덩치 아저씨","6/4/24"
"스위트 투스: 사슴뿔을 가진 소년: 시즌 1: 퍼바가 버디를 만났을 때","6/3/24"
"스위트 투스: 사슴뿔을 가진 소년: 시즌 1: 낯설고 위험한 열차","6/3/24"
"스위트 투스: 사슴뿔을 가진 소년: 시즌 1: 저 안에 뭐가 있을까?","6/3/24"
"스위트 투스: 사슴뿔을 가진 소년: 시즌 1: 비밀 소스","6/3/24"
"스위트 투스: 사슴뿔을 가진 소년: 시즌 1: 이상한 사슴 짓","6/2/24"
"스위트 투스: 사슴뿔을 가진 소년: 시즌 1: 죽은 사람들 남기고 가서 미안","6/2/24"
"스위트 투스: 사슴뿔을 가진 소년: 시즌 1: 철조망 너머 바깥세상엔","6/2/24"
"에릭: 리미티드 시리즈: 6화","6/2/24"
"에릭: 리미티드 시리즈: 5화","6/2/24"
"에릭: 리미티드 시리즈: 4화","6/2/24"
"에릭: 리미티드 시리즈: 3화","6/2/24"
"에릭: 리미티드 시리즈: 2화","6/2/24"
"에릭: 리미티드 시리즈: 1화","6/2/24"
"히어로는 없다","6/1/24"
"재키의 링","5/29/24"
"인피에스토","5/29/24"
"바르트코비아크","5/29/24"
"하우스: 시즌 3: 바보들의 사랑","5/28/24"
"하우스: 시즌 3: 돌이킬 수 없어","5/28/24"
"덱스터: 시즌 3: 할 수 있다","5/28/24"
"덱스터: 시즌 3: 비미니","5/28/24"
"시큐리티","5/27/24"
"엑스트레모","5/25/24"
"지상 최강의 부대: 사막의 폭풍","5/25/24"
"헝거 게임: 모킹제이","5/25/24"
"프리즈너스","5/22/24"
"덱스터: 시즌 3: 가족","5/21/24"
"덱스터: 시즌 3: 사자가 자는 오늘 밤","5/21/24"
"덱스터: 시즌 3: 프리보를 찾아서","5/19/24"
"골든 카무이","5/19/24"
"문 섀도우","5/19/24"
"The 8 Show: 리미티드 시리즈: 8화","5/19/24"
"The 8 Show: 리미티드 시리즈: 7화","5/19/24"
"The 8 Show: 리미티드 시리즈: 6화","5/19/24"
"The 8 Show: 리미티드 시리즈: 5화","5/19/24"
"The 8 Show: 리미티드 시리즈: 4화","5/18/24"
"The 8 Show: 리미티드 시리즈: 3화","5/18/24"
"The 8 Show: 리미티드 시리즈: 2화","5/18/24"
"The 8 Show: 리미티드 시리즈: 1화","5/18/24"
"어머니 니나","5/18/24"
"덱스터: 시즌 3: 우리 아버지","5/18/24"
"덱스터: 시즌 2: 브리티시 인베이전","5/16/24"
"덱스터: 시즌 2: 전방 좌회전","5/16/24"
"덱스터: 시즌 2: 해리에겐 뭔가 특별한 것이 있다","5/16/24"
"덱스터: 시즌 2: 저항은 소용없다","5/15/24"
"매혹당한 사람들","5/15/24"
"바람","5/15/24"
"분노의 탄생","5/15/24"
"분노","5/15/24"
"덱스터: 시즌 2: 아침이 밝아온다","5/15/24"
"하우스: 시즌 3: 환자의 동의","5/15/24"
"리브 더 월드 비하인드","5/14/24"
"업그레이드","5/14/24"
"덱스터: 시즌 2: 그 날 밤에 숲이 생겼다","5/13/24"
"머큐리","5/13/24"
"야카모즈 S-245: 7화","5/12/24"
"야카모즈 S-245: 6화","5/12/24"
"야카모즈 S-245: 5화","5/12/24"
"야카모즈 S-245: 4화","5/12/24"
"야카모즈 S-245: 3화","5/12/24"
"야카모즈 S-245: 2화","5/12/24"
"야카모즈 S-245: 1화","5/11/24"
"어둠 속으로: 시즌 2: 아실","5/11/24"
"어둠 속으로: 시즌 2: 테아","5/11/24"
"어둠 속으로: 시즌 2: 지아","5/11/24"
"어둠 속으로: 시즌 2: 이네스","5/10/24"
"어둠 속으로: 시즌 2: 로라","5/10/24"
"어둠 속으로: 시즌 2: 자라","5/10/24"
"어둠 속으로: 시즌 1: 테렌치오","5/8/24"
"어둠 속으로: 시즌 1: 리크","5/8/24"
"어둠 속으로: 시즌 1: 아야즈","5/8/24"
"어둠 속으로: 시즌 1: 마티외","5/8/24"
"어둠 속으로: 시즌 1: 야쿠프","5/7/24"
"어둠 속으로: 시즌 1: 실비","5/7/24"
"언포기버블","5/7/24"
"덱스터: 시즌 2: 덱스터, 거짓말 그리고 비디오","5/6/24"
"덱스터: 시즌 2: 어둠의 수호자","5/6/24"
"덱스터: 시즌 2: 실체","5/6/24"
"아순타 케이스: 리미티드 시리즈: 재판","5/5/24"
"아순타 케이스: 리미티드 시리즈: 24시간","5/5/24"
"아순타 케이스: 리미티드 시리즈: 9월 28일","5/5/24"
"아순타 케이스: 리미티드 시리즈: 9월 26일","5/5/24"
"아순타 케이스: 리미티드 시리즈: 9월 24일","5/5/24"
"아순타 케이스: 리미티드 시리즈: 9월 21일","5/5/24"
"어느 남자의 완전한 삶: 리미티드 시리즈: 안장주머니","5/5/24"
"어느 남자의 완전한 삶: 리미티드 시리즈: 심판의 날","5/5/24"
"어느 남자의 완전한 삶: 리미티드 시리즈: 벼랑 끝에서","5/5/24"
"어느 남자의 완전한 삶: 리미티드 시리즈: 시간이 없다","5/5/24"
"어느 남자의 완전한 삶: 리미티드 시리즈: 급습","5/5/24"
"어느 남자의 완전한 삶: 리미티드 시리즈: 결정적 한 방","5/5/24"
"베이비 레인디어: 리미티드 시리즈: 7화","5/4/24"
"베이비 레인디어: 리미티드 시리즈: 6화","5/4/24"
"베이비 레인디어: 리미티드 시리즈: 5화","4/30/24"
"베이비 레인디어: 리미티드 시리즈: 4화","4/30/24"
"베이비 레인디어: 리미티드 시리즈: 3화","4/30/24"
"베이비 레인디어: 리미티드 시리즈: 2화","4/30/24"
"베이비 레인디어: 리미티드 시리즈: 1화","4/30/24"
"하루 반의 시간","4/29/24"
"덱스터: 시즌 2: 곤란한 거짓말","4/29/24"
"사라진 그녀","4/28/24"
"덱스터: 시즌 2: 날숨의 타이밍","4/28/24"
"덱스터: 시즌 2: 살아있다","4/28/24"
"덱스터: 자유로운 영혼","4/28/24"
"덱스터: 진실","4/28/24"
"덱스터: 붉은색이 보이는","4/28/24"
"덱스터: 아빠가 제일 잘 안다","4/25/24"
"스나이퍼: 레거시","4/25/24"
"덱스터: 수축 포장","4/23/24"
"퍼니셔2","4/23/24"
"덱스터: 친구 사이","4/22/24"
"덱스터: 발송자 반송","4/22/24"
"내 이름은 마더","4/22/24"
"욕망의 새: 시즌 1: 2화","4/22/24"
"욕망의 새: 시즌 1: 1화","4/22/24"
"욕망의 새: 시즌 3: 8화","4/21/24"
"욕망의 새: 시즌 3: 7화","4/21/24"
"욕망의 새: 시즌 3: 6화","4/21/24"
"욕망의 새: 시즌 3: 5화","4/21/24"
"욕망의 새: 시즌 3: 4화","4/21/24"
"욕망의 새: 시즌 3: 3화","4/21/24"
"욕망의 새: 시즌 3: 2화","4/21/24"
"욕망의 새: 시즌 3: 1화","4/21/24"
"욕망의 새: 시즌 2: 8화","4/20/24"
"욕망의 새: 시즌 2: 7화","4/20/24"
"욕망의 새: 시즌 2: 6화","4/20/24"
"욕망의 새: 시즌 2: 5화","4/20/24"
"욕망의 새: 시즌 2: 4화","4/20/24"
"욕망의 새: 시즌 2: 3화","4/20/24"
"욕망의 새: 시즌 2: 2화","4/20/24"
"욕망의 새: 시즌 2: 1화","4/20/24"
"Rebel Moon — 메이킹: 우주의 탄생","4/20/24"
"Rebel Moon — 파트 2: 스카기버","4/20/24"
"Rebel Moon — 파트 1: 불의 아이","4/20/24"
"그레이 맨","4/18/24"
"하우스: 시즌 3: 카인과 아벨","4/15/24"
"덱스터: 미국식 사랑","4/14/24"
"더 레슨","4/14/24"
"프라우드 메리","4/14/24"
"스나이퍼: 얼티밋 킬","4/14/24"
"잿빛 석탄: 교단의 비밀: 세계의 균형","4/14/24"
"잿빛 석탄: 교단의 비밀: 암흑보다 짙은 어둠","4/14/24"
"잿빛 석탄: 교단의 비밀: 레비아 보렐리스","4/14/24"
"잿빛 석탄: 교단의 비밀: 아무도 믿지 마라","4/14/24"
"잿빛 석탄: 교단의 비밀: 13번째 제자","4/14/24"
"잿빛 석탄: 교단의 비밀: 여전히 타오르는 불길","4/14/24"
"덱스터: 이 소년을 도와줘라","4/13/24"
"하우스: 시즌 3: 뜻","4/13/24"
"하우스: 시즌 2: 이유의 부재","4/13/24"
"SAS 특수부대: 라이즈 오브 블랙 스완","4/13/24"
"극한직업","4/13/24"
"하우스: 시즌 2: 네 아빠가 누구지?","4/10/24"
"하우스: 시즌 2: 영원","4/10/24"
"하우스: 시즌 2: 이상한 행복감 - 파트 2","4/10/24"
"하우스: 시즌 2: 이상한 행복감 - 파트 1","4/10/24"
"터닝 포인트","4/10/24"
"라스트 데이스 오브 아메리칸 크라임","4/10/24"
"아논","4/10/24"
"나쁜 놈들: 시즌 1: 판테르","4/10/24"
"크라임 씬 베를린: 밤의 살인: 의문의 죽음","4/10/24"
"우리는 믿습니다: 시즌 1: 끝없는 쳇바퀴","4/7/24"
"우리는 믿습니다: 시즌 1: 믿는 자에게만 일어나는 기적","4/7/24"
"우리는 믿습니다: 시즌 1: 누구나 길을 잃는다","4/7/24"
"우리는 믿습니다: 시즌 1: 선행","4/7/24"
"우리는 믿습니다: 시즌 1: 삶은 욕망의 연속","4/7/24"
"기생수: 더 그레이: 리미티드 시리즈: 6화","4/6/24"
"기생수: 더 그레이: 리미티드 시리즈: 5화","4/6/24"
"기생수: 더 그레이: 리미티드 시리즈: 1화","4/6/24"
"덱스터: 처녀를 빼앗아","4/2/24"
"덱스터: 악어","4/1/24"
"덱스터: 덱스터","4/1/24"
"더 이퀄라이저 3","3/31/24"
"고이 잠드소서","3/31/24"
"하트 오브 더 헌터","3/31/24"
"웨이 다운","3/31/24"
"공포의 보수","3/31/24"
"블러드 앤 골드","3/28/24"
"하우스: 시즌 2: 하우스 대 하나님","3/27/24"
"철의 손: 피의 문제","3/26/24"
"철의 손: 갈림길","3/26/24"
"철의 손: 불길한 징조","3/26/24"
"철의 손: 눈에는 눈 이에는 이","3/24/24"
"철의 손: 승부수","3/24/24"
"철의 손: 피의 왕좌","3/24/24"
"철의 손: 왕이여, 만세를 누리소서","3/24/24"
"철의 손: 항구의 법칙","3/24/24"
"정무문: 100대 1의 전설","3/24/24"
"스파이 퀸: 죽을 순 없잖아","3/24/24"
"스파이 퀸: 퀸 소노","3/24/24"
"패러다이스","3/24/24"
"여도둑들","3/24/24"
"반디도스: 시즌 1: 보물","3/23/24"
"반디도스: 시즌 1: 배신자","3/23/24"
"반디도스: 시즌 1: 교환","3/23/24"
"반디도스: 시즌 1: 세 가지 열쇠의 전설","3/23/24"
"반디도스: 시즌 1: 스톤","3/23/24"
"반디도스: 시즌 1: 신성한 장소","3/23/24"
"반디도스: 시즌 1: 지도","3/23/24"
"삼체: 시즌 1: 면벽자","3/23/24"
"삼체: 시즌 1: 오직 전진","3/23/24"
"삼체: 시즌 1: 우리 목적지는 별","3/23/24"
"삼체: 시즌 1: 심판일","3/23/24"
"삼체: 시즌 1: 우리의 주님","3/23/24"
"삼체: 시즌 1: 세상을 파괴하는 자","3/23/24"
"삼체: 시즌 1: 홍안","3/22/24"
"삼체: 시즌 1: 카운트다운","3/22/24"
"사라진 탄환 2","3/21/24"
"닭강정: 리미티드 시리즈: 10화","3/20/24"
"닭강정: 리미티드 시리즈: 9화","3/20/24"
"닭강정: 리미티드 시리즈: 8화","3/20/24"
"닭강정: 리미티드 시리즈: 7화","3/20/24"
"닭강정: 리미티드 시리즈: 6화","3/20/24"
"닭강정: 리미티드 시리즈: 5화","3/20/24"
"닭강정: 리미티드 시리즈: 4화","3/19/24"
"닭강정: 리미티드 시리즈: 3화","3/19/24"
"닭강정: 리미티드 시리즈: 2화","3/19/24"
"닭강정: 리미티드 시리즈: 1화","3/19/24"
"킬러의 보디가드 2","3/19/24"
"가스퍼의 24시간","3/18/24"
"7월 22일","3/18/24"
"하우스: 시즌 2: 잠 못 드는 그녀","3/17/24"
"하우스: 시즌 2: 올인","3/17/24"
"하우스: 시즌 2: 연결 고리를 찾아라","3/14/24"
"밤이 온다","3/14/24"
"눈물의 여왕: 리미티드 시리즈: 1화","3/14/24"
"젠틀맨","3/13/24"
"하우스: 시즌 2: 완전 범죄","3/13/24"
"배드 사마리안","3/12/24"
"하우스: 시즌 2: 치명적 섹스","3/11/24"
"화이트 보이 릭","3/11/24"
"길복순","3/11/24"
"자완: 확장판","3/10/24"
"더 스위머스","3/10/24"
"젠틀맨: 더 시리즈: 시즌 1: 보비 글라스의 가스펠","3/10/24"
"젠틀맨: 더 시리즈: 시즌 1: 위험에 맞서라","3/10/24"
"젠틀맨: 더 시리즈: 시즌 1: 모든 만일의 사태","3/10/24"
"젠틀맨: 더 시리즈: 시즌 1: 사촌이 수백 명","3/10/24"
"젠틀맨: 더 시리즈: 시즌 1: 몰인정한 젠틀맨","3/10/24"
"젠틀맨: 더 시리즈: 시즌 1: 내 대마초는 어디에","3/10/24"
"젠틀맨: 더 시리즈: 시즌 1: 토미 문제","3/10/24"
"젠틀맨: 더 시리즈: 시즌 1: 세련된 공격","3/9/24"
"플랜 B","3/9/24"
"하우스: 시즌 2: 껍질 뿐인 미모","3/9/24"
"퓨리: 시즌 1: 퓨리: 머리에 총 맞는 것보단 실연당하는 게 낫지","3/9/24"
"퓨리: 시즌 1: 퓨리: 이분 밑에서 일해요","3/9/24"
"헝거","3/9/24"
"비바리움","3/8/24"
"하우스: 시즌 2: 우주의 균형","3/7/24"
"하우스: 시즌 2: 숨어있는 진실","3/3/24"
"하우스: 시즌 2: 연결 문제","3/3/24"
"스나이퍼: 고스트 슈터","3/3/24"
"테이커스","3/3/24"
"돼지와 뱀과 비둘기","3/3/24"
"파우다: 혼돈: 시즌 2: 8화","3/3/24"
"파우다: 혼돈: 시즌 2: 7화","3/3/24"
"파우다: 혼돈: 시즌 2: 6화","3/3/24"
"파우다: 혼돈: 시즌 2: 5화","3/2/24"
"파우다: 혼돈: 시즌 2: 4화","3/2/24"
"파우다: 혼돈: 시즌 2: 3화","3/2/24"
"파우다: 혼돈: 시즌 2: 2화","3/2/24"
"파우다: 혼돈: 시즌 2: 1화","3/2/24"
"로기완","3/1/24"
"파우다: 혼돈: 시즌 1: 12화","3/1/24"
"파우다: 혼돈: 시즌 1: 11화","3/1/24"
"파우다: 혼돈: 시즌 1: 10화","3/1/24"
"파우다: 혼돈: 시즌 1: 9화","3/1/24"
"파우다: 혼돈: 시즌 1: 8화","3/1/24"
"파우다: 혼돈: 시즌 1: 7화","3/1/24"
"파우다: 혼돈: 시즌 1: 6화","3/1/24"
"파우다: 혼돈: 시즌 1: 5화","3/1/24"
"파우다: 혼돈: 시즌 1: 4화","3/1/24"
"파우다: 혼돈: 시즌 1: 3화","3/1/24"
"파우다: 혼돈: 시즌 1: 2화","3/1/24"
"파우다: 혼돈: 시즌 1: 1화","3/1/24"
"하우스: 시즌 2: 기만","2/29/24"
"하우스: 시즌 2: 오진","2/27/24"
"윈드폴","2/26/24"
"루스에게 생긴 일","2/26/24"
"올 더 머니","2/25/24"
"에밀리: 범죄의 유혹","2/25/24"
"흑사회","2/25/24"
"프로젝트 파워","2/25/24"
"더 하드 웨이","2/24/24"
"미드나이트 스카이","2/24/24"
"하우스: 시즌 2: 사냥","2/22/24"
"언컷 젬스","2/21/24"
"하우스: 시즌 2: 싸이클","2/21/24"
"하우스: 시즌 2: 아버지와 아들","2/21/24"
"하우스: 시즌 2: 결핵인가 아닌가","2/19/24"
"하우스: 시즌 2: 추락의 결과","2/19/24"
"하우스: 시즌 2: 부검","2/19/24"
"하우스: 시즌 2: 수용","2/19/24"
"배드 랜드","2/18/24"
"하우스: 시즌 1: 신혼여행","2/18/24"
"하우스: 시즌 1: 세 가지 이야기","2/18/24"
"하우스: 시즌 1: 사랑의 아픔","2/18/24"
"하우스: 시즌 1: 전염병","2/18/24"
"하우스: 시즌 1: 위기의 아기들","2/18/24"
"하우스: 시즌 1: 본보기","2/18/24"
"하우스: 시즌 1: 비만","2/18/24"
"하우스: 시즌 1: 갱의 법칙","2/18/24"
"레이트 나이트","2/18/24"
"사라진 소녀들","2/17/24"
"닌자의 집: 꽃","2/17/24"
"닌자의 집: 흔적","2/17/24"
"닌자의 집: 지령","2/17/24"
"헤이터","2/17/24"
"하우스: 시즌 1: 주도권","2/17/24"
"원 데이: 리미티드 시리즈: 14화","2/15/24"
"원 데이: 리미티드 시리즈: 13화","2/15/24"
"원 데이: 리미티드 시리즈: 12화","2/14/24"
"원 데이: 리미티드 시리즈: 11화","2/14/24"
"원 데이: 리미티드 시리즈: 10화","2/14/24"
"원 데이: 리미티드 시리즈: 9화","2/14/24"
"원 데이: 리미티드 시리즈: 8화","2/13/24"
"원 데이: 리미티드 시리즈: 7화","2/13/24"
"원 데이: 리미티드 시리즈: 6화","2/13/24"
"원 데이: 리미티드 시리즈: 5화","2/13/24"
"원 데이: 리미티드 시리즈: 4화","2/13/24"
"원 데이: 리미티드 시리즈: 3화","2/13/24"
"원 데이: 리미티드 시리즈: 2화","2/13/24"
"원 데이: 리미티드 시리즈: 1화","2/13/24"
"하우스: 시즌 1: 저주","2/13/24"
"하우스: 시즌 1: 스테로이드","2/13/24"
"텐 데이즈 오브 배드 맨","2/12/24"
"텐 데이즈 오브 굿 맨","2/12/24"
"하우스: 시즌 1: 금단 증상","2/12/24"
"하우스: 시즌 1: 병력","2/12/24"
"하우스: 시즌 1: 소생 거부","2/12/24"
"하우스 오브 스파이","2/11/24"
"나이애드의 다섯 번째 파도","2/11/24"
"재","2/11/24"
"베이비 반디토: 시즌 1: 도둑보다 거짓말쟁이 잡기가 더 쉽다","2/11/24"
"베이비 반디토: 시즌 1: 기회가 도둑을 만든다","2/11/24"
"살인자ㅇ난감: 8화","2/11/24"
"살인자ㅇ난감: 7화","2/11/24"
"살인자ㅇ난감: 6화","2/11/24"
"살인자ㅇ난감: 5화","2/11/24"
"살인자ㅇ난감: 4화","2/11/24"
"살인자ㅇ난감: 3화","2/11/24"
"살인자ㅇ난감: 2화","2/10/24"
"살인자ㅇ난감: 1화","2/10/24"
"빅 4","2/10/24"
"하우스: 시즌 1: 중독","2/9/24"
"버려진 사람들","2/9/24"
"하우스: 시즌 1: 정절","2/8/24"
"하우스: 시즌 1: 문답법","2/8/24"
"어 사우전드 앤드 원","2/8/24"
"하우스: 시즌 1: 신의 뜻","2/8/24"
"하우스: 시즌 1: 신생아 병동","2/8/24"
"하우스: 시즌 1: 감기","2/8/24"
"하우스: 시즌 1: 부성","2/8/24"
"하우스: 시즌 1: 파일럿","2/8/24"
"롤라 앤 첼시: 시즌 3: 무법자들","2/7/24"
"롤라 앤 첼시: 시즌 3: 분열","2/7/24"
"롤라 앤 첼시: 시즌 3: 곤경","2/7/24"
"롤라 앤 첼시: 시즌 3: 뱀 가죽","2/7/24"
"롤라 앤 첼시: 시즌 3: 질주","2/7/24"
"롤라 앤 첼시: 시즌 3: 감금","2/6/24"
"롤라 앤 첼시: 시즌 2: 6화","2/5/24"
"롤라 앤 첼시: 시즌 2: 5화","2/5/24"
"롤라 앤 첼시: 시즌 2: 4화","2/5/24"
"롤라 앤 첼시: 시즌 2: 3화","2/4/24"
"롤라 앤 첼시: 시즌 2: 2화","2/4/24"
"롤라 앤 첼시: 시즌 2: 1화","2/4/24"
"롤라 앤 첼시: 막다른 길","2/4/24"
"롤라 앤 첼시: 우회로","2/4/24"
"롤라 앤 첼시: 나쁜 놈들의 땅","2/4/24"
"롤라 앤 첼시: 과거의 그림자","2/4/24"
"롤라 앤 첼시: 롤라 런","2/4/24"
"롤라 앤 첼시: 트렁크 안의 여자들","2/4/24"
"탑건: 매버릭","2/4/24"
"트리즌: 리미티드 시리즈: 5화","2/3/24"
"트리즌: 리미티드 시리즈: 4화","2/3/24"
"트리즌: 리미티드 시리즈: 3화","2/3/24"
"트리즌: 리미티드 시리즈: 2화","2/3/24"
"트리즌: 리미티드 시리즈: 1화","2/3/24"
"매니악: 리미티드 시리즈: 최악의 날","2/3/24"
"매니악: 리미티드 시리즈: 풍차","2/3/24"
"매니악: 리미티드 시리즈: 구원자","2/3/24"
"버닝 바디: 리미티드 시리즈: 로사의 두 얼굴","2/3/24"
"버닝 바디: 리미티드 시리즈: 저수지","2/3/24"
"블랙 앤 블루","2/3/24"
"지옥에서 온 전언","2/2/24"
"왓쳐","2/2/24"
"와일드","1/31/24"
"폴라","1/30/24"
"타우","1/30/24"
"짐승의 시간","1/28/24"
"샤프트","1/28/24"
"디 애프터","1/28/24"
"더 키친","1/28/24"
"그리셀다: 리미티드 시리즈: 아디오스, 마이애미","1/28/24"
"그리셀다: 리미티드 시리즈: 잃어버린 낙원","1/28/24"
"그리셀다: 리미티드 시리즈: 중간 관리자","1/28/24"
"그리셀다: 리미티드 시리즈: 뮤티니","1/28/24"
"그리셀다: 리미티드 시리즈: 백인 부자들","1/28/24"
"그리셀다: 리미티드 시리즈: 그녀가 왔다","1/28/24"
"와일드 카드","1/27/24"
"비밀의 비밀: 리미티드 시리즈: 8화","1/27/24"
"비밀의 비밀: 리미티드 시리즈: 7화","1/27/24"
"비밀의 비밀: 리미티드 시리즈: 6화","1/27/24"
"비밀의 비밀: 리미티드 시리즈: 5화","1/27/24"
"비밀의 비밀: 리미티드 시리즈: 4화","1/27/24"
"비밀의 비밀: 리미티드 시리즈: 3화","1/27/24"
"비밀의 비밀: 리미티드 시리즈: 2화","1/27/24"
"비밀의 비밀: 리미티드 시리즈: 1화","1/25/24"
" ","1/24/24"
"더 라스트 머시너리","1/22/24"
"루터: 태양의 몰락","1/22/24"
"굿 모닝 베로니카: 시즌 2: 천국과 지옥 사이","1/22/24"
"굿 모닝 베로니카: 시즌 2: 양의 가죽을 쓴 늑대","1/22/24"
"굿 모닝 베로니카: 시즌 2: 얻은 것과 잃은 것","1/21/24"
"굿 모닝 베로니카: 시즌 1: 그녀는 너무 많은 걸 알고 있다","1/21/24"
"굿 모닝 베로니카: 시즌 1: 잘 가, 내 사랑","1/21/24"
"굿 모닝 베로니카: 시즌 1: 새장에 갇히다","1/21/24"
"굿 모닝 베로니카: 시즌 1: 상자 밖으로","1/21/24"
"굿 모닝 베로니카: 시즌 1: 안녕, 공주님","1/21/24"
"굿 모닝 베로니카: 시즌 1: 뜻밖의 방문객","1/21/24"
"굿 모닝 베로니카: 시즌 1: 상자 속에서","1/21/24"
"굿 모닝 베로니카: 시즌 1: 굿 모닝 베로니카","1/21/24"
"트리플 프런티어","1/21/24"
"침입자들의 만찬","1/20/24"
"60분","1/20/24"
"우주를 삼킨 소년: 리미티드 시리즈: 소년, 절단당하다","1/20/24"
" ","1/20/24"
"닥터 스톤: 2기: 직통 연락망","1/19/24"
"우주를 삼킨 소년: 리미티드 시리즈: 소년, 수상한 냄새를 맡다","1/19/24"
"형사 포르스트: 1화","1/15/24"
"닥터 스톤: 2기: 스톤 워즈의 시작","1/15/24"
"맨 오브 액션","1/14/24"
"맨 프롬 토론토","1/14/24"
"닥터 스톤: 1기: 목소리는 아득히 먼 저 너머로","1/14/24"
"닥터 스톤: 1기: 과학의 물결","1/14/24"
"닥터 스톤: 1기: 보물","1/14/24"
"닥터 스톤: 1기: 스파르타 공작 클럽","1/14/24"
"닥터 스톤: 1기: 동력의 시대","1/14/24"
"닥터 스톤: 1기: 그리고 현대로","1/14/24"
"닥터 스톤: 1기: 스톤 워즈","1/14/24"
"닥터 스톤: 1기: 백 번의 밤과 천 개의 하늘","1/14/24"
"닥터 스톤: 1기: 수천 년의 이야기","1/14/24"
"닥터 스톤: 1기: 200만 년의 결정체","1/13/24"
"닥터 스톤: 1기: 화염의 요술사","1/13/24"
"닥터 스톤: 1기: 가면을 쓴 전사","1/13/24"
"닥터 스톤: 1기: 등을 맞댄 동료들","1/13/24"
"닥터 스톤: 1기: 선명한 세상","1/13/24"
"닥터 스톤: 1기: 얄팍한 동맹","1/13/24"
"닥터 스톤: 1기: 이 손에 과학의 등불을","1/13/24"
"닥터 스톤: 1기: 스톤 로드","1/13/24"
"닥터 스톤: 1기: 200만 년이 존재하는 곳","1/13/24"
"닥터 스톤: 1기: 스톤 월드의 두 나라","1/13/24"
"닥터 스톤: 1기: 스톤 월드의 시작","1/13/24"
"닥터 스톤: 1기: 봉화를 올려라","1/13/24"
"닥터 스톤: 1기: 과학의 무기","1/13/24"
"닥터 스톤: 1기: 스톤 월드의 왕","1/13/24"
"닥터 스톤: 1기: 스톤 월드","1/13/24"
"트라이브 오브 유로파: 챕터 6","1/10/24"
"트라이브 오브 유로파: 챕터 5","1/10/24"
"트라이브 오브 유로파: 챕터 4","1/10/24"
"트라이브 오브 유로파: 챕터 3","1/10/24"
"트라이브 오브 유로파: 챕터 2","1/10/24"
"트라이브 오브 유로파: 챕터 1","1/10/24"
"방콕 러브 스토리: 순수남녀: 1화","1/10/24"
"선 브라더스: 가족을 지켜라","1/10/24"
"선 브라더스: 촌뜨기","1/10/24"
"선 브라더스: 짐카타","1/10/24"
"선 브라더스: 롤로덱스","1/7/24"
"선 브라더스: 정사각형","1/7/24"
"선 브라더스: 네 맘대로 해","1/7/24"
"선 브라더스: 호의는 호의로","1/7/24"
"선 브라더스: 파일럿 에피소드","1/7/24"
"아미 오브 더 데드: 도둑들","1/7/24"
"슬래셔: 하지의 살인: 3:00 am – 6:00 am","1/7/24"
"슬래셔: 하지의 살인: 12:00 am – 3:00 am","1/7/24"
"슬래셔: 하지의 살인: 9:00 pm – 12:00 am","1/7/24"
"슬래셔: 하지의 살인: 6:00 pm – 9:00 pm","1/7/24"
"슬래셔: 하지의 살인: 3:00 pm – 6:00 pm","1/7/24"
"슬래셔: 하지의 살인: 12:00 pm – 3:00 pm","1/7/24"
"슬래셔: 하지의 살인: 9:00 am – 12:00 pm","1/6/24"
"슬래셔: 하지의 살인: 6:00 am – 9:00 am","1/6/24"
"슬래셔: 과거의 그들: 과거는 잊지 않는다","1/6/24"
"슬래셔: 과거의 그들: 새벽의 이름으로 죽음을","1/6/24"
"슬래셔: 과거의 그들: 표류하는 그들","1/6/24"
"슬래셔: 과거의 그들: 불타는 광기의 가면","1/6/24"
"슬래셔: 과거의 그들: 사냥하기 좋은 밤","1/6/24"
"슬래셔: 과거의 그들: 배신의 고리","1/6/24"
"슬래셔: 과거의 그들: 위선의 이중성","1/6/24"
"슬래셔: 과거의 그들: 기억이 묻힌 그곳","1/6/24"
"슬래셔: 집행자: 집행자의 정체","1/6/24"
"슬래셔: 집행자: 마지막 표적","1/6/24"
"슬래셔: 집행자: 교만과 색욕","1/6/24"
"슬래셔: 집행자: 부정하게 얻은 이득","1/6/24"
"슬래셔: 집행자: 흐르는 물은 썩지 않는다","1/6/24"
"슬래셔: 집행자: 불과 같은 시기","1/6/24"
"슬래셔: 집행자: 식탐으로 무덤을 파다","1/5/24"
"슬래셔: 집행자: 눈에는 눈","1/5/24"
"아미 오브 더 데드 비하인드 스토리","1/3/24"
"아미 오브 더 데드","1/3/24"
"베를린과 파리의 보석들: 리미티드 시리즈: 멸종 위기의 코끼리","1/1/24"
"베를린과 파리의 보석들: 리미티드 시리즈: 서방 세계의 마지막 동정","1/1/24"
"베를린과 파리의 보석들: 리미티드 시리즈: 레몬의 밤","1/1/24"
"베를린과 파리의 보석들: 리미티드 시리즈: 사랑 그 후","1/1/24"
"베를린과 파리의 보석들: 리미티드 시리즈: 아쿠아리움 문신","1/1/24"
"베를린과 파리의 보석들: 리미티드 시리즈: '배아'라는 카드","12/31/23"
"베를린과 파리의 보석들: 리미티드 시리즈: 닻과 늑대","12/31/23"
"베를린과 파리의 보석들: 리미티드 시리즈: 사랑의 에너지","12/31/23"
"파라다이스 비치","12/31/23"
"스카이 로호: 시즌 3: 황금, 유향, 그리고 총","12/30/23"
"스카이 로호: 시즌 3: 무력함과 아이스하키","12/30/23"
"스카이 로호: 시즌 3: 문제의 근원을 습격하라","12/30/23"
"스카이 로호: 시즌 3: 예수가 옳았다","12/30/23"
"스카이 로호: 시즌 3: 디젤, 질산나트륨, 탄약","12/30/23"
"스카이 로호: 시즌 3: 행운의 고양이","12/30/23"
"스카이 로호: 시즌 3: 우리를 가르는 선","12/30/23"
"스카이 로호: 시즌 3: 뒷문으로 천국에 들어가기","12/30/23"
"스카이 로호: 시즌 2: 독이 되는 사람","12/30/23"
"스카이 로호: 시즌 2: 무덤과 폭죽","12/30/23"
"스카이 로호: 시즌 2: 사형수를 위한 랍스터","12/30/23"
"스카이 로호: 시즌 2: 네 머릿속의 블랙박스","12/30/23"
"스카이 로호: 시즌 2: 우리가 죽은 그날 밤","12/28/23"
"스카이 로호: 시즌 2: 1만 톤의 두려움","12/28/23"
"스카이 로호: 시즌 2: 쓰레기의 재능","12/27/23"
"스카이 로호: 시즌 2: 창녀는 키스하지 않는다","12/27/23"
"스카이 로호: 시즌 1: 덫을 놓을까","12/26/23"
"스카이 로호: 시즌 1: 그것을 숭배하라","12/26/23"
"스카이 로호: 시즌 1: 토끼야, 여우야?","12/26/23"
"스카이 로호: 시즌 1: 우리가 도피하는 법","12/26/23"
"스카이 로호: 시즌 1: 섹스와 피","12/26/23"
"스카이 로호: 시즌 1: 창녀의 사랑","12/26/23"
"스카이 로호: 시즌 1: 대체 현실","12/26/23"
"스카이 로호: 시즌 1: 빨간 소파에 앉아","12/26/23"
"아웃사이더","12/25/23"
"뮤트: 리미티드 시리즈: 2화","12/25/23"
"뮤트: 리미티드 시리즈: 1화","12/25/23"
"옵세션: 리미티드 시리즈: 4화","12/25/23"
"옵세션: 리미티드 시리즈: 3화","12/25/23"
"옵세션: 리미티드 시리즈: 2화","12/25/23"
"옵세션: 리미티드 시리즈: 1화","12/25/23"
"레오","12/25/23"
"인사이드 맨: 4화","12/24/23"
"인사이드 맨: 3화","12/24/23"
"인사이드 맨: 2화","12/24/23"
"인사이드 맨: 1화","12/24/23"
"거의 평범한 가족: 리미티드 시리즈: 챕터 6","12/24/23"
"거의 평범한 가족: 리미티드 시리즈: 챕터 5","12/24/23"
"거의 평범한 가족: 리미티드 시리즈: 챕터 4","12/24/23"
"거의 평범한 가족: 리미티드 시리즈: 챕터 3","12/24/23"
"거의 평범한 가족: 리미티드 시리즈: 챕터 2","12/24/23"
"거의 평범한 가족: 리미티드 시리즈: 챕터 1","12/24/23"
"풋내기들의 시간: 6화","12/23/23"
"풋내기들의 시간: 5화","12/23/23"
"풋내기들의 시간: 4화","12/23/23"
"풋내기들의 시간: 3화","12/23/23"
"풋내기들의 시간: 2화","12/23/23"
"풋내기들의 시간: 1화","12/23/23"
"가라 아이야 가라","12/23/23"
"기생수 파트2","12/23/23"
"기생수 파트1","12/23/23"
"더 마린","12/22/23"
"블랙 크랩","12/20/23"
"피드백: 5화","12/20/23"
"피드백: 4화","12/18/23"
"피드백: 3화","12/17/23"
"피드백: 2화","12/17/23"
"피드백: 1화","12/17/23"
"째깍째깍: 제6각","12/17/23"
"째깍째깍: 제5각","12/17/23"
"사랑 없는 숲: 깊은 상처: 리미티드 시리즈: 사랑 없는 숲속으로","12/17/23"
"사랑 없는 숲: 깊은 상처: 리미티드 시리즈: 광기의 가족","12/17/23"
"사랑 없는 숲: 깊은 상처: 리미티드 시리즈: 연쇄살인범은 누구인가","12/17/23"
"사랑 없는 숲: 깊은 상처: 리미티드 시리즈: 폭우가 온다","12/17/23"
"사랑 없는 숲: 깊은 상처: 리미티드 시리즈: 그가 바로 연쇄살인범","12/17/23"
"사랑 없는 숲: 깊은 상처: 리미티드 시리즈: 연쇄살인범은 그대 앞에","12/17/23"
"사랑 없는 숲: 깊은 상처: 리미티드 시리즈: 연쇄살인범이 나타나다","12/17/23"
"하이 히트: 죽음은 용서하지 않는다","12/17/23"
"하이 히트: 불로 이어진 인연","12/17/23"
"스위트홈: 시즌 2: 2화","12/17/23"
"서브미션: 지배","12/17/23"
"서브미션: 절정","12/17/23"
"서브미션: 주인","12/17/23"
"서브미션: 외설","12/17/23"
"서브미션: 절제","12/17/23"
"서브미션: 노예","12/17/23"
"째깍째깍: 제4각","12/16/23"
"크리미널 코드: 시즌 1: 끝과 시작","12/16/23"
"크리미널 코드: 시즌 1: 본부","12/16/23"
"크리미널 코드: 시즌 1: 집","12/16/23"
"크리미널 코드: 시즌 1: 가족을 위해서라면","12/16/23"
"크리미널 코드: 시즌 1: 호송대","12/16/23"
"크리미널 코드: 시즌 1: 인간의 야만성","12/16/23"
"크리미널 코드: 시즌 1: 밤의 흔적","12/16/23"
"크리미널 코드: 시즌 1: 혼돈","12/16/23"
"째깍째깍: 제3각","12/16/23"
"째깍째깍: 제2각","12/16/23"
"째깍째깍: 제1각","12/15/23"
"수부레테르나: 리미티드 시리즈: 원정","12/15/23"
"팍스 마르세유: 시즌 1: 우리 팀에 온 걸 환영해","12/15/23"
"뜨거운 배신","12/14/23"
"바나나 피쉬: 강을 건너 숲속에","12/14/23"
"바나나 피쉬: 이국에서","12/14/23"
"바나나 피쉬: 바나나피쉬에 안성맞춤인 날","12/14/23"
"팍스 마르세유: 시즌 1: 크레이지","12/13/23"
"플루토: 8화","12/10/23"
"플루토: 7화","12/10/23"
"플루토: 6화","12/10/23"
"플루토: 5화","12/10/23"
"플루토: 4화","12/10/23"
"플루토: 3화","12/10/23"
"플루토: 2화","12/10/23"
"플루토: 1화","12/10/23"
"수부레테르나: 리미티드 시리즈: 새장","12/9/23"
"수부라: 시즌 3: 꿈에서 깨어나면","12/9/23"
"수부라: 시즌 3: 형제","12/9/23"
"수부라: 시즌 3: 대가","12/9/23"
"수부라: 시즌 3: 파티","12/9/23"
"수부라: 시즌 3: 고문","12/9/23"
"수부라: 시즌 3: 희년이 온다","12/7/23"
"수부라: 시즌 2: 진실의 무게","12/6/23"
"수부라: 시즌 2: 십자가를 향해","12/6/23"
"수부라: 시즌 2: 전쟁의 밤","12/6/23"
"수부라: 시즌 2: 새로운 생명","12/6/23"
"수부라: 시즌 2: 역전","12/6/23"
"수부라: 시즌 2: 다시, 함께","12/5/23"
"수부라: 시즌 2: 파국","12/5/23"
"수부라: 시즌 2: 리비아","12/5/23"
"스위트홈: 시즌 2: 1화","12/4/23"
"수부라: 시즌 1: 21일","12/3/23"
"수부라: 시즌 1: 잠들어라, 사랑아","12/3/23"
"수부라: 시즌 1: 빛이 없는 어둠","12/3/23"
"수부라: 시즌 1: 새로운 운명","12/3/23"
"수부라: 시즌 1: 마지막 고객","12/3/23"
"수부라: 시즌 1: 수도원의 양식","12/3/23"
"수부라: 시즌 1: 암늑대","12/3/23"
"수부라: 시즌 1: 선택","12/3/23"
"수부라: 시즌 1: 미친개들","12/3/23"
"수부라: 시즌 1: 몸값","12/3/23"
"초토화: 마지막 작전","12/2/23"
"초토화: 비처럼 쏟아지네","12/2/23"
"초토화: 라스베이거스에서 사랑을 담아","12/2/23"
"초토화: 총성이 난무하는 밤","12/2/23"
"초토화: 치욕의 길","12/2/23"
"초토화: 크랩스","12/2/23"
"초토화: 소련 사람","12/2/23"
"초토화: 미국의 진짜 영웅들","12/2/23"
"기생수: 제24화 기생수","12/2/23"
"기생수: 제23화 생(生)과 맹세","12/2/23"
"기생수: 제22화 고요함과 깨어남","12/2/23"
"기생수: 제21화 성과 성","12/2/23"
"기생수: 제20화 죄와 벌","12/2/23"
"기생수: 제19화 냉혈","11/28/23"
"기생수: 제18화 인간을 넘어서","11/28/23"
"기생수: 제17화 빈사의 탐정","11/26/23"
"기생수: 제16화 행복한 가정","11/26/23"
"기생수: 제15화 무언가 길을 찾아오다","11/26/23"
"기생수: 제14화 부제 이기적인 유전자","11/26/23"
"기생수: 제13화 슬픔이여 안녕","11/26/23"
"기생수: 제12화 마음","11/26/23"
"기생수: 제11화 파랑새","11/25/23"
"기생수: 제10화 발광한 우주","11/25/23"
"기생수: 제 9화 선악의 피안","11/25/23"
"기생수: 제 8화 빙점","11/20/23"
"수부라게이트","11/19/23"
"기생수: 제 7화 암야행로","11/19/23"
"기생수: 제 6화 태양은 다시 떠오른다","11/19/23"
"기생수: 제 5화 이방인","11/19/23"
"기생수: 제 4화 흐트러진 머리","11/19/23"
"기생수: 제 3화 향연","11/19/23"
"기생수: 제 2화 육체의 악마","11/19/23"
"기생수: 제 1화 변신","11/19/23"
"라 레볼뤼시옹: 제1장 발단","11/19/23"
"스모킹: 연기의 암살자들: 3화","11/19/23"
"스모킹: 연기의 암살자들: 2화","11/19/23"
"스모킹: 연기의 암살자들: 1화","11/19/23"
"분노의 질주: 라이드 오어 다이","11/19/23"
"독전 2","11/18/23"
"독전","11/18/23"
"푸른 눈의 사무라이: 1657년 대화재","11/13/23"
"푸른 눈의 사무라이: 망가지지 않은","11/13/23"
"푸른 눈의 사무라이: 모든 사악한 꿈과 성난 말","11/13/23"
"푸른 눈의 사무라이: 낭인과 신부","11/12/23"
"푸른 눈의 사무라이: 기이한 욕망","11/12/23"
"푸른 눈의 사무라이: 정해진 두 가지 길","11/12/23"
"푸른 눈의 사무라이: 예상치 못한 요소","11/12/23"
"푸른 눈의 사무라이: 불순한 존재","11/12/23"
"페리: 더 시리즈: 더 시리즈: 원스 어폰 어 타임 인 브라반트","11/12/23"
"페리: 더 시리즈: 더 시리즈: 결함","11/12/23"
"페리: 더 시리즈: 더 시리즈: 추락","11/12/23"
"페리: 더 시리즈: 더 시리즈: 왕을 맞이하라","11/12/23"
"페리: 더 시리즈: 더 시리즈: 공격","11/12/23"
"페리: 더 시리즈: 더 시리즈: 폐기물","11/11/23"
"페리: 더 시리즈: 더 시리즈: 언더커버","11/11/23"
"페리: 더 시리즈: 더 시리즈: 조직원 전용","11/11/23"
"종이달","11/11/23"
"더 테일러: 시즌 3: 8화","11/11/23"
"더 테일러: 시즌 3: 7화","11/11/23"
"더 테일러: 시즌 3: 6화","11/7/23"
"더 테일러: 시즌 3: 5화","11/7/23"
"더 테일러: 시즌 3: 4화","11/7/23"
"더 테일러: 시즌 3: 3화","11/7/23"
"더 테일러: 시즌 2: 6화","11/6/23"
"더 테일러: 시즌 2: 7화","11/6/23"
"더 테일러: 시즌 3: 2화","11/6/23"
"더 테일러: 시즌 3: 1화","11/6/23"
"더 테일러: 시즌 2: 8화","11/6/23"
"엘리트들: 시즌 7: 그냥 안아 줘","11/5/23"
"엘리트들: 시즌 7: 밑바닥","11/5/23"
"엘리트들: 시즌 7: 가족","11/5/23"
"엘리트들: 시즌 7: 쌍반점","11/5/23"
"엘리트들: 시즌 7: 블링블링","11/5/23"
"엘리트들: 시즌 7: 규정","11/5/23"
"엘리트들: 시즌 7: 라스 엔시나스","11/4/23"
"바디스: 리미티드 시리즈: '당신은 사랑받고 있어'","11/4/23"
"바디스: 리미티드 시리즈: '어디 한번 잡아봐요'","11/4/23"
"바디스: 리미티드 시리즈: '이 세상은 네 것이야'","11/4/23"
"바디스: 리미티드 시리즈: '우리는 서로의 유령이에요'","11/4/23"
"바디스: 리미티드 시리즈: '어마어마하죠'","11/4/23"
"바디스: 리미티드 시리즈: '때가 올 겁니다'","11/4/23"
"바디스: 리미티드 시리즈: '내가 누군지 압니까?'","11/4/23"
"바디스: 리미티드 시리즈: '자네는 이미 끝이야'","11/4/23"
"세일즈맨","11/4/23"
"영 셸던: 시즌 1: 바닐라아이스크림, 구애자, 식탁 세트","10/30/23"
"영 셸던: 시즌 1: 개, 다람쥐, 물고기라는 이름의 물고기","10/30/23"
"영 셸던: 시즌 1: 글루온, 과카몰리, 보라색","10/29/23"
"영 셸던: 시즌 1: 엄마, 아이, 파란색 인간 엉덩이","10/29/23"
"영 셸던: 시즌 1: 주짓수, 뽁뽁이, 유후","10/29/23"
"영 셸던: 시즌 1: 치명적인 소행성, 오클라호마, 정전기 기계","10/28/23"
"영 셸던: 시즌 1: 돌로마이트, 사과 조각, 수수께끼의 누나","10/28/23"
"영 셸던: 시즌 1: 감자샐러드, 빗자루, 아빠의 위스키","10/28/23"
"영 셸던: 시즌 1: 재채기, 방과 후 남기, 시시 스페이섹","10/28/23"
"영 셸던: 시즌 1: 컴퓨터, 플라스틱 조랑말, 맥주 사태","10/28/23"
"영 셸던: 시즌 1: 악마, 주일학교, 소수","10/28/23"
"영 셸던: 시즌 1: 독수리 깃털, 깍지콩, 에스키모","10/28/23"
"영 셸던: 시즌 1: 스팍, 커크, 서혜부 탈장","10/28/23"
"영 셸던: 시즌 1: 케이프커내버럴, 슈뢰딩거의 고양이, 신디 로퍼 머리 스타일","10/28/23"
"영 셸던: 시즌 1: 양지머리, 부두교, 캐논볼","10/28/23"
"영 셸던: 시즌 1: 패치, 모뎀, 위장약","10/28/23"
"영 셸던: 시즌 1: 태양열 계산기, 승리 기념구, 치어리더의 가슴","10/28/23"
"영 셸던: 시즌 1: 정신과 의사, 만화책, 아침에 먹은 소시지","10/28/23"
"영 셸던: 시즌 1: 포커, 믿음, 달걀","10/28/23"
"영 셸던: 시즌 1: 로켓, 공산주의자, 듀이 십진분류법","10/26/23"
"영 셸던: 시즌 1: 파일럿 에피소드","10/26/23"
"악마들","10/26/23"
"워킹데드: 시즌 11: 평안히 잠들길","10/24/23"
"워킹데드: 시즌 11: 가족","10/24/23"
"워킹데드: 시즌 11: 신념","10/24/23"
"워킹데드: 시즌 11: 22번 초소","10/22/23"
"워킹데드: 시즌 11: 잃어버린 것","10/22/23"
"워킹데드: 시즌 11: 변종","10/22/23"
"워킹데드: 시즌 11: 새로운 거래","10/22/23"
"워킹데드: 시즌 11: 봉쇄","10/22/23"
"워킹데드: 시즌 11: 신의 뜻","10/22/23"
"도깨비: 리미티드 시리즈: 제5회","10/5/23"
"프런티어: 시즌 1: 전쟁의 시작","9/16/23"
"Z 네이션: 지독한 좀비","9/14/23"
"Z 네이션: 강아지와 고양이","9/14/23"
"잭 리처: 네버 고 백","9/14/23"
"엑소시스트: 더 바티칸","9/12/23"
"6식스티나인9 더 시리즈: 리미티드 시리즈: 6화","9/12/23"
"6식스티나인9 더 시리즈: 리미티드 시리즈: 5화","9/12/23"
"6식스티나인9 더 시리즈: 리미티드 시리즈: 4화","9/12/23"
"6식스티나인9 더 시리즈: 리미티드 시리즈: 3화","9/12/23"
"6식스티나인9 더 시리즈: 리미티드 시리즈: 2화","9/12/23"
"6식스티나인9 더 시리즈: 리미티드 시리즈: 1화","9/12/23"
"똑똑똑","9/11/23"
"양키: 아내","9/11/23"
"양키: 사막의 좌표","9/11/23"
"양키: 라스 아길라스","9/11/23"
"양키: 인내의 시간","9/11/23"
"양키: 벨리즈","9/11/23"
"양키: 생존을 위해","9/11/23"
"양키: 지옥으로","9/11/23"
"스카이 하이: 더 시리즈: 사자의 소굴","9/10/23"
"스카이 하이: 더 시리즈: 부모와 자식","9/10/23"
"스카이 하이: 더 시리즈: 벌집을 건드린 순간","9/10/23"
"스카이 하이: 더 시리즈: 트로이 목마","9/10/23"
"스카이 하이: 더 시리즈: 미결 과제","9/10/23"
"스카이 하이: 더 시리즈: 새로운 우정, 오랜 적","9/10/23"
"스카이 하이: 더 시리즈: 산 자와 죽은 자","9/10/23"
"탑 보이: 시즌 3: 견학","9/9/23"
"탑 보이: 시즌 3: 물러설 때","9/9/23"
"도깨비: 리미티드 시리즈: 제4회","9/8/23"
"도깨비: 리미티드 시리즈: 제3회","9/7/23"
"모 이야기: 시즌 1: 가야 할 시간","9/5/23"
"모 이야기: 시즌 1: 증언","9/5/23"
"모 이야기: 시즌 1: 신성한 결혼","9/5/23"
"모 이야기: 시즌 1: 묘비","9/5/23"
"모 이야기: 시즌 1: 돈","9/5/23"
"모 이야기: 시즌 1: 회한","9/5/23"
"모 이야기: 시즌 1: 엄마","9/5/23"
"모 이야기: 시즌 1: 하무디","9/5/23"
"하트브레이크 하이: 시즌 1: 지도녀","9/5/23"
"후 이즈 에린?: 리미티드 시리즈: 7화","9/3/23"
"후 이즈 에린?: 리미티드 시리즈: 5화","9/3/23"
"후 이즈 에린?: 리미티드 시리즈: 6화","9/3/23"
"후 이즈 에린?: 리미티드 시리즈: 4화","9/3/23"
"후 이즈 에린?: 리미티드 시리즈: 3화","9/3/23"
"후 이즈 에린?: 리미티드 시리즈: 2화","9/3/23"
"후 이즈 에린?: 리미티드 시리즈: 1화","9/3/23"
"행복배틀: 리미티드 시리즈: 16부","9/3/23"
"행복배틀: 리미티드 시리즈: 15부","9/3/23"
"행복배틀: 리미티드 시리즈: 14부","9/3/23"
"행복배틀: 리미티드 시리즈: 13부","9/3/23"
"행복배틀: 리미티드 시리즈: 12부","9/2/23"
"행복배틀: 리미티드 시리즈: 11부","9/2/23"
"행복배틀: 리미티드 시리즈: 10부","9/2/23"
"행복배틀: 리미티드 시리즈: 9부","9/2/23"
"행복배틀: 리미티드 시리즈: 8부","9/2/23"
"행복배틀: 리미티드 시리즈: 7부","9/2/23"
"행복배틀: 리미티드 시리즈: 6부","9/2/23"
"행복배틀: 리미티드 시리즈: 5부","9/2/23"
"행복배틀: 리미티드 시리즈: 4부","9/2/23"
"행복배틀: 리미티드 시리즈: 3부","9/2/23"
"행복배틀: 리미티드 시리즈: 2부","9/2/23"
"행복배틀: 리미티드 시리즈: 1부","8/31/23"
"라그나로크: 시즌 3: 죽음이 우릴 갈라 놓을 때까지","8/31/23"
"라그나로크: 시즌 3: 전쟁의 끝","8/31/23"
"예감: 시즌 2: 속죄","8/31/23"
"예감: 시즌 2: 걷잡을 수 없이","8/31/23"
"예감: 시즌 2: 시간과의 싸움","8/31/23"
"예감: 시즌 2: 끔찍한 선택","8/31/23"
"예감: 시즌 2: 마지막 희망","8/27/23"
"예감: 시즌 2: 혼돈","8/27/23"
"예감: 시즌 2: 극단적인 해결책","8/27/23"
"예감: 시즌 2: 지옥을 경험할 거야","8/27/23"
"예감: 시즌 2: 똑같은 심정을 맛보기를","8/27/23"
"예감: 시즌 2: 재회","8/27/23"
"낙원의 밤","8/26/23"
"도깨비: 리미티드 시리즈: 제2회","8/25/23"
"도깨비: 리미티드 시리즈: 제1회","8/23/23"
"심야식당: 시즌 1: 10화, 라멘","8/23/23"
"심야식당: 시즌 1: 9화, 반 가른 전갱이","8/23/23"
"심야식당: 시즌 1: 8화, 소스볶음국수","8/22/23"
"심야식당: 시즌 1: 7화, 달걀샌드위치","8/22/23"
"심야식당: 시즌 1: 6화, 돈가스덮밥","8/22/23"
"심야식당: 시즌 1: 5화, 버터밥","8/22/23"
"심야식당: 시즌 1: 4화, 감자샐러드","8/22/23"
"심야식당: 시즌 1: 3화, 찻물밥","8/22/23"
"심야식당: 시즌 1: 2화, 고양이 밥","8/22/23"
"심야식당: 시즌 1: 1화, 빨간 비엔나소시지와 계란말이","8/22/23"
"기리 / 하지: 8화","8/21/23"
"기리 / 하지: 7화","8/21/23"
"기리 / 하지: 6화","8/21/23"
"기리 / 하지: 5화","8/20/23"
"기리 / 하지: 4화","8/20/23"
"기리 / 하지: 3화","8/20/23"
"기리 / 하지: 2화","8/20/23"
"기리 / 하지: 1화","8/20/23"
"보르텍스: 6화","8/20/23"
"보르텍스: 5화","8/20/23"
"보르텍스: 4화","8/20/23"
"보르텍스: 3화","8/20/23"
"보르텍스: 2화","8/20/23"
"보르텍스: 1화","8/20/23"
"마스크걸: 리미티드 시리즈: 모미와 미모","8/19/23"
"마스크걸: 리미티드 시리즈: 김모미","8/19/23"
"마스크걸: 리미티드 시리즈: 김미모","8/19/23"
"마스크걸: 리미티드 시리즈: 김춘애","8/19/23"
"마스크걸: 리미티드 시리즈: 김경자","8/19/23"
"마스크걸: 리미티드 시리즈: 주오남","8/19/23"
"마스크걸: 리미티드 시리즈: 김모미","8/19/23"
"헬 독스","8/17/23"
"페인킬러: 리미티드 시리즈: 한번 쓰면 계속 쓰고 싶은 것","8/17/23"
"Hibana: 불꽃: 3화","8/15/23"
"Hibana: 불꽃: 2화","8/15/23"
"힙하게: 리미티드 시리즈: 2화","8/15/23"
"힙하게: 리미티드 시리즈: 1화","8/15/23"
"Hibana: 불꽃: 1화","8/15/23"
"플로리다 맨: 리미티드 시리즈: 매몰 비용","8/13/23"
"플로리다 맨: 리미티드 시리즈: 옥수수 얘기를 해야겠어요?","8/13/23"
"플로리다 맨: 리미티드 시리즈: 제발 깨어나지 마","8/13/23"
"플로리다 맨: 리미티드 시리즈: 하루만 더","8/13/23"
"플로리다 맨: 리미티드 시리즈: 사슬","8/13/23"
"플로리다 맨: 리미티드 시리즈: 지옥에 잘 왔어, 마이크","8/13/23"
"플로리다 맨: 리미티드 시리즈: 지구에서 가장 빌어먹게 현실적인 곳","8/13/23"
"링컨 차를 타는 변호사: 시즌 2: 모범 변호사 업무 규칙","8/13/23"
"프롬 더 콜드: 가족","8/13/23"
"프롬 더 콜드: 그녀","8/13/23"
"프롬 더 콜드: 신부","8/13/23"
"프롬 더 콜드: 타오르는 불길","8/13/23"
"치명적 유혹: 시즌 1: 모든 것은 연결돼 있다","8/12/23"
"치명적 유혹: 시즌 1: 마지막 거짓말","8/12/23"
"치명적 유혹: 시즌 1: 형제를 지키기 위해","8/12/23"
"치명적 유혹: 시즌 1: 과거의 죄","8/12/23"
"치명적 유혹: 시즌 1: 충돌","8/12/23"
"치명적 유혹: 시즌 1: 눈에 보이는 게 전부는 아니다","8/12/23"
"치명적 유혹: 시즌 1: 사이코패스","8/12/23"
"치명적 유혹: 시즌 1: 감당할 수 없는 진실일지라도","8/12/23"
"치명적 유혹: 시즌 1: 피는 피로","8/12/23"
"치명적 유혹: 시즌 1: 믿을 수 없는","8/12/23"
"치명적 유혹: 시즌 1: 제이컵 타우는 누구인가","8/12/23"
"치명적 유혹: 시즌 1: 두 가지 약속","8/12/23"
"치명적 유혹: 시즌 1: 상처를 통해","8/12/23"
"치명적 유혹: 시즌 1: 잘못된 만남","8/12/23"
"독거 소년 코타로: 10화","8/11/23"
"독거 소년 코타로: 9화","8/11/23"
"독거 소년 코타로: 8화","8/11/23"
"독거 소년 코타로: 7화","8/11/23"
"독거 소년 코타로: 6화","8/11/23"
"독거 소년 코타로: 5화","8/11/23"
"독거 소년 코타로: 4화","8/11/23"
"독거 소년 코타로: 3화","8/11/23"
"독거 소년 코타로: 2화","8/11/23"
"독거 소년 코타로: 1화","8/11/23"
"리키시: 8화","8/11/23"
"리키시: 7화","8/11/23"
"리키시: 6화","8/10/23"
"리키시: 5화","8/10/23"
"리키시: 4화","8/10/23"
"리키시: 3화","8/10/23"
"리키시: 2화","8/10/23"
"리키시: 1화","8/10/23"
"더 테일러: 시즌 2: 5화","8/5/23"
"더 테일러: 시즌 2: 4화","8/5/23"
"더 테일러: 시즌 2: 3화","8/5/23"
"더 테일러: 시즌 2: 2화","8/5/23"
"더 테일러: 시즌 2: 1화","8/5/23"
"더 테일러: 시즌 1: 7화","8/5/23"
"더 테일러: 시즌 1: 6화","8/5/23"
"더 테일러: 시즌 1: 5화","8/5/23"
"더 테일러: 시즌 1: 4화","8/5/23"
"더 테일러: 시즌 1: 3화","8/5/23"
"더 테일러: 시즌 1: 2화","8/5/23"
"더 테일러: 시즌 1: 1화","8/5/23"
"그녀, 안드로이드: 16화","8/4/23"
"그녀, 안드로이드: 15화","8/3/23"
"그녀, 안드로이드: 14화","8/2/23"
"그녀, 안드로이드: 13화","8/2/23"
"그녀, 안드로이드: 12화","8/2/23"
"그녀, 안드로이드: 11화","8/2/23"
"그녀, 안드로이드: 10화","8/1/23"
"그녀, 안드로이드: 9화","8/1/23"
"그녀, 안드로이드: 8화","8/1/23"
"그녀, 안드로이드: 7화","8/1/23"
"그녀, 안드로이드: 6화","8/1/23"
"그녀, 안드로이드: 5화","7/30/23"
"그녀, 안드로이드: 4화","7/30/23"
"그녀, 안드로이드: 3화","7/29/23"
"그녀, 안드로이드: 2화","7/29/23"
"그녀, 안드로이드: 1화","7/29/23"
"D.P.: 시즌 2: 내일","7/28/23"
"D.P.: 시즌 2: 안준호","7/28/23"
"D.P.: 시즌 2: 불고기괴담","7/28/23"
"D.P.: 시즌 2: 커튼콜","7/28/23"
"D.P.: 시즌 2: 더티플레이","7/28/23"
"D.P.: 시즌 2: 장마","7/28/23"
"다음 소희","7/26/23"
"인포마: 10화","7/23/23"
"인포마: 9화","7/23/23"
"인포마: 8화","7/23/23"
"인포마: 7화","7/23/23"
"인포마: 6화","7/23/23"
"인포마: 5화","7/23/23"
"인포마: 4화","7/23/23"
"인포마: 3화","7/23/23"
"인포마: 2화","7/23/23"
"인포마: 1화","7/23/23"
"애로우: 시즌 2: 영웅의 도시","7/23/23"
"애로우: 친구를 위하여","7/23/23"
"애로우: 도시 외곽에 있는 어둠","7/23/23"
"애로우: 착수","7/23/23"
"애로우: 가택 침입","7/23/23"
"애로우: 미결 사항","7/23/23"
"애로우: 구원","7/22/23"
"애로우: 사냥꾼이 돌아오다","7/19/23"
"애로우: 현행범으로","7/18/23"
"애로우: 보석 도둑","7/18/23"
"애로우: 오디세이","7/17/23"
"애로우: 배신","7/17/23"
"애로우: 새로운 약물","7/17/23"
"애로우: 믿음과 검증","7/17/23"
"애로우: 분노의 불길","7/16/23"
"애로우: 복수의 화염","7/16/23"
"애로우: 정의와 복수의 갈림길","7/16/23"
"애로우: 불의 여신","7/16/23"
"애로우: 살아남은 자의 몫","7/16/23"
"애로우: 말할 수 없는 비밀","7/16/23"
"애로우: 영웅의 조력자","7/16/23"
"애로우: 최고의 암살자","7/16/23"
"애로우: 아버지의 유언","7/16/23"
"애로우: 파일럿 에피소드","7/16/23"
"카피캣 킬러: 10화","7/16/23"
"카피캣 킬러: 9화","7/16/23"
"카피캣 킬러: 8화","7/16/23"
"카피캣 킬러: 7화","7/16/23"
"카피캣 킬러: 6화","7/15/23"
"카피캣 킬러: 5화","7/15/23"
"카피캣 킬러: 4화","7/15/23"
"카피캣 킬러: 3화","7/15/23"
"카피캣 킬러: 2화","7/15/23"
"카피캣 킬러: 1화","7/15/23"
"미스트: 열 번째 끼니","7/15/23"
"미스트: 살아난 악몽","7/15/23"
"미스트: 자연의 섭리","7/15/23"
"미스트: 미스트 속으로","7/15/23"
"미스트: 악마는 우리 안에","7/15/23"
"미스트: 병원에서","7/15/23"
"미스트: 생존의 법칙","7/15/23"
"미스트: 목격","7/15/23"
"미스트: 금단의 환영","7/14/23"
"미스트: 파일럿 에피소드","7/14/23"
"그녀","7/14/23"
"대부","7/12/23"
"라그나로크: 시즌 2: 그대에게 필요한 건 사랑뿐","7/11/23"
"라그나로크: 시즌 2: 너 자신을 알라","7/10/23"
"라그나로크: 시즌 2: 우리에게 힘을","7/10/23"
"라그나로크: 시즌 2: 신을 향한 기도","7/10/23"
"라그나로크: 시즌 2: 그녀에게 무슨 일이?","7/9/23"
"라그나로크: 시즌 2: 나의 형제여","7/9/23"
"범죄의 장인","7/9/23"
"스카이스크래퍼","7/8/23"
"라그나로크: 시즌 1: 사랑하는 나의 조국","7/2/23"
"라그나로크: 시즌 1: 원자번호 48번","7/2/23"
"라그나로크: 시즌 1: 산 위에서","7/2/23"
"라그나로크: 시즌 1: 시험에 들다","7/2/23"
"라그나로크: 시즌 1: 541미터","7/2/23"
"라그나로크: 시즌 1: 전학생","7/2/23"
"마르코 폴로: 백안","7/2/23"
"블랙 미러: 밴더스내치","7/2/23"
"블랙 미러: 시즌 6: 악마 79","7/1/23"
"블랙 미러: 시즌 6: 메이지 데이","7/1/23"
"블랙 미러: 시즌 6: 저 바다 너머 어딘가","7/1/23"
"블랙 미러: 시즌 6: 헨리호","7/1/23"
"블랙 미러: 시즌 6: 존은 끔찍해","7/1/23"
"D.P.: 시즌 1: 방관자들","7/1/23"
"D.P.: 시즌 1: 군견","7/1/23"
"D.P.: 시즌 1: 몬티홀 문제","7/1/23"
"D.P.: 시즌 1: 그 여자","7/1/23"
"마르코 폴로: 시즌 2: 칸의 자리","7/1/23"
"마르코 폴로: 시즌 2: 계승자","7/1/23"
"마르코 폴로: 시즌 2: 백마","7/1/23"
"D.P.: 시즌 1: 일장춘몽","6/30/23"
"D.P.: 시즌 1: 꽃을 든 남자","6/29/23"
"마르코 폴로: 시즌 2: 학권","6/28/23"
"마르코 폴로: 시즌 2: 뱀과의 계약","6/28/23"
"마르코 폴로: 시즌 2: 자장가","6/28/23"
"마르코 폴로: 시즌 2: 주님의 일을 시작하다","6/27/23"
"마르코 폴로: 시즌 2: 급소 판별술","6/27/23"
"마르코 폴로: 시즌 2: 어린 소년의 운명","6/26/23"
"마르코 폴로: 시즌 2: 사냥꾼과 직공","6/26/23"
"마르코 폴로: 시즌 1: 하늘과 땅","6/26/23"
"마르코 폴로: 시즌 1: 포로","6/25/23"
"마르코 폴로: 시즌 1: 렌더링","6/25/23"
"마르코 폴로: 시즌 1: 학자의 계획","6/25/23"
"마르코 폴로: 시즌 1: 하얀 달","6/25/23"
"마르코 폴로: 시즌 1: 하슈샤신","6/25/23"
"마르코 폴로: 시즌 1: 네번째 걸음","6/24/23"
"마르코 폴로: 시즌 1: 잔치","6/24/23"
"마르코 폴로: 시즌 1: 늑대와 사슴","6/24/23"
"마르코 폴로: 시즌 1: 나그네","6/24/23"
"익스트랙션 2","6/23/23"
"익스트랙션","6/23/23"
"킹더랜드: 리미티드 시리즈: 2화","6/22/23"
"킹더랜드: 리미티드 시리즈: 1화","6/19/23"
"크리미널: 스페인: 리미티드 시리즈: 카르멜로","6/18/23"
"크리미널: 스페인: 리미티드 시리즈: 카르멘","6/18/23"
"크리미널: 스페인: 리미티드 시리즈: 이사벨","6/18/23"
"크리미널: 프랑스: 리미티드 시리즈: 제롬","6/17/23"
"크리미널: 프랑스: 리미티드 시리즈: 카롤린","6/17/23"
"크리미널: 프랑스: 리미티드 시리즈: 에밀리","6/17/23"
"크리미널: 독일: 리미티드 시리즈: 클라우디아","6/17/23"
"크리미널: 독일: 리미티드 시리즈: 일마즈","6/17/23"
"크리미널: 독일: 리미티드 시리즈: 요헨","6/17/23"
"크리미널: 영국: 시즌 1: 에드거","6/17/23"
"크리미널: 영국: 시즌 2: 산디프","6/17/23"
"크리미널: 영국: 시즌 2: 대니엘","6/17/23"
"크리미널: 영국: 시즌 2: 줄리아","6/17/23"
"크리미널: 영국: 시즌 1: 제이","6/17/23"
"크리미널: 영국: 시즌 1: 스테이시","6/17/23"
"크리미널: 영국: 시즌 2: 앨릭스","6/16/23"
"그녀가 말했다","6/13/23"
"미션 임파서블: 폴아웃","6/12/23"
"스트레인저: 리미티드 시리즈: 8화","6/11/23"
"스트레인저: 리미티드 시리즈: 7화","6/11/23"
"스트레인저: 리미티드 시리즈: 6화","6/11/23"
"스트레인저: 리미티드 시리즈: 5화","6/11/23"
"스트레인저: 리미티드 시리즈: 4화","6/11/23"
"스트레인저: 리미티드 시리즈: 3화","6/11/23"
"스트레인저: 리미티드 시리즈: 2화","6/11/23"
"스트레인저: 리미티드 시리즈: 1화","6/11/23"
"트랩트: 죽음의 땅: 6화","6/11/23"
"트랩트: 죽음의 땅: 5화","6/11/23"
"트랩트: 죽음의 땅: 4화","6/10/23"
"트랩트: 죽음의 땅: 3화","6/10/23"
"트랩트: 죽음의 땅: 2화","6/10/23"
"트랩트: 죽음의 땅: 1화","6/10/23"
"트랩트: 시즌 2: 10화","6/10/23"
"트랩트: 시즌 2: 9화","6/10/23"
"트랩트: 시즌 2: 8화","6/10/23"
"트랩트: 시즌 2: 7화","6/10/23"
"트랩트: 시즌 2: 6화","6/10/23"
"트랩트: 시즌 2: 5화","6/8/23"
"트랩트: 시즌 2: 4화","6/8/23"
"트랩트: 시즌 2: 3화","6/7/23"
"트랩트: 시즌 2: 2화","6/7/23"
"트랩트: 2화","6/7/23"
"트랩트: 시즌 2: 1화","6/6/23"
"트랩트: 10화","6/6/23"
"트랩트: 9화","6/6/23"
"트랩트: 8화","6/6/23"
"트랩트: 7화","6/6/23"
"트랩트: 6화","6/6/23"
"트랩트: 5화","6/6/23"
"트랩트: 4화","6/6/23"
"트랩트: 3화","6/6/23"
"트랩트: 1화","6/6/23"
"라인 오브 듀티: 시즌 5: 6화","6/3/23"
"라인 오브 듀티: 시즌 5: 5화","6/3/23"
"라인 오브 듀티: 시즌 5: 4화","6/3/23"
"라인 오브 듀티: 시즌 5: 3화","6/3/23"
"라인 오브 듀티: 시즌 5: 2화","6/3/23"
"라인 오브 듀티: 시즌 5: 1화","6/3/23"
"라인 오브 듀티: 시즌 4: 6화","6/3/23"
"라인 오브 듀티: 시즌 4: 5화","6/3/23"
"라인 오브 듀티: 시즌 4: 4화","6/3/23"
"라인 오브 듀티: 시즌 4: 3화","6/3/23"
"라인 오브 듀티: 시즌 4: 2화","6/1/23"
"라인 오브 듀티: 시즌 4: 1화","6/1/23"
"피의 시인: 모두를 사랑하고 소수를 신뢰하며 누구도 해하지 말라","6/1/23"
"피의 시인: 빛나는 것은 순식간에 사라지고","5/31/23"
"피의 시인: 슬픔은 무리를 지어 몰려온다","5/31/23"
"피의 시인: 과거는 서막에 불과하며","5/31/23"
"재판: 8화","5/29/23"
"재판: 7화","5/29/23"
"재판: 6화","5/29/23"
"재판: 5화","5/29/23"
"재판: 4화","5/29/23"
"재판: 3화","5/29/23"
"재판: 2화","5/29/23"
"재판: 1화","5/29/23"
"워리어 넌: 신의 뜻대로: 시즌 2: 예레미야서 29장 13절","5/29/23"
"워리어 넌: 신의 뜻대로: 시즌 2: 시편 116편 15절","5/29/23"
"워리어 넌: 신의 뜻대로: 시즌 2: 이사야서 40장 31절","5/29/23"
"워리어 넌: 신의 뜻대로: 시즌 2: 마가복음 10장 45절","5/29/23"
"워리어 넌: 신의 뜻대로: 시즌 2: 고린도서 10장 20~21절","5/29/23"
"워리어 넌: 신의 뜻대로: 시즌 2: 누가복음 8장 17절","5/29/23"
"워리어 넌: 신의 뜻대로: 시즌 2: 골로새서 3장 9~10절","5/29/23"
"워리어 넌: 신의 뜻대로: 시즌 2: 갈라디아서 6장 4~5절","5/29/23"
"워리어 넌: 신의 뜻대로: 시즌 1: 요한묵시록 2장 10절","5/28/23"
"워리어 넌: 신의 뜻대로: 시즌 1: 코린토 2서 10장 4절","5/28/23"
"워리어 넌: 신의 뜻대로: 시즌 1: 잠언 14장 1절","5/28/23"
"워리어 넌: 신의 뜻대로: 시즌 1: 에페소서 4장 22~24절","5/28/23"
"워리어 넌: 신의 뜻대로: 시즌 1: 이사야서 30장 20~21절","5/28/23"
"워리어 넌: 신의 뜻대로: 시즌 1: 마태오복음 7장 13절","5/28/23"
"워리어 넌: 신의 뜻대로: 시즌 1: 집회서 26장 9~10절","5/28/23"
"워리어 넌: 신의 뜻대로: 시즌 1: 에페소서 6장 11절","5/28/23"
"워리어 넌: 신의 뜻대로: 시즌 1: 잠언 31장 25절","5/28/23"
"워리어 넌: 신의 뜻대로: 시즌 1: 시편 46편 5절","5/28/23"
"푸바: 시즌 1: 그만하자, 이제 끝","5/28/23"
"푸바: 시즌 1: 행운의 소변","5/28/23"
"푸바: 시즌 1: 최고의 카드를 꺼낼 차례","5/28/23"
"푸바: 시즌 1: 골수 이식을 위하여","5/28/23"
"푸바: 시즌 1: '데인'저러스 맨","5/28/23"
"푸바: 시즌 1: 유혹 작전","5/28/23"
"푸바: 시즌 1: 열차 탈취","5/27/23"
"푸바: 시즌 1: 자녀와 함께 출근하는 날","5/27/23"
"영 월랜더: 살인범의 그림자: 6화","5/27/23"
"영 월랜더: 살인범의 그림자: 5화","5/27/23"
"영 월랜더: 살인범의 그림자: 4화","5/27/23"
"영 월랜더: 살인범의 그림자: 3화","5/27/23"
"영 월랜더: 살인범의 그림자: 2화","5/27/23"
"영 월랜더: 살인범의 그림자: 1화","5/27/23"
"영 월랜더: 시즌 1: 6화","5/27/23"
"영 월랜더: 시즌 1: 5화","5/27/23"
"영 월랜더: 시즌 1: 4화","5/27/23"
"영 월랜더: 시즌 1: 3화","5/27/23"
"영 월랜더: 시즌 1: 2화","5/27/23"
"영 월랜더: 시즌 1: 1화","5/27/23"
"경계선의 남자: 1장: 살인","5/26/23"
"갈리시아의 상속자들: 시즌 2: 집으로","5/23/23"
"갈리시아의 상속자들: 시즌 2: 어둠 속에","5/23/23"
"갈리시아의 상속자들: 시즌 2: 희생","5/22/23"
"갈리시아의 상속자들: 시즌 2: 선택의 시간","5/22/23"
"갈리시아의 상속자들: 시즌 2: 마지막 거래","5/21/23"
"갈리시아의 상속자들: 시즌 2: 원죄","5/21/23"
"갈리시아의 상속자들: 시즌 2: 우리에 갇힌 사자","5/21/23"
"갈리시아의 상속자들: 시즌 2: 믿을 수 없는","5/21/23"
"갈리시아의 상속자들: 시즌 2: 외톨이 왕","5/21/23"
"갈리시아의 상속자들: 시즌 2: 단 하나의 이유","5/21/23"
"갈리시아의 상속자들: 13화","5/21/23"
"갈리시아의 상속자들: 12화","5/21/23"
"갈리시아의 상속자들: 11화","5/21/23"
"갈리시아의 상속자들: 10화","5/21/23"
"갈리시아의 상속자들: 9화","5/21/23"
"갈리시아의 상속자들: 8화","5/20/23"
"갈리시아의 상속자들: 7화","5/20/23"
"갈리시아의 상속자들: 6화","5/20/23"
"갈리시아의 상속자들: 5화","5/20/23"
"갈리시아의 상속자들: 4화","5/20/23"
"갈리시아의 상속자들: 3화","5/20/23"
"갈리시아의 상속자들: 2화","5/20/23"
"갈리시아의 상속자들: 1화","5/19/23"
"마이클 잭슨의 디스 이즈 잇","5/18/23"
"택배기사: 6화","5/14/23"
"택배기사: 5화","5/14/23"
"택배기사: 4화","5/14/23"
"택배기사: 3화","5/14/23"
"택배기사: 2화","5/14/23"
"택배기사: 1화","5/14/23"
"유닛 42: 신앙과 법률","5/14/23"
"유닛 42: 누군가 보고 있다","5/13/23"
"우먼 오브 더 데드: 시즌 1: 살아있는 자들을 두려워하라","5/13/23"
"우먼 오브 더 데드: 시즌 1: 유명 작가","5/13/23"
"우먼 오브 더 데드: 시즌 1: 죽은 자들 사이에서","5/13/23"
" ","5/11/23"
"미인도","5/11/23"
"방자전","5/11/23"
"상류사회","5/11/23"
"마담 뺑덕","5/11/23"
"결혼은, 미친짓이다","5/11/23"
"등산의 목적","5/11/23"
"에이전트 A.K.A.","5/7/23"
"마지막 임무: 집으로","5/7/23"
"마지막 임무: 연기가 피어오르면","5/7/23"
"마지막 임무: 문신","5/7/23"
"마지막 임무: 노가","5/7/23"
"마지막 임무: 먼지로 돌아가리라","5/7/23"
"마지막 임무: 야엘리의 사고","5/7/23"
"마지막 임무: 긴급 상황","5/7/23"
"마지막 임무: 창백한 아버지","5/7/23"
"마지막 임무: 구조 요청","5/6/23"
"마지막 임무: 그녀가 살아있다","5/6/23"
"세 개의 비밀: 모든 것이 시작된 곳","5/6/23"
"세 개의 비밀: 요람을 흔드는 손","5/6/23"
"세 개의 비밀: 실험","5/6/23"
"세 개의 비밀: 물과 기름","5/6/23"
"세 개의 비밀: 의심의 씨앗","5/5/23"
"세 개의 비밀: 클럽","5/5/23"
"세 개의 비밀: 화염병","5/5/23"
"세 개의 비밀: 33 x 3","5/5/23"
"외교관: 시즌 1: 제임스 본드 조항","5/5/23"
"외교관: 시즌 1: 적은 더 가까이","5/5/23"
"외교관: 시즌 1: 욕망의 토네이도","5/5/23"
"외교관: 시즌 1: 개 포획자","5/5/23"
"외교관: 시즌 1: 그는 모자를 샀다","5/5/23"
"외교관: 시즌 1: 어둠 속의 양들","5/3/23"
"외교관: 시즌 1: 납치라 부르지 말 것","5/1/23"
"외교관: 시즌 1: 신데렐라처럼","5/1/23"
"비트윈: 시즌 2: 단체 탈출","5/1/23"
"비트윈: 시즌 2: 호레이쇼 제약 회사","5/1/23"
"비트윈: 시즌 2: 구출","4/30/23"
"비트윈: 시즌 2: 희망","4/30/23"
"비트윈: 시즌 2: 우리와 그들의 싸움","4/30/23"
"비트윈: 시즌 2: 마을에서 탈출하다","4/30/23"
"비트윈: 시즌 1: 전쟁","4/30/23"
"비트윈: 시즌 1: 속수무책","4/30/23"
"비트윈: 시즌 1: 사랑의 아픔","4/30/23"
"비트윈: 시즌 1: 선을 넘어서","4/30/23"
"비트윈: 시즌 1: 누가 대장이야?","4/30/23"
"비트윈: 시즌 1: 방과후","4/30/23"
"휴먼: 몸의 세계: 리미티드 시리즈: 탄생","4/29/23"
"휴먼: 몸의 세계: 리미티드 시리즈: 감각","4/29/23"
"휴먼: 몸의 세계: 리미티드 시리즈: 방어","4/22/23"
"휴먼: 몸의 세계: 리미티드 시리즈: 연료","4/22/23"
"휴먼: 몸의 세계: 리미티드 시리즈: 박동","4/22/23"
"휴먼: 몸의 세계: 리미티드 시리즈: 반응","4/22/23"
"세븐 킹스 머스트 다이","4/17/23"
"퀸메이커: 11화","4/16/23"
"퀸메이커: 10화","4/16/23"
"퀸메이커: 9화","4/16/23"
"퀸메이커: 8화","4/16/23"
"퀸메이커: 7화","4/16/23"
"퀸메이커: 6화","4/16/23"
"퀸메이커: 5화","4/16/23"
"퀸메이커: 4화","4/15/23"
"퀸메이커: 3화","4/15/23"
"퀸메이커: 2화","4/14/23"
"퀸메이커: 1화","4/14/23"
"성난 사람들: 시즌 1: 빛의 형상","4/12/23"
"성난 사람들: 시즌 1: 환상을 만드는 것","4/12/23"
"성난 사람들: 시즌 1: 독창적인 선택의 문제","4/12/23"
"성난 사람들: 시즌 1: 나는 새장이라네","4/12/23"
"성난 사람들: 시즌 1: 마법의 동그라미를 그리며","4/11/23"
"성난 사람들: 시즌 1: 이토록 내밀하고 비밀스러운 존재","4/11/23"
"성난 사람들: 시즌 1: 동시에 얻을 수 없을 뿐","4/9/23"
"성난 사람들: 시즌 1: 내 속엔 울음이 산다","4/9/23"
"성난 사람들: 시즌 1: 살아 있다는 황홀함","4/9/23"
"성난 사람들: 시즌 1: 새들은 노래하는 게 아니야, 고통에 울부짖는 거지","4/9/23"
"하이 워터: 6화","4/9/23"
"하이 워터: 5화","4/9/23"
"하이 워터: 4화","4/9/23"
"하이 워터: 3화","4/9/23"
"하이 워터: 2화","4/9/23"
"하이 워터: 1화","4/9/23"
"작은 아씨들: 리미티드 시리즈: 12화","4/5/23"
"작은 아씨들: 리미티드 시리즈: 11화","4/4/23"
"작은 아씨들: 리미티드 시리즈: 10화","4/4/23"
"작은 아씨들: 리미티드 시리즈: 9화","4/2/23"
"작은 아씨들: 리미티드 시리즈: 8화","4/2/23"
"작은 아씨들: 리미티드 시리즈: 7화","4/2/23"
"작은 아씨들: 리미티드 시리즈: 6화","4/2/23"
"작은 아씨들: 리미티드 시리즈: 5화","4/2/23"
"작은 아씨들: 리미티드 시리즈: 4화","4/2/23"
"작은 아씨들: 리미티드 시리즈: 3화","4/2/23"
"작은 아씨들: 리미티드 시리즈: 2화","4/2/23"
"작은 아씨들: 리미티드 시리즈: 1화","4/1/23"
"나이트 에이전트: 시즌 1: 아버지","4/1/23"
"나이트 에이전트: 시즌 1: 우리가 아는 악마","4/1/23"
"나이트 에이전트: 시즌 1: 재현","4/1/23"
"나이트 에이전트: 시즌 1: 복수는 천천히","4/1/23"
"나이트 에이전트: 시즌 1: 수심","3/30/23"
"나이트 에이전트: 시즌 1: 꼭두각시","3/30/23"
"나이트 에이전트: 시즌 1: 최고 기밀","3/30/23"
"나이트 에이전트: 시즌 1: 사육사","3/29/23"
"나이트 에이전트: 시즌 1: 재다이얼","3/26/23"
"나이트 에이전트: 시즌 1: 한 통의 전화","3/26/23"
"멜로가 체질: 리미티드 시리즈: 16화","3/26/23"
"멜로가 체질: 리미티드 시리즈: 15화","3/26/23"
"멜로가 체질: 리미티드 시리즈: 14화","3/26/23"
"멜로가 체질: 리미티드 시리즈: 13화","3/26/23"
"멜로가 체질: 리미티드 시리즈: 12화","3/26/23"
"멜로가 체질: 리미티드 시리즈: 11화","3/26/23"
"멜로가 체질: 리미티드 시리즈: 10화","3/25/23"
"멜로가 체질: 리미티드 시리즈: 9화","3/25/23"
"멜로가 체질: 리미티드 시리즈: 8화","3/25/23"
"멜로가 체질: 리미티드 시리즈: 7화","3/25/23"
"멜로가 체질: 리미티드 시리즈: 6화","3/25/23"
"멜로가 체질: 리미티드 시리즈: 5화","3/25/23"
"멜로가 체질: 리미티드 시리즈: 4화","3/25/23"
"멜로가 체질: 리미티드 시리즈: 3화","3/25/23"
"멜로가 체질: 리미티드 시리즈: 2화","3/25/23"
"멜로가 체질: 리미티드 시리즈: 1화","3/24/23"
"길모어 걸스: 시즌 1: 시나몬의 장례식","3/23/23"
"길모어 걸스: 시즌 1: 사슴 사냥꾼","3/23/23"
"길모어 걸스: 시즌 1: 날 지금 죽여 줘","3/21/23"
"길모어 걸스: 시즌 1: 칠튼에서 보낸 로렐라이의 첫날","3/21/23"
"길모어 걸스: 시즌 1: 파일럿 에피소드","3/21/23"
"지니 & 조지아: 시즌 2: 난 신데렐라가 아니지","3/20/23"
"지니 & 조지아: 시즌 2: 킬 길","3/20/23"
"지니 & 조지아: 시즌 2: 잘 들어! 어둠이 내려앉는다!","3/20/23"
"지니 & 조지아: 시즌 2: 개쩌는 세레나데를 들려줄게","3/20/23"
"지니 & 조지아: 시즌 2: 아주 행복한 지니와 조지아 크리스마스 특집","3/19/23"
"지니 & 조지아: 시즌 2: 라트카 개쩔어!","3/19/23"
"지니 & 조지아: 시즌 2: 내 생일 축하해, 얘들아","3/19/23"
"지니 & 조지아: 시즌 2: 도대체 무슨 꿍꿍이야?","3/19/23"
"지니 & 조지아: 시즌 2: 왜 모든 건 항상 이렇게 끝도 없이 끔찍해야 할까?","3/19/23"
"지니 & 조지아: 시즌 2: 어서 와요, 이 지지배들아!","3/19/23"
"지니 & 조지아: 시즌 1: 최악의 배신","3/19/23"
"지니 & 조지아: 시즌 1: 어려운 거니까","3/19/23"
"지니 & 조지아: 시즌 1: 하나를 고르시오","3/19/23"
"지니 & 조지아: 시즌 1: 생일 축하해","3/19/23"
"지니 & 조지아: 시즌 1: 트라우마","3/19/23"
"지니 & 조지아: 시즌 1: 놀랐지","3/18/23"
"지니 & 조지아: 시즌 1: 100% 페미니스트","3/18/23"
"지니 & 조지아: 시즌 1: 이 동네 부자들은","3/18/23"
"지니 & 조지아: 시즌 1: 가면이 아닌데","3/17/23"
"지니 & 조지아: 시즌 1: 파일럿 에피소드","3/17/23"
"사랑의 이해: 리미티드 시리즈: 16화","3/16/23"
"사랑의 이해: 리미티드 시리즈: 15화","3/14/23"
"사랑의 이해: 리미티드 시리즈: 14화","3/12/23"
"사랑의 이해: 리미티드 시리즈: 13화","3/12/23"
"사랑의 이해: 리미티드 시리즈: 12화","3/12/23"
"사랑의 이해: 리미티드 시리즈: 11화","3/12/23"
"사랑의 이해: 리미티드 시리즈: 10화","3/12/23"
"더 글로리: 16화","3/12/23"
"더 글로리: 13화","3/12/23"
"더 글로리: 12화","3/12/23"
"더 글로리: 11화","3/12/23"
"더 글로리: 10화","3/12/23"
"더 글로리: 9화","3/12/23"
"더 글로리: 15화","3/12/23"
"더 글로리: 14화","3/11/23"
"더 글로리: 8화","3/11/23"
"서전스 컷: 수술대 위의 개척자들: 심장에 영혼을 바쳐","3/2/23"
"서전스 컷: 수술대 위의 개척자들: 삶을 기증하다","3/2/23"
"서전스 컷: 수술대 위의 개척자들: 성스러운 뇌","3/2/23"
"서전스 컷: 수술대 위의 개척자들: 태아 구하기","2/28/23"
"너의 모든 것: 시즌 3: 사랑이 뭘까?","2/28/23"
"브루클린 나인-나인: 시즌 1: 구식","2/26/23"
"브루클린 나인-나인: 시즌 1: 48시간","2/26/23"
"브루클린 나인-나인: 시즌 1: 핼러윈","2/26/23"
"워킹데드: 시즌 11: 믿음","2/26/23"
"워킹데드: 시즌 11: 썩어버린 중심부","2/26/23"
"워킹데드: 시즌 11: 지도자","2/26/23"
"워킹데드: 시즌 11: 운 좋은 사람들","2/26/23"
"워킹데드: 시즌 11: 범죄 조직","2/26/23"
"워킹데드: 시즌 11: 새로운 터전","2/26/23"
"워킹데드: 시즌 11: 다른 길이 없다","2/26/23"
"워킹데드: 시즌 11: 죽거나 살거나","2/26/23"
"브루클린 나인-나인: 시즌 1: 벌쳐","2/25/23"
"사랑의 이해: 리미티드 시리즈: 9화","2/21/23"
"사랑의 이해: 리미티드 시리즈: 8화","2/20/23"
"사랑의 이해: 리미티드 시리즈: 7화","2/20/23"
"사랑의 이해: 리미티드 시리즈: 6화","2/19/23"
"사랑의 이해: 리미티드 시리즈: 5화","2/19/23"
"사랑의 이해: 리미티드 시리즈: 4화","2/19/23"
"사랑의 이해: 리미티드 시리즈: 3화","2/19/23"
"사랑의 이해: 리미티드 시리즈: 2화","2/18/23"
"사랑의 이해: 리미티드 시리즈: 1화","2/18/23"
"파인 갭: 6화","2/18/23"
"파인 갭: 5화","2/18/23"
"파인 갭: 4화","2/18/23"
"파인 갭: 3화","2/18/23"
"파인 갭: 2화","2/18/23"
"파인 갭: 1화","2/18/23"
"호텔 뭄바이","2/15/23"
"더 크루: 갱랜드: 시즌 1: 1화","2/15/23"
"블랙 어스 라이징: 미니 시리즈: 용서의 땅","2/13/23"
"블랙 어스 라이징: 미니 시리즈: 살아남은 아이","2/13/23"
"블랙 어스 라이징: 미니 시리즈: 귀향","2/12/23"
"블랙 어스 라이징: 미니 시리즈: 악마의 눈","2/12/23"
"블랙 어스 라이징: 미니 시리즈: 마음의 열쇠","2/12/23"
"블랙 어스 라이징: 미니 시리즈: 망자의 목소리","2/12/23"
"블랙 어스 라이징: 미니 시리즈: 과거를 들여다보면","2/12/23"
"블랙 어스 라이징: 미니 시리즈: 다음 소식입니다","2/12/23"
"유 돈 노우 미: 4화","2/12/23"
"유 돈 노우 미: 3화","2/12/23"
"유 돈 노우 미: 2화","2/11/23"
"유 돈 노우 미: 1화","2/11/23"
"절대쌍교: 44화","2/11/23"
"절대쌍교: 43화","2/11/23"
"절대쌍교: 42화","2/11/23"
"절대쌍교: 41화","2/11/23"
"절대쌍교: 40화","2/11/23"
"절대쌍교: 39화","2/11/23"
"절대쌍교: 38화","2/11/23"
"절대쌍교: 37화","2/11/23"
"절대쌍교: 36화","2/11/23"
"절대쌍교: 35화","2/9/23"
"절대쌍교: 34화","2/9/23"
"절대쌍교: 33화","2/9/23"
"절대쌍교: 32화","2/8/23"
"절대쌍교: 31화","2/8/23"
"절대쌍교: 30화","2/8/23"
"절대쌍교: 29화","2/7/23"
"절대쌍교: 28화","2/7/23"
"절대쌍교: 27화","2/5/23"
"절대쌍교: 26화","2/5/23"
"절대쌍교: 25화","2/5/23"
"절대쌍교: 24화","2/5/23"
"절대쌍교: 23화","2/5/23"
"절대쌍교: 22화","2/5/23"
"절대쌍교: 21화","2/5/23"
"절대쌍교: 20화","2/5/23"
"절대쌍교: 19화","2/5/23"
"절대쌍교: 18화","2/4/23"
"절대쌍교: 17화","1/31/23"
"절대쌍교: 16화","1/31/23"
"절대쌍교: 15화","1/31/23"
"절대쌍교: 14화","1/30/23"
"절대쌍교: 13화","1/30/23"
"절대쌍교: 12화","1/30/23"
"절대쌍교: 11화","1/30/23"
"절대쌍교: 10화","1/30/23"
"절대쌍교: 9화","1/29/23"
"절대쌍교: 8화","1/29/23"
"절대쌍교: 7화","1/29/23"
"절대쌍교: 6화","1/29/23"
"절대쌍교: 5화","1/29/23"
"절대쌍교: 4화","1/29/23"
"절대쌍교: 3화","1/29/23"
"절대쌍교: 1화","1/29/23"
"절대쌍교: 2화","1/29/23"
"불릿 트레인","1/29/23"
"IT 크라우드: 빨간문","1/29/23"
"IT 크라우드: 50대 50","1/29/23"
"IT 크라우드: 젠은 재앙","1/29/23"
"IT 크라우드: 어제 생겼던 고장","1/29/23"
"노트르담: 리미티드 시리즈: 2화","1/28/23"
"노트르담: 리미티드 시리즈: 1화","1/28/23"
"바이킹스: 발할라: 시즌 2: 심판","1/24/23"
"바이킹스: 발할라: 시즌 2: 페체네그인","1/24/23"
"바이킹스: 발할라: 시즌 2: 믿어 보는 것","1/24/23"
"바이킹스: 발할라: 시즌 2: 탄생과 재탄생","1/24/23"
"바이킹스: 발할라: 시즌 2: 해빙","1/24/23"
"바이킹스: 발할라: 시즌 2: 신의 조각들","1/24/23"
"바이킹스: 발할라: 시즌 2: 신앙의 탑","1/24/23"
"바이킹스: 발할라: 시즌 2: 운명의 거미줄","1/24/23"
"브리저튼: 시즌 2: 진정한 바람둥이","1/24/23"
"브리저튼: 시즌 1: 비 내린 후에","1/24/23"
"브리저튼: 시즌 1: 그대는 너무도 멀리","1/24/23"
"브리저튼: 시즌 1: 그녀의 치맛자락","1/24/23"
"브리저튼: 시즌 1: 공작의 여인","1/23/23"
"미스터트롯: 시즌2: 2023-01-19","1/23/23"
"미스터트롯: 시즌2: 2023-01-12","1/23/23"
"미스터트롯: 시즌2: 2023-01-05","1/23/23"
"정이","1/23/23"
"마이코네 행복한 밥상: 출발","1/23/23"
"마이코네 행복한 밥상: 축제","1/23/23"
"마이코네 행복한 밥상: 병","1/23/23"
"마이코네 행복한 밥상: 짝사랑","1/23/23"
"마이코네 행복한 밥상: 선택","1/23/23"
"마이코네 행복한 밥상: 소원","1/23/23"
"마이코네 행복한 밥상: 금기","1/23/23"
"마이코네 행복한 밥상: 오타후쿠","1/22/23"
"마이코네 행복한 밥상: 변화","1/22/23"
"브리저튼: 시즌 1: 명예를 위해","1/22/23"
"브리저튼: 시즌 1: 졸도의 기술","1/22/23"
"브리저튼: 시즌 1: 충격과 희열","1/22/23"
"브리저튼: 시즌 1: 최고의 다이아몬드","1/21/23"
"자정 클럽: 마지막 장","1/19/23"
"브이 포 벤데타","1/18/23"
"스틸워터","1/16/23"
"우리의 우주: 리미티드 시리즈: 만물을 끌어당기는 힘","1/15/23"
"우리의 우주: 리미티드 시리즈: 물로 이뤄진 세상","1/15/23"
"우리의 우주: 리미티드 시리즈: 생명의 근원","1/15/23"
"우리의 우주: 리미티드 시리즈: 변화하는 계절","1/15/23"
"우리의 우주: 리미티드 시리즈: 우주의 시계","1/15/23"
"우리의 우주: 리미티드 시리즈: 별빛을 따라","1/15/23"
"돈 룩 업","1/15/23"
"스파이더헤드","1/15/23"
"반역자들: 휴","1/14/23"
"반역자들: 피프","1/14/23"
"치아문난난적소시광: 우리의 따뜻했던 시절에게: 11화","1/11/23"
"치아문난난적소시광: 우리의 따뜻했던 시절에게: 10화","1/11/23"
"더 글로리: 7화","1/9/23"
"더 글로리: 6화","1/9/23"
"더 글로리: 5화","1/9/23"
"더 글로리: 4화","1/8/23"
"더 글로리: 3화","1/8/23"
"더 글로리: 2화","1/8/23"
"환혼: 파트 2: 10화","1/8/23"
"스팟리스: 10화","1/8/23"
"스팟리스: 9화","1/8/23"
"스팟리스: 8화","1/8/23"
"더 글로리: 1화","1/8/23"
"스팟리스: 7화","1/8/23"
"스팟리스: 6화","1/8/23"
"스팟리스: 5화","1/8/23"
"스팟리스: 4화","1/8/23"
"스팟리스: 3화","1/8/23"
"건축탐구 - 집: 2022: 2022-01-18","1/7/23"
"건축탐구 - 집: 2022: 2022-01-11","1/7/23"
"건축탐구 - 집: 2022: 2022-01-04","1/7/23"
"건축탐구 - 집: 2023: 2023-01-03","1/7/23"
"환혼: 파트 2: 9화","1/7/23"
"스팟리스: 2화","1/7/23"
"스팟리스: 1화","1/7/23"
"외계+인 1부","1/7/23"
"칼레이도스코프: 리미티드 시리즈: 하양(범행)","1/5/23"
"칼레이도스코프: 리미티드 시리즈: 분홍(범행 6개월 후)","1/5/23"
"칼레이도스코프: 리미티드 시리즈: 빨강(범행 당일 아침)","1/5/23"
"환혼: 파트 2: 8화","1/2/23"
"연애 빠진 로맨스","1/2/23"
"칼레이도스코프: 리미티드 시리즈: 주황(범행 3주 전)","1/1/23"
"칼레이도스코프: 리미티드 시리즈: 보라(범행으로부터 24년 전)","1/1/23"
"칼레이도스코프: 리미티드 시리즈: 파랑(범행 5일 전)","1/1/23"
"칼레이도스코프: 리미티드 시리즈: 노랑(범행 6주 전)","1/1/23"
"칼레이도스코프: 리미티드 시리즈: 초록(범행으로부터 7년 전)","1/1/23"
"칼레이도스코프: 리미티드 시리즈: 검정","1/1/23"
"환혼: 파트 2: 7화","12/31/22"
"오스만 제국의 꿈: 메흐메트 VS 블라드: 전쟁터","12/29/22"
"웬즈데이: 시즌 1: 어둠의 무리","12/28/22"
"웬즈데이: 시즌 1: 아직도 나를 모른다면 너의 손해","12/28/22"
"웬즈데이: 시즌 1: 못되게 굴 때 생기는 일","12/28/22"
"웬즈데이: 시즌 1: 불행 심은 데 불행 난다","12/28/22"
"웬즈데이: 시즌 1: 우울하고 멋진 밤","12/28/22"
"웬즈데이: 시즌 1: 친구냐 고독이냐","12/28/22"
"웬즈데이: 시즌 1: 가장 외로운 사람","12/28/22"
"웬즈데이: 시즌 1: 수요일의 아이는 울적하다","12/27/22"
"재벌집 막내아들: 리미티드 시리즈: 16화","12/27/22"
"환혼: 파트 2: 6화","12/26/22"
"별에서 온 그대: 시즌 1: 21화","12/26/22"
"별에서 온 그대: 시즌 1: 20화","12/26/22"
"별에서 온 그대: 시즌 1: 19화","12/26/22"
"별에서 온 그대: 시즌 1: 18화","12/26/22"
"별에서 온 그대: 시즌 1: 17화","12/25/22"
"별에서 온 그대: 시즌 1: 16화","12/25/22"
"별에서 온 그대: 시즌 1: 15화","12/25/22"
"흥부: 글로 세상을 바꾼 자","12/25/22"
"외모지상주의: 변화","12/24/22"
"재벌집 막내아들: 리미티드 시리즈: 15화","12/24/22"
"환혼: 파트 2: 5화","12/24/22"
"환혼: 파트 2: 4화","12/24/22"
"별에서 온 그대: 시즌 1: 14화","12/24/22"
"별에서 온 그대: 시즌 1: 13화","12/24/22"
"영상연에는 손대지 마!: Keep Your Hands Off Eizouken!: 영상연, 탄생!","12/24/22"
"영상연에는 손대지 마!: Keep Your Hands Off Eizouken!: 최강의 세계!","12/24/22"
"별에서 온 그대: 시즌 1: 12화","12/24/22"
"별에서 온 그대: 시즌 1: 11화","12/24/22"
"별에서 온 그대: 시즌 1: 10화","12/24/22"
"별에서 온 그대: 시즌 1: 9화","12/24/22"
"별에서 온 그대: 시즌 1: 8화","12/23/22"
"별에서 온 그대: 시즌 1: 7화","12/22/22"
"자산어보","12/22/22"
" ","12/22/22"
"살인의뢰","12/22/22"
"헌트","12/22/22"
"별에서 온 그대: 시즌 1: 6화","12/22/22"
"별에서 온 그대: 시즌 1: 5화","12/22/22"
"재벌집 막내아들: 리미티드 시리즈: 14화","12/21/22"
"별에서 온 그대: 시즌 1: 4화","12/21/22"
"별에서 온 그대: 시즌 1: 3화","12/21/22"
"별에서 온 그대: 시즌 1: 2화","12/21/22"
"별에서 온 그대: 시즌 1: 1화","12/21/22"
"어둠 속의 감시자: 잘 왔어요, 여러분","12/20/22"
"치아문난난적소시광: 우리의 따뜻했던 시절에게: 9화","12/20/22"
"인피니티: 무한의 세계로","12/19/22"
"살인을 말하다: 제프리 다머 테이프: 악마인가 정신 이상인가","12/19/22"
"살인을 말하다: 제프리 다머 테이프: 사진 좀 찍어도 될까요?","12/19/22"
"살인을 말하다: 제프리 다머 테이프: 악마를 향한 동정","12/19/22"
"치아문난난적소시광: 우리의 따뜻했던 시절에게: 8화","12/18/22"
"치아문난난적소시광: 우리의 따뜻했던 시절에게: 7화","12/18/22"
"치아문난난적소시광: 우리의 따뜻했던 시절에게: 6화","12/18/22"
"퍼스트 러브 하츠코이: 시즌 1: 하츠코이","12/18/22"
"퍼스트 러브 하츠코이: 시즌 1: 어떤 오후의 프루스트 효과","12/18/22"
"퍼스트 러브 하츠코이: 시즌 1: 꿈의 전과 후","12/18/22"
"퍼스트 러브 하츠코이: 시즌 1: 육감","12/18/22"
"퍼스트 러브 하츠코이: 시즌 1: 수어로 말해요","12/18/22"
"퍼스트 러브 하츠코이: 시즌 1: 스페이스 오디티","12/18/22"
"퍼스트 러브 하츠코이: 시즌 1: 나폴리탄","12/17/22"
"퍼스트 러브 하츠코이: 시즌 1: 너의 목소리","12/17/22"
"재벌집 막내아들: 리미티드 시리즈: 13화","12/17/22"
"치아문난난적소시광: 우리의 따뜻했던 시절에게: 5화","12/17/22"
"치아문난난적소시광: 우리의 따뜻했던 시절에게: 4화","12/17/22"
"환혼: 파트 2: 3화","12/17/22"
"치아문난난적소시광: 우리의 따뜻했던 시절에게: 3화","12/17/22"
"치아문난난적소시광: 우리의 따뜻했던 시절에게: 2화","12/17/22"
"치아문난난적소시광: 우리의 따뜻했던 시절에게: 1화","12/17/22"
"퍼스트 러브 하츠코이: 시즌 1: 라일락꽃 필 무렵","12/17/22"
"더 리크루트: 시즌 1: 오언 헨드릭스가 누군데?","12/17/22"
"더 리크루트: 시즌 1: 스파이의 세계","12/17/22"
"더 리크루트: 시즌 1: 어느 쪽이 진실일까","12/17/22"
"더 리크루트: 시즌 1: 그건 네 문제","12/17/22"
"더 리크루트: 시즌 1: 그래도 하는 거야","12/17/22"
"더 리크루트: 시즌 1: 앤더슨 쿠퍼처럼","12/17/22"
"더 리크루트: 시즌 1: 약한 모습은 금물","12/17/22"
"더 리크루트: 시즌 1: 스파이가 아닌 변호사","12/17/22"
"재벌집 막내아들: 리미티드 시리즈: 12화","12/16/22"
"다머: 괴물: 제프리 다머 이야기: 용서의 신, 복수의 신","12/16/22"
"다머: 괴물: 제프리 다머 이야기: 부기맨","12/16/22"
"다머: 괴물: 제프리 다머 이야기: 라이어널","12/16/22"
"다머: 괴물: 제프리 다머 이야기: 카산드라","12/16/22"
"다머: 괴물: 제프리 다머 이야기: 침묵당한 자","12/16/22"
"다머: 괴물: 제프리 다머 이야기: 죽음의 책임이 있는 자들","12/16/22"
"다머: 괴물: 제프리 다머 이야기: 착한 아이 상자","12/16/22"
"다머: 괴물: 제프리 다머 이야기: 다머한다","12/16/22"
"다머: 괴물: 제프리 다머 이야기: 가지 마","12/16/22"
"나쁜 아이들: 12화","12/15/22"
"나쁜 아이들: 11화","12/15/22"
"나쁜 아이들: 10화","12/15/22"
"나쁜 아이들: 9화","12/15/22"
"나쁜 아이들: 8화","12/15/22"
"나쁜 아이들: 7화","12/15/22"
"나쁜 아이들: 6화","12/15/22"
"나쁜 아이들: 5화","12/15/22"
"나쁜 아이들: 4화","12/15/22"
"나쁜 아이들: 3화","12/15/22"
"나쁜 아이들: 2화","12/15/22"
"나쁜 아이들: 1화","12/15/22"
"숲: 순수의 시대는 끝났다","12/14/22"
"기예르모 델토로의 호기심의 방: 새들의 비행","12/14/22"
"기예르모 델토로의 호기심의 방: 관람","12/14/22"
"환혼: 파트 2: 1화","12/14/22"
"환혼: 파트 1: 20화","12/14/22"
"환혼: 파트 2: 2화","12/14/22"
"기예르모 델토로의 호기심의 방: 마녀의 집","12/13/22"
"기예르모 델토로의 호기심의 방: 모델","12/12/22"
"기예르모 델토로의 호기심의 방: 겉모습","12/12/22"
"기예르모 델토로의 호기심의 방: 부검","12/12/22"
"기예르모 델토로의 호기심의 방: 무덤가의 쥐","12/12/22"
"기예르모 델토로의 호기심의 방: 36번 창고","12/12/22"
"12인의 심판자: 브레흐티어와 로스","12/12/22"
"12인의 심판자: 울리히와 엘리자벳","12/12/22"
"12인의 심판자: 클레오와 유타","12/12/22"
"12인의 심판자: 륏하르트와 마르호","12/12/22"
"12인의 심판자: 히","12/12/22"
"12인의 심판자: 스테판","12/12/22"
"재벌집 막내아들: 리미티드 시리즈: 11화","12/11/22"
"재벌집 막내아들: 리미티드 시리즈: 1화","12/11/22"
"12인의 심판자: 마르크","12/11/22"
"12인의 심판자: 엘리아너","12/11/22"
"12인의 심판자: 도날트","12/11/22"
"12인의 심판자: 프리","12/11/22"
"리버데일: 시즌 2: 제14장: 죽음 전의 키스","12/11/22"
"리버데일: 시즌 1: 마지막화: 제13장: 그곳에선 평안을","12/11/22"
"리버데일: 시즌 1: 제12장: 살인의 해부학","12/11/22"
"리버데일: 시즌 1: 제11장: 리버데일로","12/11/22"
"리버데일: 시즌 1: 제10장: 잃어버린 시간","12/11/22"
"리버데일: 시즌 1: 제9장: 위대한 환상","12/11/22"
"리버데일: 시즌 1: 제8장: 아웃사이더","12/11/22"
"리버데일: 시즌 1: 제7장: 어둠의 장소","12/11/22"
"리버데일: 시즌 1: 제6장: 죽음의 노래","12/11/22"
"리버데일: 시즌 1: 제5장: 어둠의 심장","12/11/22"
"재벌집 막내아들: 리미티드 시리즈: 10화","12/10/22"
"리버데일: 시즌 1: 제4장: 라스트 픽처 쇼","12/10/22"
"리버데일: 시즌 1: 제3장: 대역","12/10/22"
"리버데일: 시즌 1: 제2장: 악마의 손길","12/10/22"
"리버데일: 시즌 1: 제1장: 리버데일의 그늘","12/10/22"
"내 어깨 위 고양이, 밥 2","12/9/22"
"재벌집 막내아들: 리미티드 시리즈: 9화","12/9/22"
"아이 좀비: 좀비의 싸움","12/9/22"
"아이 좀비: 리브와 클라이브","12/9/22"
"아이 좀비: 청부살인업자","12/9/22"
"리벨리언: 시즌 2: 5화","12/8/22"
"리벨리언: 시즌 2: 4화","12/8/22"
"리벨리언: 시즌 2: 3화","12/8/22"
"리벨리언: 시즌 2: 2화","12/8/22"
"리벨리언: 시즌 2: 1화","12/8/22"
"리벨리언: 처형","12/8/22"
"리벨리언: 항복","12/8/22"
"리벨리언: 포화 속에서","12/8/22"
"리벨리언: 운명의 날","12/8/22"
"리벨리언: 젊은 그들","12/8/22"
"1899: 소년","12/8/22"
"1899: 한 척의 배","12/8/22"
"죄인: 시즌 2: 줄리언: 파트 I","12/7/22"
"죄인: 시즌 1: 코라: 파트 VIII","12/7/22"
"죄인: 시즌 1: 코라: 파트 VII","12/7/22"
"죄인: 시즌 1: 코라: 파트 VI","12/7/22"
"죄인: 시즌 1: 코라: 파트 V","12/7/22"
"죄인: 시즌 1: 코라: 파트 IV","12/7/22"
"죄인: 시즌 1: 코라: 파트 III","12/7/22"
"죄인: 시즌 1: 코라: 파트 II","12/7/22"
"죄인: 시즌 1: 코라: 파트 I","12/7/22"
"죄인: 시즌 4: 퍼시: 파트 VIII","12/7/22"
"죄인: 시즌 4: 퍼시: 파트 VII","12/7/22"
"죄인: 시즌 4: 퍼시: 파트 VI","12/7/22"
"죄인: 시즌 4: 퍼시: 파트 V","12/7/22"
"죄인: 시즌 4: 퍼시: 파트 IV","12/5/22"
"죄인: 시즌 4: 퍼시: 파트 III","12/5/22"
"죄인: 시즌 4: 퍼시: 파트 II","12/5/22"
"죄인: 시즌 4: 퍼시: 파트 I","12/5/22"
"5인의 후아나: 98%","12/5/22"
"5인의 후아나: 후유증","12/5/22"
"착오: 시즌 1: 무덤에서 되살아나다","12/5/22"
"예감: 시즌 1: 자백","12/5/22"
"예감: 시즌 1: 다음 피해자","12/5/22"
"예감: 시즌 1: 흉터","12/5/22"
"예감: 시즌 1: 내부자","12/5/22"
"예감: 시즌 1: 끔찍한 진실","12/5/22"
"예감: 시즌 1: 당신의 인생을 바꿔드립니다","12/5/22"
"재벌집 막내아들: 리미티드 시리즈: 8화","12/5/22"
"예감: 시즌 1: 남편은 살인자일까?","12/5/22"
"예감: 시즌 1: 중대한 순간","12/5/22"
"예감: 시즌 1: 매듭","12/4/22"
"예감: 시즌 1: 위험한 조직","12/4/22"
"예감: 시즌 1: 그 심장은 네 것이 아니다","12/4/22"
"슈룹: 리미티드 시리즈: 16화","12/4/22"
"슈룹: 리미티드 시리즈: 3화","12/4/22"
"예감: 시즌 1: 답을 찾아서","12/4/22"
"건축탐구 - 집: 2022: 2022-10-04","12/4/22"
"예감: 시즌 1: 내 몸 안의 낯선 손님","12/4/22"
"예감: 시즌 1: 행복은 완벽하지 않다","12/4/22"
"아이 좀비: 뇌 좀 나눠 주세요","12/4/22"
"아이 좀비: 파일럿 에피소드","12/4/22"
"클라르크: 리미티드 시리즈: 세상 모든 책은 다 읽었어, 거기에 몇 권 더","12/4/22"
"클라르크: 리미티드 시리즈: 일해 본 적 없어, 즐기기에도 시간은 부족하니까","12/4/22"
"클라르크: 리미티드 시리즈: 파티를 시작하지","12/4/22"
"클라르크: 리미티드 시리즈: 사람들은 날 말괄량이 삐삐와 알 카포네의 혼종으로 보더군","12/4/22"
"슈룹: 리미티드 시리즈: 15화","12/4/22"
"클라르크: 리미티드 시리즈: 난 모든 걸 항상 반대로 해","12/4/22"
"재벌집 막내아들: 리미티드 시리즈: 7화","12/4/22"
"클라르크: 리미티드 시리즈: 최고의 선두가 되지 못해도 최악의 선두가 될 수는 있지","12/3/22"
"브루클린 나인-나인: 시즌 1: 검시관과의 시간","12/3/22"
"브루클린 나인-나인: 시즌 1: 슬럼프","12/3/22"
"브루클린 나인-나인: 시즌 1: 낙서꾼","12/3/22"
"브루클린 나인-나인: 시즌 1: 파일럿","12/3/22"
"에놀라 홈즈","12/3/22"
"이지: 시즌 3: 잊을 수 없는 사람","12/3/22"
"이지: 시즌 3: 끓어오른다!","12/3/22"
"이지: 시즌 3: 영업왕","12/3/22"
"이지: 시즌 3: 기억의 공백","12/3/22"
"이지: 시즌 3: 싫어요","12/3/22"
"이지: 시즌 3: 모두에게 ‘예스‘","12/3/22"
"이지: 시즌 3: 관계의 에너지","12/2/22"
"이지: 시즌 3: 은밀한 시선","12/2/22"
"이지: 시즌 3: 좋아요","12/2/22"
"이지: 시즌 2: 아기와 함께","12/2/22"
"이지: 시즌 2: 레이디 차차","12/2/22"
"이지: 시즌 2: 탕아, 돌아오다","12/2/22"
"이지: 시즌 2: 부부 생활","12/2/22"
"이지: 시즌 2: 남아 있는 것들","12/2/22"
"이지: 시즌 1: 서로의 케미","12/2/22"
"이지: 시즌 2: 부업","12/2/22"
"이지: 시즌 2: 자유 결혼","12/2/22"
"이지: 시즌 2: 택배 도둑","12/2/22"
"이지: 시즌 1: 꿈의 열차에 뛰어오르다","12/2/22"
"이지: 시즌 1: 유토피아","12/2/22"
"이지: 시즌 1: 삶과 예술","12/2/22"
"이지: 시즌 1: 콘트롤라다","12/2/22"
"이지: 시즌 1: 맥주 양조장 형제","12/2/22"
"이지: 시즌 1: 비건 신데렐라","12/2/22"
"이지: 시즌 1: 연구 결과","12/2/22"
"피와 섹스 그리고 왕실: 내가 죽기를 바라는 자","11/29/22"
"피와 섹스 그리고 왕실: 절대 눈물을 들키지 마라","11/29/22"
"피와 섹스 그리고 왕실: 불린 가문이 이기리라","11/29/22"
"아웃랜더: 시즌 6: 혼자가 아니다","11/29/22"
"아웃랜더: 시즌 6: 막대기와 돌멩이","11/29/22"
"아웃랜더: 시즌 6: 세상이 뒤집혔다","11/29/22"
"아웃랜더: 시즌 6: 자유를 달라","11/29/22"
"아웃랜더: 시즌 6: 늑대의 시간","11/29/22"
"아웃랜더: 시즌 6: 금주","11/29/22"
"아웃랜더: 시즌 6: 충성","11/28/22"
"아웃랜더: 시즌 6: 메아리","11/28/22"
"아웃랜더: 시즌 5: 사랑을 위해서라면","11/28/22"
"아웃랜더: 시즌 5: 여행을 떠나기 전에","11/28/22"
"아웃랜더: 시즌 5: 그 또한 자비라면","11/28/22"
"아웃랜더: 시즌 5: 괴물과 영웅","11/28/22"
"아웃랜더: 시즌 5: 마지막 말을 남긴다면","11/28/22"
"아웃랜더: 시즌 5: 로저의 노래","11/28/22"
"아웃랜더: 시즌 5: 결혼식의 손님들","11/28/22"
"아웃랜더: 시즌 5: 미래란 모르는 것","11/28/22"
"슈룹: 리미티드 시리즈: 14화","11/27/22"
"아웃랜더: 시즌 5: 지켜야 할 사람","11/27/22"
"재벌집 막내아들: 리미티드 시리즈: 6화","11/27/22"
"아웃랜더: 시즌 5: 자유로운 인간으로","11/27/22"
"아웃랜더: 시즌 5: 진퇴양난","11/27/22"
"아웃랜더: 시즌 5: 혈화의 십자가","11/27/22"
"아웃랜더: 시즌 4: 가치 있는 사람","11/27/22"
"아웃랜더: 시즌 4: 신의 뜻대로","11/27/22"
"아웃랜더: 시즌 4: 희망이 없다면","11/27/22"
"아웃랜더: 시즌 4: 마음속 깊은 곳에","11/27/22"
"아웃랜더: 시즌 4: 돌아갈 집","11/27/22"
"아웃랜더: 시즌 4: 윌밍턴에서","11/27/22"
"아웃랜더: 시즌 4: 혼돈의 시간 속으로","11/27/22"
"아웃랜더: 시즌 4: 내 피 중의 피","11/27/22"
"아웃랜더: 시즌 4: 야만","11/27/22"
"아웃랜더: 시즌 4: 땅의 경계","11/27/22"
"아웃랜더: 시즌 4: 폭풍의 밤에","11/27/22"
"아웃랜더: 시즌 4: 도화선","11/27/22"
"아웃랜더: 시즌 4: 꿈의 신대륙","11/27/22"
"재벌집 막내아들: 리미티드 시리즈: 5화","11/26/22"
"아웃랜더: 시즌 3: 폭풍의 눈","11/26/22"
"슈룹: 리미티드 시리즈: 13화","11/26/22"
"아웃랜더: 시즌 3: 카리브해의 악녀","11/26/22"
"아웃랜더: 시즌 3: 낯선 땅에서","11/26/22"
"아웃랜더: 시즌 3: 하늘과 땅","11/26/22"
"아웃랜더: 시즌 3: 무풍지대","11/26/22"
"아웃랜더: 시즌 3: 돌아온 아내","11/26/22"
"아웃랜더: 시즌 3: 추적","11/26/22"
"아웃랜더: 시즌 3: 알렉산더 맬컴","11/26/22"
"아웃랜더: 시즌 3: 자유와 위스키","11/26/22"
"아웃랜더: 시즌 3: 잃어버린 그들","11/26/22"
"재벌집 막내아들: 리미티드 시리즈: 4화","11/25/22"
"아웃랜더: 시즌 3: 짐을 벗고","11/25/22"
"아웃랜더: 시즌 3: 투항","11/25/22"
"아웃랜더: 시즌 3: 그들의 전쟁","11/25/22"
"아웃랜더: 시즌 2: 호박 속의 잠자리","11/25/22"
"아웃랜더: 시즌 2: 기적","11/25/22"
"아웃랜더: 시즌 2: 복수는 나의 것","11/25/22"
"아웃랜더: 시즌 2: 프레스톤팬즈","11/25/22"
"아웃랜더: 시즌 2: 준비가 끝나다","11/25/22"
"아웃랜더: 시즌 2: 여우의 굴","11/25/22"
"아웃랜더: 시즌 2: 믿음","11/24/22"
"아웃랜더: 시즌 2: 회심의 책략","11/24/22"
"아웃랜더: 시즌 2: 때아닌 부활","11/23/22"
"재벌집 막내아들: 리미티드 시리즈: 3화","11/23/22"
"아웃랜더: 시즌 2: 백색의 숙녀","11/23/22"
"재벌집 막내아들: 리미티드 시리즈: 2화","11/23/22"
"아웃랜더: 시즌 2: 쓸만한 직업 그리고 속임수","11/23/22"
"아웃랜더: 시즌 2: 스코틀랜드를 떠나다","11/23/22"
"아웃랜더: 시즌 2: 거울에 비친 어둠","11/23/22"
"아웃랜더: 시즌 1: 영혼의 대속","11/23/22"
"아웃랜더: 시즌 1: 웬트워스 교도소","11/23/22"
"아웃랜더: 시즌 1: 수색","11/23/22"
"아웃랜더: 시즌 1: 새로운 동료","11/23/22"
"아웃랜더: 시즌 1: 랄리브로흐","11/23/22"
"아웃랜더: 시즌 1: 악마의 표시","11/22/22"
"아웃랜더: 시즌 1: 전조","11/22/22"
"아웃랜더: 시즌 1: 심판","11/22/22"
"아웃랜더: 시즌 1: 두 개의 세계","11/22/22"
"아웃랜더: 시즌 1: 결혼식","11/22/22"
"아웃랜더: 시즌 1: 개리슨 지휘관","11/22/22"
"아웃랜더: 시즌 1: 감춰진 사명","11/22/22"
"아웃랜더: 시즌 1: 모임","11/22/22"
"아웃랜더: 시즌 1: 희망의 빛","11/22/22"
"아웃랜더: 시즌 1: 레오흐 성","11/22/22"
"아웃랜더: 시즌 1: 새서나흐","11/22/22"
"다이너스티: 1%의 1%: 시즌 1: 은밀하게 뻔뻔하게","11/21/22"
"다이너스티: 1%의 1%: 시즌 1: 과거의 그림자","11/21/22"
"다이너스티: 1%의 1%: 시즌 1: 말하지 못한 것들","11/21/22"
"슈룹: 리미티드 시리즈: 12화","11/20/22"
"노인을 위한 나라는 없다","11/20/22"
"다이너스티: 1%의 1%: 시즌 1: 파일럿 에피소드","11/20/22"
"동성서취","11/20/22"
"동사서독 리덕스","11/19/22"
"슈룹: 리미티드 시리즈: 11화","11/19/22"
"엘리트들: 시즌 6: 이별","11/19/22"
"엘리트들: 시즌 6: 가면들","11/19/22"
"엘리트들: 시즌 6: 티나","11/19/22"
"엘리트들: 시즌 6: 애도","11/19/22"
"엘리트들: 시즌 6: 전쟁","11/19/22"
"엘리트들: 시즌 6: 알몸 파티","11/19/22"
"엘리트들: 시즌 6: 셀카","11/19/22"
"엘리트들: 시즌 6: 불안","11/19/22"
"엘리트들: 시즌 5: 너의 세상과 나의 세상","11/19/22"
"의천도룡기 2019: 50화","11/19/22"
"의천도룡기 2019: 49화","11/18/22"
"의천도룡기 2019: 48화","11/18/22"
"의천도룡기 2019: 47화","11/18/22"
"의천도룡기 2019: 46화","11/18/22"
"의천도룡기 2019: 45화","11/18/22"
"의천도룡기 2019: 44화","11/18/22"
"의천도룡기 2019: 43화","11/18/22"
"의천도룡기 2019: 42화","11/18/22"
"의천도룡기 2019: 41화","11/18/22"
"의천도룡기 2019: 40화","11/18/22"
"의천도룡기 2019: 39화","11/18/22"
"의천도룡기 2019: 38화","11/18/22"
"의천도룡기 2019: 37화","11/18/22"
"의천도룡기 2019: 36화","11/18/22"
"의천도룡기 2019: 35화","11/17/22"
"의천도룡기 2019: 34화","11/17/22"
"의천도룡기 2019: 33화","11/17/22"
"의천도룡기 2019: 32화","11/17/22"
"의천도룡기 2019: 31화","11/16/22"
"의천도룡기 2019: 30화","11/16/22"
"의천도룡기 2019: 29화","11/16/22"
"의천도룡기 2019: 28화","11/16/22"
"의천도룡기 2019: 27화","11/16/22"
"의천도룡기 2019: 26화","11/16/22"
"의천도룡기 2019: 25화","11/16/22"
"의천도룡기 2019: 24화","11/16/22"
"의천도룡기 2019: 23화","11/16/22"
"의천도룡기 2019: 22화","11/16/22"
"의천도룡기 2019: 21화","11/16/22"
"의천도룡기 2019: 20화","11/16/22"
"의천도룡기 2019: 19화","11/16/22"
"의천도룡기 2019: 18화","11/16/22"
"의천도룡기 2019: 17화","11/16/22"
"의천도룡기 2019: 16화","11/16/22"
"의천도룡기 2019: 15화","11/16/22"
"의천도룡기 2019: 14화","11/15/22"
"의천도룡기 2019: 13화","11/15/22"
"의천도룡기 2019: 12화","11/15/22"
"의천도룡기 2019: 11화","11/15/22"
"의천도룡기 2019: 10화","11/15/22"
"의천도룡기 2019: 9화","11/15/22"
"의천도룡기 2019: 8화","11/15/22"
"의천도룡기 2019: 7화","11/15/22"
"의천도룡기 2019: 6화","11/15/22"
"의천도룡기 2019: 5화","11/15/22"
"의천도룡기 2019: 4화","11/15/22"
"의천도룡기 2019: 3화","11/15/22"
"의천도룡기 2019: 2화","11/15/22"
"의천도룡기 2019: 1화","11/15/22"
"사조영웅전 2017: 52화","11/15/22"
"사조영웅전 2017: 51화","11/15/22"
"사조영웅전 2017: 50화","11/15/22"
"사조영웅전 2017: 49화","11/15/22"
"사조영웅전 2017: 48화","11/15/22"
"사조영웅전 2017: 47화","11/14/22"
"사조영웅전 2017: 46화","11/14/22"
"사조영웅전 2017: 42화","11/14/22"
"사조영웅전 2017: 45화","11/14/22"
"사조영웅전 2017: 44화","11/14/22"
"사조영웅전 2017: 43화","11/14/22"
"사조영웅전 2017: 41화","11/14/22"
"사조영웅전 2017: 40화","11/14/22"
"사조영웅전 2017: 39화","11/14/22"
"사조영웅전 2017: 38화","11/14/22"
"사조영웅전 2017: 37화","11/14/22"
"사조영웅전 2017: 36화","11/14/22"
"사조영웅전 2017: 35화","11/14/22"
"사조영웅전 2017: 34화","11/14/22"
"사조영웅전 2017: 33화","11/14/22"
"사조영웅전 2017: 32화","11/14/22"
"사조영웅전 2017: 31화","11/14/22"
"사조영웅전 2017: 30화","11/14/22"
"사조영웅전 2017: 29화","11/14/22"
"사조영웅전 2017: 28화","11/14/22"
"사조영웅전 2017: 27화","11/13/22"
"슈룹: 리미티드 시리즈: 10화","11/13/22"
"사조영웅전 2017: 26화","11/13/22"
"사조영웅전 2017: 25화","11/13/22"
"사조영웅전 2017: 24화","11/13/22"
"사조영웅전 2017: 23화","11/13/22"
"사조영웅전 2017: 22화","11/13/22"
"사조영웅전 2017: 21화","11/13/22"
"사조영웅전 2017: 20화","11/13/22"
"사조영웅전 2017: 19화","11/13/22"
"사조영웅전 2017: 18화","11/13/22"
"사조영웅전 2017: 17화","11/13/22"
"사조영웅전 2017: 16화","11/13/22"
"사조영웅전 2017: 15화","11/13/22"
"사조영웅전 2017: 14화","11/13/22"
"사조영웅전 2017: 13화","11/13/22"
"사조영웅전 2017: 12화","11/12/22"
"슈룹: 리미티드 시리즈: 9화","11/12/22"
"사조영웅전 2017: 11화","11/12/22"
"사조영웅전 2017: 10화","11/12/22"
"사조영웅전 2017: 9화","11/12/22"
"사조영웅전 2017: 8화","11/12/22"
"사조영웅전 2017: 7화","11/12/22"
"사조영웅전 2017: 6화","11/12/22"
"사조영웅전 2017: 1화","11/12/22"
"사조영웅전 2017: 2화","11/12/22"
"사조영웅전 2017: 5화","11/12/22"
"사조영웅전 2017: 4화","11/12/22"
"사조영웅전 2017: 3화","11/12/22"
"바바리안: 바바리안 II: 치러야 할 대가","11/12/22"
"바바리안: 바바리안 II: 파멸","11/12/22"
"바바리안: 바바리안 II: 서원","11/12/22"
"바바리안: 바바리안 II: 아버지들","11/12/22"
"바바리안: 바바리안 II: 생포","11/11/22"
"바바리안: 바바리안 II: 새로운 군단","11/11/22"
"바바리안: 전투","11/11/22"
"바바리안: 반역","11/11/22"
"바바리안: 새 족장","11/11/22"
"바바리안: 벼랑 끝에서","11/11/22"
"바바리안: 복수","11/11/22"
"바바리안: 늑대와 독수리","11/11/22"
"바이킹 따라잡기: 시즌 3: 따끔한 벌","11/11/22"
"바이킹 따라잡기: 시즌 3: 드래건은 진짜로 있을까?","11/11/22"
"바이킹 따라잡기: 시즌 3: 전쟁 테이블의 최후","11/11/22"
"바이킹 따라잡기: 시즌 3: 완벽한 결혼식 그리고 제물","11/10/22"
"바이킹 따라잡기: 시즌 3: 총각 파티","11/10/22"
"바이킹 따라잡기: 시즌 3: 비극적인 머리숱","11/10/22"
"바이킹 따라잡기: 시즌 2: 마지막 도미노","11/10/22"
"바이킹 따라잡기: 시즌 2: 유다의 키스","11/10/22"
"바이킹 따라잡기: 시즌 2: 복수","11/10/22"
"바이킹 따라잡기: 시즌 2: 비밀의 손","11/10/22"
"바이킹 따라잡기: 시즌 2: 노예의 숙명","11/10/22"
"바이킹 따라잡기: 시즌 2: 동쪽과 서쪽","11/9/22"
"바이킹 따라잡기: 시즌 1: 결투","11/9/22"
"바이킹 따라잡기: 시즌 1: 습격","11/9/22"
"바이킹 따라잡기: 시즌 1: 원정","11/9/22"
"바이킹 따라잡기: 시즌 1: 장례식","11/9/22"
"바이킹 따라잡기: 시즌 1: 도주","11/9/22"
"바이킹 따라잡기: 시즌 1: 귀향","11/9/22"
"H(아체): 시즌 2: 두 번째 기회","11/9/22"
"H(아체): 시즌 2: 끝이 다가온다","11/9/22"
"H(아체): 시즌 2: 고독","11/9/22"
"H(아체): 시즌 2: 눈에는 눈","11/9/22"
"H(아체): 시즌 2: 실험실","11/9/22"
"H(아체): 시즌 2: 그의 유산","11/9/22"
"H(아체): 시즌 1: H로 시작하는 엘레나","11/9/22"
"H(아체): 시즌 1: 회전목마","11/9/22"
"H(아체): 시즌 1: 마르세유","11/9/22"
"H(아체): 시즌 1: 배신자","11/9/22"
"H(아체): 시즌 1: 사라진 여인","11/9/22"
"H(아체): 시즌 1: 총성","11/8/22"
"H(아체): 시즌 1: 첫 번째 임무","11/8/22"
"H(아체): 시즌 1: 인형의 비밀","11/8/22"
"바이킹스: 발할라: 시즌 1: 시작의 끝","11/8/22"
"바이킹스: 발할라: 시즌 1: 선택","11/8/22"
"바이킹스: 발할라: 시즌 1: 웁살라의 마지막 딸","11/8/22"
"바이킹스: 발할라: 시즌 1: 기적","11/8/22"
"바이킹스: 발할라: 시즌 1: 다리","11/8/22"
"바이킹스: 발할라: 시즌 1: 늪지대","11/8/22"
"바이킹스: 발할라: 시즌 1: 바이킹","11/8/22"
"바이킹스: 시즌 6: 마지막 장","11/8/22"
"바이킹스: 시즌 6: 주님께서 함께하시니","11/8/22"
"바이킹스: 시즌 6: 신의 뜻","11/8/22"
"바이킹스: 시즌 6: 메두사호의 뗏목","11/8/22"
"바이킹스: 시즌 6: 마지막 결정타","11/7/22"
"바이킹스: 시즌 6: 오리무중","11/7/22"
"바이킹스: 시즌 6: 갈 곳 잃은 영혼들","11/7/22"
"바이킹스: 시즌 6: 신호","11/7/22"
"바이킹스: 시즌 6: 모든 것이 바뀌다","11/7/22"
"바이킹스: 시즌 6: 왕 중의 왕","11/7/22"
"바이킹스: 시즌 6: 잘 짜인 계획","11/7/22"
"바이킹스: 시즌 6: 부활","11/7/22"
"바이킹스: 시즌 6: 발할라에서 다시 만나리","11/7/22"
"바이킹스: 시즌 6: 얼음 여전사","11/7/22"
"바이킹스: 시즌 6: 죽음과 뱀","11/7/22"
"바이킹스: 시즌 6: 미래를 위한 준비","11/7/22"
"바이킹스: 시즌 6: 모든 포로들","11/7/22"
"바이킹스: 시즌 6: 유령, 신, 그리고 날뛰는 개","11/7/22"
"바이킹스: 시즌 6: 예언자","11/7/22"
"슈룹: 리미티드 시리즈: 8화","11/6/22"
"슈룹: 리미티드 시리즈: 7화","11/6/22"
"슈룹: 리미티드 시리즈: 6화","11/6/22"
"슈룹: 리미티드 시리즈: 5화","11/6/22"
"바이킹스: 시즌 6: 새로운 시작","11/6/22"
"라스트 킹덤: 시즌 1: 1화","11/6/22"
"라스트 킹덤: 시즌 5: 1화","11/6/22"
"바이킹스: 시즌 5: 라그나뢰크","11/6/22"
"바이킹스: 시즌 5: 동굴 깊은 곳","11/6/22"
"바이킹스: 시즌 5: 신성한 발드르","11/6/22"
"바이킹스: 시즌 5: 가장 끔찍한 일","11/6/22"
"바이킹스: 시즌 5: 부처와의 만남","11/6/22"
"바이킹스: 시즌 5: 지옥의 소리","11/6/22"
"바이킹스: 시즌 5: 놓쳐버린 기회","11/6/22"
"바이킹스: 시즌 5: 새로운 신","11/6/22"
"바이킹스: 시즌 5: 가장 흉악한 살인","11/6/22"
"바이킹스: 시즌 5: 뒤늦게 밝혀진 진실","11/6/22"
"바이킹스: 시즌 5: 환영이 찾아오는 순간들","11/5/22"
"바이킹스: 시즌 5: 간단한 이야기","11/5/22"
"바이킹스: 시즌 5: 농담","11/5/22"
"바이킹스: 시즌 5: 보름달","11/5/22"
"바이킹스: 시즌 5: 메시지","11/5/22"
"바이킹스: 시즌 5: 포로","11/5/22"
"바이킹스: 시즌 5: 계획","11/4/22"
"바이킹스: 시즌 5: 조국","11/4/22"
"바이킹스: 시즌 5: 떠난 자","11/3/22"
"바이킹스: 시즌 5: 승전, 그 이후","11/3/22"
"바이킹스: 시즌 4: 심판","11/3/22"
"바이킹스: 시즌 4: 전야","11/3/22"
"바이킹스: 시즌 4: 복수","11/3/22"
"바이킹스: 시즌 4: 막강한 군대","11/3/22"
"바이킹스: 시즌 4: 왕좌의 주인","11/3/22"
"바이킹스: 시즌 4: 신의 모든 천사들","11/2/22"
"바이킹스: 시즌 4: 아침이 오기 전 불확실한 시간","11/2/22"
"바이킹스: 시즌 4: 두 개의 여정","11/2/22"
"바이킹스: 시즌 4: 예지몽","11/2/22"
"바이킹스: 시즌 4: 아웃사이더","11/2/22"
"바이킹스: 시즌 4: 마지막 배","11/2/22"
"바이킹스: 시즌 4: 죽음, 또 죽음","11/2/22"
"바이킹스: 시즌 4: 육로 수송","11/2/22"
"바이킹스: 시즌 4: 득과 실","11/2/22"
"바이킹스: 시즌 4: 어쩌면 일어났을지도 모르는 일","11/2/22"
"바이킹스: 시즌 4: 약속","11/2/22"
"바이킹스: 시즌 4: 욜","11/2/22"
"바이킹스: 시즌 4: 자비","11/2/22"
"바이킹스: 시즌 4: 여왕을 죽여라","11/2/22"
"바이킹스: 시즌 4: 중대한 반역","11/1/22"
"바이킹스: 시즌 3: 망자","11/1/22"
"바이킹스: 시즌 3: 한계점","11/1/22"
"바이킹스: 시즌 3: 정문으로!","11/1/22"
"바이킹스: 시즌 3: 파리","11/1/22"
"바이킹스: 시즌 3: 재생","11/1/22"
"바이킹스: 시즌 3: 찬탈자","11/1/22"
"바이킹스: 시즌 3: 흉터","11/1/22"
"바이킹스: 시즌 3: 용사의 운명","10/30/22"
"바이킹스: 시즌 3: 방랑자","10/30/22"
"바이킹스: 시즌 3: 용병","10/30/22"
"바이킹스: 시즌 2: 주기도문","10/30/22"
"바이킹스: 시즌 2: 선택","10/30/22"
"바이킹스: 시즌 2: 뼈가 없는","10/30/22"
"바이킹스: 시즌 2: 핏빛 독수리","10/30/22"
"바이킹스: 시즌 2: 용서받지 못한 자","10/30/22"
"바이킹스: 시즌 2: 피로 물들인 답","10/30/22"
"바이킹스: 시즌 2: 눈에는 눈","10/30/22"
"바이킹스: 시즌 2: 배반","10/30/22"
"바이킹스: 시즌 2: 침략","10/29/22"
"바이킹스: 시즌 2: 형제의 전쟁","10/29/22"
"바이킹스: 시즌 1: 모두 바꾸다","10/29/22"
"바이킹스: 시즌 1: 희생","10/29/22"
"바이킹스: 시즌 1: 왕의 몸값","10/29/22"
"바이킹스: 시즌 1: 시신 매장","10/29/22"
"바이킹스: 시즌 1: 습격","10/29/22"
"바이킹스: 시즌 1: 재판","10/29/22"
"바이킹스: 시즌 1: 버림받은 자","10/29/22"
"바이킹스: 시즌 1: 노스인의 분노","10/29/22"
"바이킹스: 시즌 1: 통과 의례","10/29/22"
"사이버펑크: 엣지러너: My Moon My Man [나의 달]","10/29/22"
"사이버펑크: 엣지러너: Humanity [인간답게]","10/29/22"
"사이버펑크: 엣지러너: Stay [가지 마]","10/29/22"
"사이버펑크: 엣지러너: Stronger [더욱 강한 모습으로]","10/29/22"
"사이버펑크: 엣지러너: Girl On Fire [불꽃에 휩싸이다]","10/29/22"
"사이버펑크: 엣지러너: All Eyez On Me [시선 집중]","10/29/22"
"사이버펑크: 엣지러너: Lucky You [행운아]","10/29/22"
"사이버펑크: 엣지러너: Smooth Criminal [어둠의 무리]","10/29/22"
"사이버펑크: 엣지러너: Like A Boy [소년처럼]","10/29/22"
"사이버펑크: 엣지러너: Let You Down [기대와 실망]","10/28/22"
"라스트 킹덤: 시즌 5: 10화","10/28/22"
"라스트 킹덤: 시즌 5: 9화","10/28/22"
"라스트 킹덤: 시즌 5: 8화","10/28/22"
"라스트 킹덤: 시즌 5: 7화","10/28/22"
"라스트 킹덤: 시즌 5: 6화","10/28/22"
"라스트 킹덤: 시즌 5: 5화","10/28/22"
"라스트 킹덤: 시즌 5: 4화","10/28/22"
"라스트 킹덤: 시즌 5: 3화","10/28/22"
"라스트 킹덤: 시즌 5: 2화","10/28/22"
"라스트 킹덤: 시즌 4: 10화","10/27/22"
"라스트 킹덤: 시즌 4: 9화","10/26/22"
"라스트 킹덤: 시즌 4: 8화","10/26/22"
"라스트 킹덤: 시즌 4: 7화","10/25/22"
"라스트 킹덤: 시즌 4: 6화","10/25/22"
"라스트 킹덤: 시즌 4: 5화","10/25/22"
"라스트 킹덤: 시즌 4: 4화","10/25/22"
"라스트 킹덤: 시즌 4: 3화","10/25/22"
"라스트 킹덤: 시즌 4: 2화","10/25/22"
"라스트 킹덤: 시즌 4: 1화","10/25/22"
"라스트 킹덤: 시즌 3: 10화","10/25/22"
"라스트 킹덤: 시즌 3: 9화","10/25/22"
"라스트 킹덤: 시즌 3: 8화","10/25/22"
"라스트 킹덤: 시즌 3: 7화","10/25/22"
"라스트 킹덤: 시즌 3: 6화","10/25/22"
"라스트 킹덤: 시즌 3: 5화","10/25/22"
"라스트 킹덤: 시즌 3: 4화","10/25/22"
"라스트 킹덤: 시즌 3: 3화","10/25/22"
"라스트 킹덤: 시즌 3: 2화","10/24/22"
"라스트 킹덤: 시즌 3: 1화","10/24/22"
"라스트 킹덤: 시즌 2: 8화","10/24/22"
"라스트 킹덤: 시즌 2: 7화","10/24/22"
"라스트 킹덤: 시즌 2: 6화","10/24/22"
"라스트 킹덤: 시즌 2: 5화","10/24/22"
"라스트 킹덤: 시즌 2: 4화","10/24/22"
"라스트 킹덤: 시즌 2: 3화","10/24/22"
"라스트 킹덤: 시즌 2: 2화","10/24/22"
"라스트 킹덤: 시즌 1: 8화","10/24/22"
"라스트 킹덤: 시즌 2: 1화","10/24/22"
"라스트 킹덤: 시즌 1: 7화","10/23/22"
"라스트 킹덤: 시즌 1: 6화","10/23/22"
"슈룹: 리미티드 시리즈: 4화","10/23/22"
"라스트 킹덤: 시즌 1: 5화","10/23/22"
"라스트 킹덤: 시즌 1: 4화","10/23/22"
"라스트 킹덤: 시즌 1: 3화","10/23/22"
"라스트 킹덤: 시즌 1: 2화","10/23/22"
"안나라수마나라: 리미티드 시리즈: 회전목마","10/19/22"
"빌리 밀리건, 24개의 인격을 가진 남자: 리미티드 시리즈: 탈출","10/19/22"
"빌리 밀리건, 24개의 인격을 가진 남자: 리미티드 시리즈: 빌리의 황금시대","10/19/22"
"빌리 밀리건, 24개의 인격을 가진 남자: 리미티드 시리즈: 그 안의 괴물들","10/19/22"
"빌리 밀리건, 24개의 인격을 가진 남자: 리미티드 시리즈: 캠퍼스 강간범","10/19/22"
"왓 / 이프: 파트 1: 끝과 시작","10/18/22"
"왓 / 이프: 파트 1: 지옥으로","10/18/22"
"왓 / 이프: 파트 1: 거대한 비밀","10/18/22"
"왓 / 이프: 파트 1: 유령의 밤","10/18/22"
"왓 / 이프: 파트 1: 어떤 과거","10/18/22"
"왓 / 이프: 파트 1: 다음엔 뭘까","10/18/22"
"왓 / 이프: 파트 1: 엄청난 일이야","10/18/22"
"왓 / 이프: 파트 1: 무슨 일이 있었기에","10/18/22"
"왓 / 이프: 파트 1: 이제 어쩌지","10/18/22"
"왓 / 이프: 파트 1: 파일럿 에피소드","10/18/22"
"클릭베이트: 리미티드 시리즈: 해답","10/18/22"
"클릭베이트: 리미티드 시리즈: 아들","10/18/22"
"클릭베이트: 리미티드 시리즈: 형제","10/18/22"
"클릭베이트: 리미티드 시리즈: 기자","10/17/22"
"클릭베이트: 리미티드 시리즈: 정부","10/17/22"
"클릭베이트: 리미티드 시리즈: 아내","10/17/22"
"클릭베이트: 리미티드 시리즈: 형사","10/17/22"
"클릭베이트: 리미티드 시리즈: 누이","10/17/22"
"엘리트들: 시즌 5: 중독","10/17/22"
"엘리트들: 시즌 5: 사랑을 살 순 없다","10/17/22"
"엘리트들: 시즌 5: 제발 진실을 말해줘","10/17/22"
"엘리트들: 시즌 5: 시체","10/17/22"
"엘리트들: 시즌 5: 나 묶어","10/17/22"
"엘리트들: 시즌 5: 뭐든 맘껏 해","10/17/22"
"엘리트들: 시즌 5: 제가 죽였어요","10/16/22"
"엘리트들, 못다 한 이야기: 필리프 카예 펠리페: 파트 3","10/16/22"
"엘리트들, 못다 한 이야기: 필리프 카예 펠리페: 파트 2","10/16/22"
"엘리트들, 못다 한 이야기: 필리프 카예 펠리페: 파트 1","10/16/22"
"엘리트들, 못다 한 이야기: 사무엘 오마르: 파트 3","10/16/22"
"엘리트들, 못다 한 이야기: 사무엘 오마르: 파트 2","10/16/22"
"엘리트들, 못다 한 이야기: 사무엘 오마르: 파트 1","10/16/22"
"엘리트들, 못다 한 이야기: 파트리크: 파트 3","10/16/22"
"엘리트들, 못다 한 이야기: 파트리크: 파트 2","10/16/22"
"엘리트들, 못다 한 이야기: 파트리크: 파트 1","10/16/22"
"엘리트들, 못다 한 이야기: 구스만 카예 레베: 파트 3","10/16/22"
"엘리트들, 못다 한 이야기: 구스만 카예 레베: 파트 2","10/16/22"
"엘리트들, 못다 한 이야기: 구스만 카예 레베: 파트 1","10/16/22"
"엘리트들, 못다 한 이야기: 나디아 구스만: 파트 3","10/16/22"
"엘리트들, 못다 한 이야기: 나디아 구스만: 파트 2","10/16/22"
"엘리트들, 못다 한 이야기: 나디아 구스만: 파트 1","10/16/22"
"엘리트들, 못다 한 이야기: 오마르 안데르 알렉시스: 파트 3","10/16/22"
"엘리트들, 못다 한 이야기: 오마르 안데르 알렉시스: 파트 2","10/16/22"
"엘리트들, 못다 한 이야기: 오마르 안데르 알렉시스: 파트 1","10/16/22"
"엘리트들, 못다 한 이야기: 카를라 사무엘: 파트 3","10/16/22"
"엘리트들, 못다 한 이야기: 카를라 사무엘: 파트 2","10/16/22"
"엘리트들, 못다 한 이야기: 카를라 사무엘: 파트 1","10/16/22"
"엘리트들: 시즌 4: 내가 가기 전에 2부","10/16/22"
"엘리트들: 시즌 4: 내가 가기 전에 1부","10/16/22"
"엘리트들: 시즌 4: 나는 너를 사랑했지만","10/16/22"
"엘리트들: 시즌 4: 다시 한번","10/16/22"
"엘리트들: 시즌 4: 나는…","10/16/22"
"엘리트들: 시즌 4: 거짓과 유혹의 춤","10/16/22"
"엘리트들: 시즌 4: 5초","10/16/22"
"엘리트들: 시즌 4: 새로운 질서","10/15/22"
"엘리트들: 시즌 3: 폴로","10/15/22"
"엘리트들: 시즌 3: 나디아와 오마르","10/15/22"
"엘리트들: 시즌 3: 레베카","10/15/22"
"엘리트들: 시즌 3: 안데르","10/15/22"
"엘리트들: 시즌 3: 루","10/15/22"
"엘리트들: 시즌 3: 카예타나와 발레리오","10/14/22"
"엘리트들: 시즌 3: 사무엘과 구스만","10/14/22"
"엘리트들: 시즌 3: 카를라","10/14/22"
"엘리트들: 시즌 2: 실종 0시간째","10/14/22"
"엘리트들: 시즌 2: 실종 84시간째","10/14/22"
"엘리트들: 시즌 2: 실종 66시간째","10/14/22"
"엘리트들: 시즌 2: 실종 63시간째","10/14/22"
"엘리트들: 시즌 2: 실종 59시간째","10/14/22"
"엘리트들: 시즌 1: 마지막 밤","10/14/22"
"엘리트들: 시즌 2: 실종 36시간째","10/14/22"
"엘리트들: 시즌 2: 실종 34시간째","10/14/22"
"엘리트들: 시즌 2: 실종 20시간째","10/14/22"
"엘리트들: 시즌 1: 폭발","10/13/22"
"엘리트들: 시즌 1: 괜찮아","10/13/22"
"엘리트들: 시즌 1: 거짓과 비밀","10/13/22"
"엘리트들: 시즌 1: 사랑은 중독","10/13/22"
"엘리트들: 시즌 1: 파티","10/13/22"
"엘리트들: 시즌 1: 욕망","10/13/22"
"엘리트들: 시즌 1: 전학생들","10/13/22"
"본딩: 시즌 2: 해도 될까?","10/13/22"
"본딩: 시즌 2: 농담이 아니야","10/13/22"
"본딩: 시즌 2: 뭔가 없어진 듯?","10/13/22"
"본딩: 시즌 2: 첼시의 낸시","10/13/22"
"본딩: 시즌 2: 셋은 어때?","10/13/22"
"본딩: 시즌 2: 사정이 있어서","10/13/22"
"본딩: 시즌 2: 강아지 플레이","10/13/22"
"본딩: 시즌 2: 새해가 오는데","10/13/22"
"본딩: 시즌 1: 같이 가볼까","10/13/22"
"본딩: 시즌 1: 무대 위에서","10/13/22"
"본딩: 시즌 1: 더블데이트","10/13/22"
"본딩: 시즌 1: 몸이 원하는 대로","10/13/22"
"본딩: 시즌 1: 과거는 돌아오는 거야","10/13/22"
"본딩: 시즌 1: 창피해?","10/13/22"
"본딩: 시즌 1: 미스트리스 메이","10/13/22"
"더 체어: 학과장","10/12/22"
"더 체어: 막차일지도","10/12/22"
"더 체어: 빌을 지켜라","10/12/22"
"더 체어: 학생들 앞에서","10/12/22"
"더 체어: 교직원 파티","10/12/22"
"더 체어: 대단한 실수","10/12/22"
"엄브렐러 아카데미: 시즌 1: 시간을 달리는 소년","10/12/22"
"엄브렐러 아카데미: 시즌 1: 가족 모임","10/12/22"
"빌리언스: 시즌 5: 내 집은 어디에","10/12/22"
"빌리언스: 시즌 5: 승리의 끽연","10/12/22"
"빌리언스: 시즌 5: 자유","10/12/22"
"빌리언스: 시즌 5: 내부 분열","10/12/22"
"빌리언스: 시즌 5: 코펜하겐","10/12/22"
"빌리언스: 시즌 5: 각성의 맛","10/12/22"
"빌리언스: 시즌 5: 성 노동","10/12/22"
"빌리언스: 시즌 5: 계약","10/11/22"
"빌리언스: 시즌 5: 기회 특구","10/11/22"
"빌리언스: 시즌 5: 뒷돈, 떼, 그리고 주먹","10/11/22"
"빌리언스: 시즌 5: 시험의 시간","10/11/22"
"빌리언스: 시즌 5: 신흥 데카","10/11/22"
"빌리언스: 시즌 4: 배신 게임","10/11/22"
"빌리언스: 시즌 4: 도망자","10/11/22"
"빌리언스: 시즌 4: 새해 첫날","10/11/22"
"빌리언스: 시즌 4: 아메리칸 챔피언","10/11/22"
"빌리언스: 시즌 4: 결전의 밤","10/10/22"
"빌리언스: 시즌 4: 무한 게임","10/10/22"
"빌리언스: 시즌 4: 오락은 여기까지","10/10/22"
"빌리언스: 시즌 4: 적절한 배웅","10/10/22"
"빌리언스: 시즌 4: 모 아니면 도","10/10/22"
"빌리언스: 시즌 4: 치킨타운","10/10/22"
"빌리언스: 시즌 4: 흥분의 기제","10/10/22"
"빌리언스: 시즌 4: 찰스 로즈의 원대한 계획","10/10/22"
"빌리언스: 시즌 3: 치명적 트릭","10/10/22"
"빌리언스: 시즌 3: 협상 전략","10/10/22"
"빌리언스: 시즌 3: 뜻밖의 만회","10/10/22"
"빌리언스: 시즌 3: 물꼬를 터라","10/10/22"
"빌리언스: 시즌 3: 윌버리의 이름으로","10/9/22"
"빌리언스: 시즌 3: 당신은 아니야","10/9/22"
"빌리언스: 시즌 3: 오르톨랑 세 마리","10/9/22"
"빌리언스: 시즌 3: 데스 스타의 약점","10/9/22"
"빌리언스: 시즌 3: 짜릿한 인생","10/9/22"
"빌리언스: 시즌 3: 불안한 세대","10/9/22"
"빌리언스: 시즌 3: 곤살레스 씨를 찾습니다","10/9/22"
"빌리언스: 시즌 3: 경기는 계속되어야 한다","10/9/22"
"빌리언스: 시즌 2: 가혹한 게임","10/9/22"
"빌리언스: 시즌 2: 금개구리의 시간","10/9/22"
"빌리언스: 시즌 2: 당신이 있든 없든","10/9/22"
"빌리언스: 시즌 2: 제국은 소멸한다","10/9/22"
"빌리언스: 시즌 2: 킹메이커","10/9/22"
"빌리언스: 시즌 2: 승리의 한 바퀴","10/8/22"
"빌리언스: 시즌 2: 인디언 4","10/8/22"
"빌리언스: 시즌 2: 통화","10/8/22"
"빌리언스: 시즌 2: 맹세","10/8/22"
"빌리언스: 시즌 2: 최상의 시나리오","10/8/22"
"빌리언스: 시즌 2: 일시 회복","10/8/22"
"빌리언스: 시즌 2: 위기 관리","10/8/22"
"빌리언스: 대화","10/8/22"
"빌리언스: 마법의 상상","10/8/22"
"빌리언스: 삶의 질","10/8/22"
"빌리언스: 도니는 대체 어디에?","10/8/22"
"빌리언스: 공격의 기술","10/7/22"
"빌리언스: 주먹을 날리다","10/7/22"
"빌리언스: 협상","10/7/22"
"빌리언스: 풍족한 삶","10/7/22"
"빌리언스: 쇼트 스퀴즈","10/7/22"
"빌리언스: 염타임","10/7/22"
"빌리언스: 작명권","10/7/22"
"빌리언스: 파일럿 에피소드","10/7/22"
"살색의 감독 무라니시: 시즌 2: 돌의 의지","10/6/22"
"살색의 감독 무라니시: 시즌 2: 추락","10/6/22"
"살색의 감독 무라니시: 시즌 2: 통제 불능","10/6/22"
"살색의 감독 무라니시: 시즌 2: 거품이 터진 후","10/6/22"
"살색의 감독 무라니시: 시즌 2: 우리의 꿈","10/6/22"
"굿 플레이스: 시즌 1: 타하니는 좋은 사람","10/6/22"
"굿 플레이스: 시즌 1: 날고 싶긴 하지만","10/6/22"
"굿 플레이스: 시즌 1: 굿 플레이스는 이상 무","10/6/22"
"살색의 감독 무라니시: 시즌 2: 다이아몬드 원석 같은","10/4/22"
"살색의 감독 무라니시: 시즌 2: 더, 더, 더","10/3/22"
"살색의 감독 무라니시: 시즌 2: 섹스가 비처럼 내려와","10/3/22"
"살색의 감독 무라니시: 시즌 1: 성 혁명","10/3/22"
"살색의 감독 무라니시: 시즌 1: 끝나지 않았어","10/3/22"
"살색의 감독 무라니시: 시즌 1: 하와이의 꿈","10/3/22"
"살색의 감독 무라니시: 시즌 1: 피어나다","10/3/22"
"살색의 감독 무라니시: 시즌 1: 실제 삽입","10/3/22"
"살색의 감독 무라니시: 시즌 1: 판을 뒤집는 자","10/3/22"
"살색의 감독 무라니시: 시즌 1: 무수정본","10/3/22"
"살색의 감독 무라니시: 시즌 1: 숨겨진 욕망","10/3/22"
"러브, 데스 + 로봇: 3부: 히바로","10/3/22"
"러브, 데스 + 로봇: 3부: 아치형 홀에 파묻힌 무언가","10/3/22"
"러브, 데스 + 로봇: 3부: 메이슨의 쥐","10/3/22"
"러브, 데스 + 로봇: 3부: 스웜","10/3/22"
"러브, 데스 + 로봇: 3부: 킬 팀 킬","10/3/22"
"러브, 데스 + 로봇: 3부: 나이트 오브 미니 데드","10/2/22"
"러브, 데스 + 로봇: 3부: 강렬한 기계의 진동을","10/2/22"
"러브, 데스 + 로봇: 3부: 어긋난 항해","10/2/22"
"러브, 데스 + 로봇: 3부: 세 대의 로봇: 출구 전략","10/2/22"
"러브, 데스 + 로봇: 2부: 거인의 죽음","10/2/22"
"러브, 데스 + 로봇: 2부: 생존의 공간","10/2/22"
"러브, 데스 + 로봇: 2부: 집 안에서 생긴 일","10/2/22"
"러브, 데스 + 로봇: 2부: 풀숲","10/2/22"
"러브, 데스 + 로봇: 2부: 황야의 스노","10/2/22"
"러브, 데스 + 로봇: 2부: 팝 스쿼드","10/2/22"
"러브, 데스 + 로봇: 2부: 얼음","10/2/22"
"러브, 데스 + 로봇: 2부: 자동 고객 서비스","10/2/22"
"러브, 데스 + 로봇: 1부: 지마 블루","10/2/22"
"러브, 데스 + 로봇: 1부: 사각지대","10/2/22"
"러브, 데스 + 로봇: 1부: 행운의 13","10/2/22"
"러브, 데스 + 로봇: 1부: 또 다른 역사","10/2/22"
"러브, 데스 + 로봇: 1부: 구원의 손","10/2/22"
"러브, 데스 + 로봇: 1부: 해저의 밤","10/2/22"
"러브, 데스 + 로봇: 1부: 늑대 인간","10/2/22"
"러브, 데스 + 로봇: 1부: 굿 헌팅","10/2/22"
"러브, 데스 + 로봇: 1부: 쓰레기 더미","10/2/22"
"러브, 데스 + 로봇: 1부: 목격자","10/2/22"
"러브, 데스 + 로봇: 1부: 슈트로 무장하고","10/2/22"
"러브, 데스 + 로봇: 1부: 무덤을 깨우다","10/2/22"
"러브, 데스 + 로봇: 1부: 숨겨진 전쟁","10/2/22"
"러브, 데스 + 로봇: 1부: 요거트가 세상을 지배할 때","10/2/22"
"러브, 데스 + 로봇: 1부: 세 대의 로봇","10/2/22"
"러브, 데스 + 로봇: 1부: 무적의 소니","10/2/22"
"러브, 데스 + 로봇: 1부: 아이스 에이지","10/2/22"
"러브, 데스 + 로봇: 1부: 독수리자리 너머","10/2/22"
"더 체스트넛 맨: 6화","10/2/22"
"더 체스트넛 맨: 5화","10/2/22"
"더 체스트넛 맨: 4화","10/2/22"
"더 체스트넛 맨: 3화","10/2/22"
"더 체스트넛 맨: 2화","10/2/22"
"더 체스트넛 맨: 1화","10/1/22"
"섀도우 앤 본: 시즌 1: 태양을 부르는 소녀","10/1/22"
"섀도우 앤 본: 시즌 1: 누군가에겐 괴물인지도","10/1/22"
"섀도우 앤 본: 시즌 1: 타오르는 빛이 폭발하니","10/1/22"
"얼터드 카본: 시즌 2: 날개 잃은 천사","10/1/22"
"얼터드 카본: 시즌 2: 위험한 실험","10/1/22"
"얼터드 카본: 시즌 2: 무덤으로","10/1/22"
"얼터드 카본: 시즌 2: 멈추지 않는 비명","10/1/22"
"얼터드 카본: 시즌 2: 의혹의 그림자","9/30/22"
"얼터드 카본: 시즌 2: 악몽의 골목","9/29/22"
"얼터드 카본: 시즌 2: 지급 지연","9/29/22"
"얼터드 카본: 시즌 2: 환상의 여인","9/29/22"
"얼터드 카본: 시즌 1: 살인자들","9/29/22"
"얼터드 카본: 시즌 1: 천국의 분노","9/29/22"
"얼터드 카본: 시즌 1: 밤의 충돌","9/29/22"
"얼터드 카본: 시즌 1: 들개","9/29/22"
"얼터드 카본: 시즌 1: 내 얼굴을 가진 남자","9/29/22"
"얼터드 카본: 시즌 1: 누명 쓴 사나이","9/29/22"
"얼터드 카본: 시즌 1: 악의 힘","9/28/22"
"얼터드 카본: 시즌 1: 고독한 영혼","9/28/22"
"얼터드 카본: 시즌 1: 타락 천사","9/28/22"
"얼터드 카본: 시즌 1: 과거로부터","9/28/22"
"블라이 저택의 유령: 정말 멋진 곳","9/28/22"
"힐 하우스의 유령: 한결같이 정적이 깔려 있으며","9/28/22"
"힐 하우스의 유령: 어둠이 찾아오면","9/28/22"
"힐 하우스의 유령: 그 남자는 거기 없었다","9/28/22"
"힐 하우스의 유령: 추도사","9/28/22"
"힐 하우스의 유령: 폭풍의 밤","9/27/22"
"힐 하우스의 유령: 목 꺾인 여자","9/27/22"
"힐 하우스의 유령: 쌍둥이","9/27/22"
"힐 하우스의 유령: 테오의 손길","9/27/22"
"힐 하우스의 유령: 열린 관 속에는","9/27/22"
"힐 하우스의 유령: 스티븐에게도 유령이","9/27/22"
"비하인드 허 아이즈: 리미티드 시리즈: 비하인드 허 아이즈","9/26/22"
"비하인드 허 아이즈: 리미티드 시리즈: 두 번째 문","9/26/22"
"비하인드 허 아이즈: 리미티드 시리즈: 롭","9/26/22"
"비하인드 허 아이즈: 리미티드 시리즈: 첫 번째 문","9/26/22"
"비하인드 허 아이즈: 리미티드 시리즈: 자각몽","9/26/22"
"비하인드 허 아이즈: 리미티드 시리즈: 우연한 만남","9/26/22"
"OA: 파트 2: 제8장 윤곽","9/26/22"
"OA: 파트 2: 제7장 니나 아자로바","9/26/22"
"OA: 파트 2: 제6장 거울상","9/26/22"
"OA: 파트 2: 제5장 그들이 있었다","9/26/22"
"OA: 파트 2: 제4장 SYZYGY","9/26/22"
"OA: 파트 2: 제3장 마법의 거울","9/26/22"
"OA: 파트 2: 제2장 트레저아일랜드","9/26/22"
"OA: 파트 2: 제1장 죽음의 천사","9/25/22"
"OA: 파트 1: 제8장 보이지 않는 나","9/25/22"
"OA: 파트 1: 제7장 빛의 제국","9/25/22"
"OA: 파트 1: 제6장 갈림길","9/25/22"
"OA: 파트 1: 제5장 낙원","9/25/22"
"OA: 파트 1: 제4장 저편","9/25/22"
"OA: 파트 1: 제3장 챔피언","9/25/22"
"OA: 파트 1: 제2장 새로운 거상","9/25/22"
"OA: 파트 1: 제1장 귀환","9/25/22"
"다크: 시즌 3: 낙원으로","9/25/22"
"다크: 시즌 3: 시간의 틈","9/24/22"
"다크: 시즌 3: 빛과 그림자","9/24/22"
"다크: 시즌 3: 삶과 죽음","9/24/22"
"다크: 시즌 3: 악의 근원","9/24/22"
"다크: 시즌 3: 아담과 이브","9/24/22"
"다크: 시즌 3: 살아남은 자들","9/24/22"
"다크: 시즌 3: 반복되는 세계","9/24/22"
"다크: 시즌 2: 모든 끝은 곧 시작","9/23/22"
"다크: 시즌 2: 하얀 악마의 정체","9/23/22"
"다크: 시즌 2: 끝없는 반복","9/22/22"
"다크: 시즌 2: 막을 수 있다면","9/22/22"
"다크: 시즌 2: 여행자들","9/22/22"
"다크: 시즌 2: 유령의 삶","9/22/22"
"다크: 시즌 2: 암흑 물질","9/22/22"
"다크: 시즌 2: 시작과 끝","9/22/22"
"다크: 시즌 1: 끝이 곧 시작이리니","9/22/22"
"다크: 시즌 1: 모든 것의 순간","9/22/22"
"다크: 시즌 1: 뿌린 대로 거둘지어다","9/21/22"
"다크: 시즌 1: 갈림길","9/21/22"
"다크: 시즌 1: 그리하여 세상이 창조되었나니","9/21/22"
"다크: 시즌 1: 드러나는 진실","9/21/22"
"다크: 시즌 1: 그들의 이중생활","9/21/22"
"다크: 시즌 1: 현재 그리고 과거","9/21/22"
"다크: 시즌 1: 모두의 거짓","9/21/22"
"다크: 시즌 1: 그들의 비밀","9/21/22"
"아틀란타: Robbin' 시즌: 나부터 살고 보자","9/20/22"
"아틀란타: Robbin' 시즌: 후부","9/20/22"
"아틀란타: Robbin' 시즌: 인내심의 한계","9/20/22"
"아틀란타: Robbin' 시즌: 숲","9/20/22"
"아틀란타: Robbin' 시즌: 샴페인 파피","9/20/22"
"아틀란타: Robbin' 시즌: 테디 퍼킨스","9/20/22"
"아틀란타: Robbin' 시즌: 이발소","9/20/22"
"아틀란타: Robbin' 시즌: 헬렌","9/20/22"
"아틀란타: Robbin' 시즌: 돈이 있어도 문제","9/20/22"
"아틀란타: Robbin' 시즌: 기막힌 웨이브","9/20/22"
"아틀란타: Robbin' 시즌: 악어맨","9/20/22"
"아틀란타: 시즌 1: 재킷","9/20/22"
"아틀란타: 시즌 1: 노예 해방의 날","9/20/22"
"아틀란타: 시즌 1: 클럽","9/20/22"
"아틀란타: 시즌 1: 흑인 방송국","9/20/22"
"아틀란타: 시즌 1: 가치","9/20/22"
"아틀란타: 시즌 1: 저스틴 비버가 최고","9/19/22"
"아틀란타: 시즌 1: 스트라이샌드 효과","9/19/22"
"아틀란타: 시즌 1: 이판사판","9/19/22"
"아틀란타: 시즌 1: 엇갈린 하루","9/19/22"
"아틀란타: 시즌 1: 빅뱅","9/19/22"
"샐베이션: 파일럿 에피소드","9/19/22"
"더 시스템: 널 지켜보겠어","9/19/22"
"더 시스템: 문 열어!","9/19/22"
"더 시스템: 누가 먼저 할까요?","9/19/22"
"더 시스템: 이게 판도라의 상자야","9/19/22"
"더 시스템: 끔찍한 짓을 한 좋은 사람","9/19/22"
"더 시스템: 나 죄를 저질렀어","9/19/22"
"베터 콜 사울: 시즌 6: 사라진 사울","9/18/22"
"베터 콜 사울: 시즌 6: 급수 시설","9/18/22"
"베터 콜 사울: 시즌 6: 브레이킹 배드","9/18/22"
"베터 콜 사울: 시즌 6: 니피","9/18/22"
"베터 콜 사울: 시즌 6: 재밌는 일","9/18/22"
"베터 콜 사울: 시즌 6: 포인트 앤드 슛","9/18/22"
"베터 콜 사울: 시즌 6: 계획과 실행","9/18/22"
"타임리스: 발라 성의 파티","9/18/22"
"타임리스: 원자의 도시","9/18/22"
"타임리스: 링컨 대통령 암살 사건","9/18/22"
"타임리스: 파일럿 에피소드","9/17/22"
"제인 더 버진: 5장","9/17/22"
"제인 더 버진: 4장","9/17/22"
"제인 더 버진: 3장","9/17/22"
"제인 더 버진: 2장","9/17/22"
"제인 더 버진: 1장","9/17/22"
"아나토미 오브 스캔들: 리미티드 시리즈: 6화","9/17/22"
"아나토미 오브 스캔들: 리미티드 시리즈: 5화","9/17/22"
"아나토미 오브 스캔들: 리미티드 시리즈: 4화","9/17/22"
"아나토미 오브 스캔들: 리미티드 시리즈: 3화","9/17/22"
"아나토미 오브 스캔들: 리미티드 시리즈: 2화","9/16/22"
"아나토미 오브 스캔들: 리미티드 시리즈: 1화","9/16/22"
"더 소사이어티: 권력의 맛","9/15/22"
"더 소사이어티: 시장 선거","9/15/22"
"더 소사이어티: 독","9/15/22"
"더 소사이어티: 앨리의 규칙","9/15/22"
"더 소사이어티: 결정의 시간","9/15/22"
"더 소사이어티: 재판","9/15/22"
"더 소사이어티: 가슴 위로 방울방울","9/15/22"
"더 소사이어티: 졸업파티","9/15/22"
"더 소사이어티: 우리 동네","9/15/22"
"더 소사이어티: 사라진 사람들","9/15/22"
"라이어 게임: 라이어 게임 2: 9화","9/14/22"
"라이어 게임: 라이어 게임 2: 8화","9/14/22"
"라이어 게임: 라이어 게임 2: 7화","9/14/22"
"라이어 게임: 라이어 게임 2: 6화","9/14/22"
"라이어 게임: 라이어 게임 2: 5화","9/14/22"
"라이어 게임: 라이어 게임 2: 4화","9/13/22"
"라이어 게임: 라이어 게임 2: 3화","9/12/22"
"라이어 게임: 라이어 게임 2: 2화","9/12/22"
"라이어 게임: 라이어 게임 2: 1화","9/12/22"
"라이어 게임: 라이어 게임 1: 13화","9/12/22"
"라이어 게임: 라이어 게임 1: 12화","9/12/22"
"라이어 게임: 라이어 게임 1: 11화","9/12/22"
"라이어 게임: 라이어 게임 1: 10화","9/12/22"
"라이어 게임: 라이어 게임 1: 9화","9/12/22"
"라이어 게임: 라이어 게임 1: 8화","9/12/22"
"라이어 게임: 라이어 게임 1: 7화","9/12/22"
"라이어 게임: 라이어 게임 1: 6화","9/12/22"
"라이어 게임: 라이어 게임 1: 5화","9/12/22"
"라이어 게임: 라이어 게임 1: 4화","9/12/22"
"라이어 게임: 라이어 게임 1: 3화","9/12/22"
"라이어 게임: 라이어 게임 1: 2화","9/12/22"
"라이어 게임: 라이어 게임 1: 1화","9/12/22"
" ","9/11/22"
"슬램덩크: 시즌 1: 천재 농구 선수 탄생! ?","9/11/22"
"임퍼펙트: 포틀랜드 창고 학살 사건","9/11/22"
"임퍼펙트: 더그의 저주","9/11/22"
"임퍼펙트: 사코프의 아이들","9/11/22"
"애프터 라이프 앵그리맨: 시즌 3: 6화","9/11/22"
"애프터 라이프 앵그리맨: 시즌 3: 5화","9/11/22"
"애프터 라이프 앵그리맨: 시즌 3: 4화","9/11/22"
"애프터 라이프 앵그리맨: 시즌 3: 3화","9/11/22"
"애프터 라이프 앵그리맨: 시즌 3: 2화","9/11/22"
"애프터 라이프 앵그리맨: 시즌 3: 1화","9/11/22"
"애프터 라이프 앵그리맨: 시즌 2: 6화","9/11/22"
"애프터 라이프 앵그리맨: 시즌 2: 5화","9/11/22"
"애프터 라이프 앵그리맨: 시즌 2: 4화","9/11/22"
"애프터 라이프 앵그리맨: 시즌 2: 3화","9/11/22"
"애프터 라이프 앵그리맨: 시즌 2: 2화","9/11/22"
"애프터 라이프 앵그리맨: 시즌 2: 1화","9/11/22"
"애프터 라이프 앵그리맨: 시즌 1: 6화","9/11/22"
"애프터 라이프 앵그리맨: 시즌 1: 5화","9/10/22"
"애프터 라이프 앵그리맨: 시즌 1: 4화","9/10/22"
"애프터 라이프 앵그리맨: 시즌 1: 3화","9/10/22"
"애프터 라이프 앵그리맨: 시즌 1: 2화","9/10/22"
"애프터 라이프 앵그리맨: 시즌 1: 1화","9/10/22"
"오츠 스튜디오: 캡처: 메뚜기 폭탄","9/10/22"
"오츠 스튜디오: 그단스크","9/10/22"
"오츠 스튜디오: 애덤: 에피소드 3","9/10/22"
"오츠 스튜디오: 애덤: 에피소드 2","9/10/22"
"오츠 스튜디오: 나쁜 대통령: 기름 유출 / 백악관의 숙취","9/10/22"
"오츠 스튜디오: 자이고트","9/10/22"
"오츠 스튜디오: 파이어베이스","9/10/22"
"오츠 스튜디오: 신의 장난: 세렝게티 / 시카고","9/10/22"
"오츠 스튜디오: 빌의 요리 교실: 다마수 / 만능 채소 기계 / 스무디 / 초밥","9/10/22"
"오츠 스튜디오: 라카","9/10/22"
"오스만 제국의 꿈: 콘스탄티노플을 정복하다: 재와 죽음의 밤","9/5/22"
"오스만 제국의 꿈: 콘스탄티노플을 정복하다: 예언의 날이 온다","9/5/22"
"오스만 제국의 꿈: 콘스탄티노플을 정복하다: 비밀이 무너지면","9/5/22"
"오스만 제국의 꿈: 콘스탄티노플을 정복하다: 골든 혼을 향해","9/5/22"
"오스만 제국의 꿈: 콘스탄티노플을 정복하다: 성벽을 뚫어라","9/5/22"
"오스만 제국의 꿈: 콘스탄티노플을 정복하다: 새로운 술탄","9/4/22"
"나이트폴: 신의 기사단: 시즌 2: 숨쉬는 한 십자가를 믿으리","9/4/22"
"나이트폴: 신의 기사단: 시즌 2: 죽은 목숨","9/4/22"
"나이트폴: 신의 기사단: 시즌 2: 피에 젖은 석벽","9/4/22"
"나이트폴: 신의 기사단: 시즌 2: 샤르트르로 가는 길","9/4/22"
"나이트폴: 신의 기사단: 시즌 2: 하나님 앞에서 평등","9/4/22"
"나이트폴: 신의 기사단: 시즌 2: 믿음","9/4/22"
"나이트폴: 신의 기사단: 시즌 2: 내부의 악마","9/4/22"
"나이트폴: 신의 기사단: 시즌 2: 하나님의 손발","9/4/22"
"나이트폴: 신의 기사단: 파란색이 보여요?","9/3/22"
"나이트폴: 신의 기사단: 피아트!","9/3/22"
"나이트폴: 신의 기사단: IV","9/3/22"
"나이트폴: 신의 기사단: 당연히 불구자도 믿으면 안 돼","9/3/22"
"나이트폴: 신의 기사단: 쇠사슬의 순례","9/3/22"
"나이트폴: 신의 기사단: 검은 늑대와 흰 늑대","9/3/22"
"나이트폴: 신의 기사단: 강한 타격만이 죄를 몰아낼 수 있고","9/3/22"
"나이트폴: 신의 기사단: 자기 자신을 찾은 자는 하나님을 찾은 자니","9/3/22"
"나이트폴: 신의 기사단: 성배를 찾아주게","9/3/22"
"나이트폴: 신의 기사단: 그가 남긴 말","9/3/22"
"브레이킹 배드 무비: 엘 카미노로 가는 길 - 메이킹 필름","9/3/22"
" ","9/3/22"
"빌어먹을 세상 따위: 시즌 2: 8화","9/1/22"
"빌어먹을 세상 따위: 시즌 2: 7화","9/1/22"
"빌어먹을 세상 따위: 시즌 2: 6화","9/1/22"
"빌어먹을 세상 따위: 시즌 2: 5화","9/1/22"
"빌어먹을 세상 따위: 시즌 2: 4화","9/1/22"
"빌어먹을 세상 따위: 시즌 2: 3화","9/1/22"
"빌어먹을 세상 따위: 시즌 2: 2화","9/1/22"
"빌어먹을 세상 따위: 시즌 2: 1화","9/1/22"
"빌어먹을 세상 따위: 시즌 1: 8화","8/31/22"
"빌어먹을 세상 따위: 시즌 1: 7화","8/31/22"
"빌어먹을 세상 따위: 시즌 1: 6화","8/31/22"
"빌어먹을 세상 따위: 시즌 1: 5화","8/31/22"
"빌어먹을 세상 따위: 시즌 1: 4화","8/31/22"
"빌어먹을 세상 따위: 시즌 1: 3화","8/31/22"
"빌어먹을 세상 따위: 시즌 1: 2화","8/31/22"
"빌어먹을 세상 따위: 시즌 1: 1화","8/31/22"
"땅의 상속자들: 속죄","8/31/22"
"땅의 상속자들: 독","8/31/22"
"땅의 상속자들: 베아트리스","8/30/22"
"땅의 상속자들: 노예","8/30/22"
"땅의 상속자들: 상처","8/29/22"
"땅의 상속자들: 보복","8/29/22"
"땅의 상속자들: 벌","8/29/22"
"땅의 상속자들: 숙명","8/29/22"
"아르나우의 성전: 8화","8/29/22"
"아르나우의 성전: 7화","8/29/22"
"아르나우의 성전: 6화","8/29/22"
"아르나우의 성전: 5화","8/29/22"
"아르나우의 성전: 4화","8/29/22"
"아르나우의 성전: 3화","8/28/22"
"아르나우의 성전: 2화","8/28/22"
"아르나우의 성전: 1화","8/28/22"
"루시퍼: 시즌 1: 신발","8/28/22"
"선술집 바가지: 11화","8/28/22"
"선술집 바가지: 10화","8/28/22"
"선술집 바가지: 9화","8/28/22"
"선술집 바가지: 8화","8/28/22"
"선술집 바가지: 7화","8/28/22"
"선술집 바가지: 6화","8/28/22"
"선술집 바가지: 5화","8/28/22"
"선술집 바가지: 4화","8/28/22"
"선술집 바가지: 3화","8/28/22"
"선술집 바가지: 2화","8/27/22"
"선술집 바가지: 1화","8/27/22"
"중쇄를 찍자!: 10화","8/27/22"
"중쇄를 찍자!: 9화","8/27/22"
"중쇄를 찍자!: 8화","8/27/22"
"중쇄를 찍자!: 7화","8/27/22"
"중쇄를 찍자!: 6화","8/27/22"
"중쇄를 찍자!: 5화","8/27/22"
"중쇄를 찍자!: 4화","8/27/22"
"중쇄를 찍자!: 3화","8/27/22"
"중쇄를 찍자!: 2화","8/27/22"
"중쇄를 찍자!: 1화","8/27/22"
"루시퍼: 시즌 1: 남자다움","8/26/22"
"루시퍼: 시즌 1: 흑암의 군주 지망생","8/26/22"
"루시퍼: 시즌 1: 루시퍼, 여기 있어 착하게","8/26/22"
"루시퍼: 시즌 1: 파일럿 에피소드","8/26/22"
"클레오: 시즌 1: 도요새와 조개","8/26/22"
"클레오: 시즌 1: 엘제 프로젝트","8/26/22"
"클레오: 시즌 1: 우베","8/26/22"
"클레오: 시즌 1: 장관","8/26/22"
"클레오: 시즌 1: 재회","8/26/22"
"클레오: 시즌 1: 소예르의 눈","8/26/22"
"클레오: 시즌 1: 빅 에덴","8/26/22"
"워킹데드: 시즌 11: 지키지 못한 약속","8/25/22"
"워킹데드: 시즌 11: 내부자","8/25/22"
"워킹데드: 시즌 11: 잿더미에서","8/25/22"
"워킹데드: 시즌 11: 새로운 가족","8/25/22"
"워킹데드: 시즌 11: 어쩔 수 없는 선택","8/25/22"
"워킹데드: 시즌 11: 죽음의 강: 파트 2","8/25/22"
"워킹데드: 시즌 11: 죽음의 강: 파트 1","8/22/22"
"워킹데드: 시즌 10: 네건이 온다","8/22/22"
"더 스파이: 리미티드 시리즈: 낯선 남자","8/21/22"
"더 스파이: 리미티드 시리즈: 위험수위","8/21/22"
"더 스파이: 리미티드 시리즈: 그녀의 꿈은","8/21/22"
"더 스파이: 리미티드 시리즈: 다마스쿠스, 88번 첩보원","8/21/22"
"더 스파이: 리미티드 시리즈: 그의 이름은 카멜","8/21/22"
"더 스파이: 리미티드 시리즈: 이집트의 유대인","8/21/22"
"샌드맨: 시즌 1: 스페셜 에피소드 - 천 마리 고양이의 꿈/칼리오페","8/21/22"
"샌드맨: 시즌 1: 잃어버린 심장","8/21/22"
"샌드맨: 시즌 1: 수집가들","8/21/22"
"샌드맨: 시즌 1: 놀이집","8/20/22"
"샌드맨: 시즌 1: 인형의 집","8/20/22"
"샌드맨: 시즌 1: 그녀의 날개소리","8/20/22"
"샌드맨: 시즌 1: 24시간","8/20/22"
"샌드맨: 시즌 1: 지옥의 희망","8/20/22"
"샌드맨: 시즌 1: 꿈, 내 작은 꿈","8/19/22"
"샌드맨: 시즌 1: 불완전한 주인들","8/18/22"
"샌드맨: 시즌 1: 깊은 잠","8/18/22"
"탑 보이: 시즌 2: 너를 증명할 기회","8/18/22"
"탑 보이: 시즌 2: 언제나 가족 편에","8/18/22"
"탑 보이: 시즌 2: 스파이 작전","8/18/22"
"탑 보이: 시즌 2: 15%","8/18/22"
"탑 보이: 시즌 2: 골칫거리","8/18/22"
"탑 보이: 시즌 2: 소소한 부탁","8/17/22"
"탑 보이: 시즌 2: 그래서 해결책은?","8/17/22"
"탑 보이: 시즌 2: 도덕성","8/17/22"
"탑 보이: 시즌 1: 언제나 길은 있다","8/17/22"
"탑 보이: 시즌 1: 가족을 위해","8/17/22"
"탑 보이: 시즌 1: 그가 돌아왔다","8/17/22"
"탑 보이: 시즌 1: 조여오는 압박","8/17/22"
"탑 보이: 시즌 1: 전면전","8/17/22"
"탑 보이: 시즌 1: 빌어먹을 연기 냄새","8/16/22"
"탑 보이: 시즌 1: 운명의 아침","8/16/22"
"탑 보이: 시즌 1: 불꽃이 일다","8/16/22"
"탑 보이: 시즌 1: 다리 놓기","8/16/22"
"탑 보이: 시즌 1: 다시 그곳으로","8/16/22"
"탑 보이: 써머하우스: 시리즈 2: 4화","8/16/22"
"탑 보이: 써머하우스: 시리즈 2: 3화","8/16/22"
"탑 보이: 써머하우스: 시리즈 2: 2화","8/16/22"
"탑 보이: 써머하우스: 시리즈 2: 1화","8/14/22"
"탑 보이: 써머하우스: 시리즈 1: 4화","8/14/22"
"탑 보이: 써머하우스: 시리즈 1: 3화","8/14/22"
"탑 보이: 써머하우스: 시리즈 1: 2화","8/14/22"
"탑 보이: 써머하우스: 시리즈 1: 1화","8/14/22"
"브레이킹 배드 무비: 엘 카미노","8/14/22"
"브레이킹 배드: 시즌 5: 펠리나","8/14/22"
"브레이킹 배드: 시즌 5: 뉴햄프셔","8/14/22"
"브레이킹 배드: 시즌 5: 오지맨디아스","8/14/22"
"브레이킹 배드: 시즌 5: 토하질리","8/14/22"
"브레이킹 배드: 시즌 5: 미친 개","8/13/22"
"브레이킹 배드: 시즌 5: 고백","8/13/22"
"브레이킹 배드: 시즌 5: 은닉","8/13/22"
"브레이킹 배드: 시즌 5: 피에 젖은 돈","8/13/22"
"브레이킹 배드: 시즌 5: 모든 것을 타고 넘어","8/13/22"
"브레이킹 배드: 시즌 5: 배신과 종말","8/13/22"
"브레이킹 배드: 시즌 5: 매입","8/13/22"
"브레이킹 배드: 시즌 5: 메틸아민 화물 차량","8/13/22"
"브레이킹 배드: 시즌 5: 월터의 생일","8/13/22"
"브레이킹 배드: 시즌 5: 위험 수당","8/13/22"
"브레이킹 배드: 시즌 5: 시한 폭탄","8/13/22"
"브레이킹 배드: 시즌 5: 자유 아니면 죽음을","8/13/22"
"브레이킹 배드: 시즌 4: 페이스 오프- 최후","8/13/22"
"브레이킹 배드: 시즌 4: 운명의 수레바퀴","8/13/22"
"브레이킹 배드: 시즌 4: 좁은 틈","8/13/22"
"브레이킹 배드: 시즌 4: 축배","8/13/22"
"브레이킹 배드: 시즌 4: 추적기","8/13/22"
"브레이킹 배드: 시즌 4: 복수","8/13/22"
"브레이킹 배드: 시즌 4: 행크의 추격","8/13/22"
"브레이킹 배드: 시즌 4: 진퇴양난","8/12/22"
"브레이킹 배드: 시즌 4: 조수","8/12/22"
"브레이킹 배드: 시즌 4: 총알 자국","8/12/22"
"브레이킹 배드: 시즌 4: 오픈 하우스","8/12/22"
"브레이킹 배드: 시즌 4: 방아쇠","8/12/22"
"브레이킹 배드: 시즌 4: 박스 커터","8/12/22"
"브레이킹 배드: 시즌 3: 방어와 선택","8/12/22"
"브레이킹 배드: 시즌 3: 절반의 성공","8/12/22"
"브레이킹 배드: 시즌 3: 문","8/12/22"
"브레이킹 배드: 시즌 3: 파리 한 마리","8/12/22"
"브레이킹 배드: 시즌 3: 악몽","8/12/22"
"브레이킹 배드: 시즌 3: 지켜보고 있다","8/12/22"
"브레이킹 배드: 시즌 3: 1분","8/12/22"
"브레이킹 배드: 시즌 3: 일몰","8/11/22"
"브레이킹 배드: 시즌 3: 귀환","8/11/22"
"브레이킹 배드: 시즌 3: 녹색 신호","8/11/22"
"브레이킹 배드: 시즌 3: I.F.T.","8/11/22"
"브레이킹 배드: 시즌 3: 이름없는 말","8/11/22"
"브레이킹 배드: 시즌 3: 이제 그만","8/11/22"
"브레이킹 배드: 시즌 2: 공중분해","8/11/22"
"브레이킹 배드: 시즌 2: 피닉스","8/11/22"
"브레이킹 배드: 시즌 2: 만다라","8/11/22"
"브레이킹 배드: 시즌 2: 다시 그 자리로","8/11/22"
"브레이킹 배드: 시즌 2: 사막의 긴 주말","8/10/22"
"브레이킹 배드: 시즌 2: 사울에게 전화하세요","8/10/22"
"브레이킹 배드: 시즌 2: 제시의 유명세","8/10/22"
"브레이킹 배드: 시즌 2: 불편한 진실","8/10/22"
"브레이킹 배드: 시즌 2: 새로운 시작","8/10/22"
"브레이킹 배드: 시즌 2: 대화의 부재","8/10/22"
"브레이킹 배드: 시즌 2: 기발한 알리바이","8/10/22"
"브레이킹 배드: 시즌 2: 사라진 월터","8/10/22"
"브레이킹 배드: 시즌 2: 11번의 거래","8/10/22"
"브레이킹 배드: 시즌 1: 남자의 자존심","8/10/22"
"브레이킹 배드: 시즌 1: 대량 생산","8/10/22"
"브레이킹 배드: 시즌 1: 역할분담","8/10/22"
"브레이킹 배드: 시즌 1: 흔들리는 마음","8/10/22"
"브레이킹 배드: 시즌 1: 암 환자","8/9/22"
"브레이킹 배드: 시즌 1: 완전범죄","8/8/22"
"브레이킹 배드: 시즌 1: 화학 선생과 하이젠버그","8/8/22"
"베터 콜 사울: 시즌 6: 도끼질과 고된 하루","8/7/22"
"베터 콜 사울: 시즌 6: 멍든 얼굴","8/7/22"
"베터 콜 사울: 시즌 6: 뺑소니","8/7/22"
"베터 콜 사울: 시즌 6: 진퇴양난","8/7/22"
"베터 콜 사울: 시즌 6: 당근과 채찍","8/7/22"
"베터 콜 사울: 시즌 6: 좋았던 날들","8/7/22"
"베터 콜 사울: 시즌 5: 용서할 수 없는 일","8/7/22"
"베터 콜 사울: 시즌 5: 나쁜 선택 길","8/7/22"
"베터 콜 사울: 시즌 5: 수금원","8/7/22"
"베터 콜 사울: 시즌 5: 정의의 자리","8/7/22"
"베터 콜 사울: 시즌 5: 웩슬러 대 굿맨","8/7/22"
"베터 콜 사울: 시즌 5: 막스를 위하여","8/7/22"
"베터 콜 사울: 시즌 5: 나마스테","8/6/22"
"베터 콜 사울: 시즌 5: 적임자","8/6/22"
"베터 콜 사울: 시즌 5: 50% 할인","8/6/22"
"베터 콜 사울: 시즌 5: 마법사라 불린 남자","8/6/22"
"베터 콜 사울: 시즌 4: 승리자","8/6/22"
"베터 콜 사울: 시즌 4: 안녕히","8/6/22"
"베터 콜 사울: 시즌 4: 쿠샤타에서 온 편지","8/5/22"
"베터 콜 사울: 시즌 4: 개소리","8/5/22"
"베터 콜 사울: 시즌 4: 피냐타","8/5/22"
"베터 콜 사울: 시즌 4: 새로운 비즈니스","8/5/22"
"베터 콜 사울: 시즌 4: 대화","8/5/22"
"베터 콜 사울: 시즌 4: 아름다운 그 무언가","8/4/22"
"베터 콜 사울: 시즌 4: 질식","8/4/22"
"베터 콜 사울: 시즌 4: 징조","8/4/22"
"베터 콜 사울: 시즌 3: 불빛","8/4/22"
"베터 콜 사울: 시즌 3: 추락","8/4/22"
"베터 콜 사울: 시즌 3: 낙상","8/4/22"
"베터 콜 사울: 시즌 3: 비용","8/4/22"
"베터 콜 사울: 시즌 3: 싸구려가 될 바에야","8/4/22"
"베터 콜 사울: 시즌 3: 교묘한 속임수","8/4/22"
"베터 콜 사울: 시즌 3: 미스터 사브로시토","8/4/22"
"베터 콜 사울: 시즌 3: 혼자가 아니야","8/4/22"
"베터 콜 사울: 시즌 3: 목격자","8/3/22"
"베터 콜 사울: 시즌 3: 메이블","8/3/22"
"베터 콜 사울: 시즌 2: 딸깍","8/3/22"
"베터 콜 사울: 시즌 2: 끝장","8/3/22"
"베터 콜 사울: 시즌 2: 피피","8/3/22"
"베터 콜 사울: 시즌 2: 풍선 인형","8/3/22"
"베터 콜 사울: 시즌 2: 발리 하이","8/3/22"
"베터 콜 사울: 시즌 2: 레베카","8/3/22"
"베터 콜 사울: 시즌 2: 일격","8/2/22"
"베터 콜 사울: 시즌 1: 빙고","8/2/22"
"베터 콜 사울: 시즌 2: 아마릴로","8/2/22"
"베터 콜 사울: 시즌 2: 크림 파이","8/2/22"
"베터 콜 사울: 시즌 2: 스위치","8/2/22"
"베터 콜 사울: 시즌 1: 마르코","8/2/22"
"베터 콜 사울: 시즌 1: 피멘토","8/2/22"
"베터 콜 사울: 시즌 1: 조직 범죄","8/2/22"
"베터 콜 사울: 시즌 1: 짭새","8/1/22"
"베터 콜 사울: 시즌 1: 알프스 목동","8/1/22"
"베터 콜 사울: 시즌 1: 영웅","8/1/22"
"베터 콜 사울: 시즌 1: 나초","8/1/22"
"베터 콜 사울: 시즌 1: 아들아","8/1/22"
"베터 콜 사울: 시즌 1: 하나","8/1/22"
"루머의 루머의 루머: 시즌 2: 키스하는 두 소녀","8/1/22"
"더블 타겟: 시즌 3: 붉은 빛","7/31/22"
"더블 타겟: 시즌 3: 수호성인","7/31/22"
"더블 타겟: 시즌 3: 가족을 쏘다","7/31/22"
"더블 타겟: 시즌 3: 오리엔테이션 데이","7/31/22"
"더블 타겟: 시즌 3: 알파독","7/31/22"
"더블 타겟: 시즌 3: 붉은 훈장","7/31/22"
"더블 타겟: 시즌 3: 부동표","7/31/22"
"더블 타겟: 시즌 3: 선을 넘다","7/31/22"
"더블 타겟: 시즌 3: 워싱턴으로","7/31/22"
"더블 타겟: 시즌 3: 복무의 중요성","7/31/22"
"더블 타겟: 시즌 3: 아버지의 죄","7/31/22"
"더블 타겟: 시즌 3: 붉은 고기","7/31/22"
"더블 타겟: 시즌 3: 시골길","7/31/22"
"더블 타겟: 시즌 2: 결코 일어날 수 없는 일","7/31/22"
"더블 타겟: 시즌 2: 텍사스를 건드리지 마라","7/31/22"
"더블 타겟: 시즌 2: 볼리비아와 같은 곳","7/31/22"
"더블 타겟: 시즌 2: 리우 그란데 강을 건너","7/31/22"
"더블 타겟: 시즌 2: 눈이라 불리는 남자","7/31/22"
"더블 타겟: 시즌 2: 어두운 막다른 길","7/31/22"
"더블 타겟: 시즌 2: 앨러모를 기억하라","7/30/22"
"더블 타겟: 시즌 2: 헌팅 파티","7/30/22"
"더블 타겟: 접촉","7/30/22"
"더블 타겟: 거래","7/30/22"
"더블 타겟: 적 대 적","7/30/22"
"더블 타겟: 근접위험통보","7/30/22"
"더블 타겟: 살상지대","7/30/22"
"더블 타겟: 화력수색","7/30/22"
"더블 타겟: 오버워치","7/30/22"
"더블 타겟: 무사 칼라","7/30/22"
"더블 타겟: 탈출","7/30/22"
"더블 타겟: 착탄점","7/30/22"
"루머의 루머의 루머: 시즌 2: 첫 번째 폴라로이드 사진","7/29/22"
"루머의 루머의 루머: 시즌 1: 테이프 7, A면","7/28/22"
"루머의 루머의 루머: 시즌 1: 테이프 6, B면","7/28/22"
"루머의 루머의 루머: 시즌 1: 테이프 6, A면","7/28/22"
"루머의 루머의 루머: 시즌 1: 테이프 5, B면","7/28/22"
"루머의 루머의 루머: 시즌 1: 테이프 5, A면","7/28/22"
"루머의 루머의 루머: 시즌 1: 테이프 4,  B면","7/28/22"
"루머의 루머의 루머: 시즌 1: 테이프 4, A면","7/28/22"
"루머의 루머의 루머: 시즌 1: 테이프 3, B면","7/28/22"
"루머의 루머의 루머: 시즌 1: 테이프 3, A면","7/28/22"
"루머의 루머의 루머: 시즌 1: 테이프 2, B면","7/28/22"
"루머의 루머의 루머: 시즌 1: 테이프 2, A면","7/28/22"
"루머의 루머의 루머: 시즌 1: 테이프 1, B면","7/27/22"
"루머의 루머의 루머: 시즌 1: 테이프 1, A면","7/27/22"
"검은 욕망: 시즌 1: 진실은 늘 그 자리에","7/27/22"
"그레이스: 리미티드 시리즈: 파트 6","7/27/22"
"그레이스: 리미티드 시리즈: 파트 5","7/27/22"
"그레이스: 리미티드 시리즈: 파트 4","7/27/22"
"그레이스: 리미티드 시리즈: 파트 3","7/27/22"
"그레이스: 리미티드 시리즈: 파트 2","7/27/22"
"그레이스: 리미티드 시리즈: 파트 1","7/27/22"
"포 라이프: 시즌 2: 앤디 조사이아","7/26/22"
"포 라이프: 시즌 2: 파란 장벽","7/26/22"
"포 라이프: 시즌 2: 국민 측 대표","7/26/22"
"포 라이프: 시즌 2: 그의 이름은","7/26/22"
"포 라이프: 시즌 2: 354","7/26/22"
"포 라이프: 시즌 2: 추가 수당","7/26/22"
"포 라이프: 시즌 2: 앞으로 나아갈 때","7/26/22"
"포 라이프: 시즌 2: 필요성 방위","7/26/22"
"포 라이프: 시즌 2: 집으로","7/26/22"
"포 라이프: 시즌 2: 멈출 수 없는 싸움","7/26/22"
"포 라이프: 아버지들","7/25/22"
"포 라이프: 성격 적합성","7/25/22"
"포 라이프: 최종 진술","7/25/22"
"포 라이프: 스위스","7/25/22"
"포 라이프: 묻힌 사건","7/25/22"
"포 라이프: 햇빛","7/25/22"
"포 라이프: 우리를 갈라놓는 것","7/25/22"
"포 라이프: 대포폰","7/25/22"
"포 라이프: 마리","7/25/22"
"포 라이프: 목격자","7/25/22"
"포 라이프: 형제의 파수꾼","7/25/22"
"포 라이프: 약속","7/25/22"
"포 라이프: 파일럿 에피소드","7/25/22"
"매니페스트: 시즌 2: 가상 수평선","7/24/22"
"매니페스트: 시즌 2: 이륙 불가","7/24/22"
"캐시트럭","7/24/22"
"매니페스트: 시즌 2: 안전벨트를 착용하십시오","7/24/22"
"매니페스트: 시즌 1: 출발 예정 시간","7/24/22"
"매니페스트: 시즌 1: 경착륙","7/24/22"
"매니페스트: 시즌 1: 업그레이드","7/24/22"
"매니페스트: 시즌 1: 접근 허가","7/24/22"
"매니페스트: 시즌 1: 소실점","7/24/22"
"매니페스트: 시즌 1: 비행운","7/24/22"
"매니페스트: 시즌 1: 옆바람","7/24/22"
"매니페스트: 시즌 1: 추측 항법","7/24/22"
"매니페스트: 시즌 1: 귀환 불능 지점","7/24/22"
"매니페스트: 시즌 1: 대혼란","7/23/22"
"매니페스트: 시즌 1: 레이더에서 사라지다","7/23/22"
"매니페스트: 시즌 1: 연결된 항공편","7/23/22"
"매니페스트: 시즌 1: 수취인 불명 수화물","7/23/22"
"매니페스트: 시즌 1: 난기류","7/23/22"
"매니페스트: 시즌 1: 재진입","7/23/22"
"매니페스트: 시즌 1: 파일럿 에피소드","7/23/22"
"윈저 이야기: 영국 왕실의 비밀: 왕가의 운명","7/23/22"
"윈저 이야기: 영국 왕실의 비밀: 비극의 씨앗","7/23/22"
"윈저 이야기: 영국 왕실의 비밀: 왕자의 선택","7/23/22"
"윈저 이야기: 영국 왕실의 비밀: 외부인의 입성","7/22/22"
"윈저 이야기: 영국 왕실의 비밀: 사랑과 의무","7/22/22"
"윈저 이야기: 영국 왕실의 비밀: 변화 혹은 몰락","7/22/22"
"더 크라운: 시즌 4: 전쟁","7/22/22"
"더 크라운: 시즌 4: 눈사태","7/22/22"
"더 크라운: 시즌 4: 48 대 1","7/22/22"
"더 크라운: 시즌 4: 세습 원칙","7/21/22"
"더 크라운: 시즌 4: 주인 없는 땅","7/21/22"
"더 크라운: 시즌 4: 실직자","7/21/22"
"더 크라운: 시즌 4: 가장 사랑하는 것은","7/21/22"
"더 크라운: 시즌 4: 동화","7/21/22"
"더 크라운: 시즌 4: 시험에 들다","7/21/22"
"더 크라운: 시즌 4: 그를 보내며","7/21/22"
"더 크라운: 시즌 3: 마음의 외침","7/21/22"
"더 크라운: 시즌 3: 투쟁","7/21/22"
"더 크라운: 시즌 3: 허공에 매달린 사나이","7/21/22"
"더 크라운: 시즌 3: 달","7/21/22"
"더 크라운: 시즌 3: 웨일스 공","7/20/22"
"더 크라운: 시즌 3: 쿠데타","7/20/22"
"굿 닥터: 시즌 2: 믿음","7/20/22"
"굿 닥터: 시즌 2: 위험과 보상","7/20/22"
"더 크라운: 시즌 3: 버비킨스","7/19/22"
"더 크라운: 시즌 3: 애버밴","7/18/22"
"더 크라운: 시즌 3: 마거릿톨로지스트","7/18/22"
"더 크라운: 시즌 3: 올딩","7/18/22"
"더 크라운: 시즌 2: 수수께끼의 남자","7/18/22"
"더 크라운: 시즌 2: 왕자의 아버지","7/18/22"
"더 크라운: 시즌 2: 친애하는 케네디 여사","7/18/22"
"더 크라운: 시즌 2: 왕가의 결혼식","7/18/22"
"더 크라운: 시즌 2: 왕실의 비밀","7/17/22"
"더 크라운: 시즌 2: 마리오네트","7/17/22"
"더 크라운: 시즌 2: 베릴","7/17/22"
"더 크라운: 시즌 2: 리스본","7/17/22"
"더 크라운: 시즌 2: 선상의 남자들","7/17/22"
"더 크라운: 시즌 2: 불운한 선택","7/17/22"
"더 크라운: 시즌 1: 글로리아나","7/17/22"
"더 크라운: 시즌 1: 아픈 진실","7/16/22"
"더 크라운: 시즌 1: 긍지와 기쁨","7/16/22"
"더 크라운: 시즌 1: 아는 것이 힘","7/16/22"
"더 크라운: 시즌 1: 시한 폭탄","7/16/22"
"더 크라운: 시즌 1: 변화의 시작","7/16/22"
"더 크라운: 시즌 1: 신의 선택","7/16/22"
"더 크라운: 시즌 1: 윈저","7/16/22"
"더 크라운: 시즌 1: 왕의 서거","7/16/22"
"더 크라운: 시즌 1: 울퍼튼 스플래시","7/16/22"
"어나더 라이프: 시즌 1: 의혹의 그늘","7/15/22"
"어나더 라이프: 시즌 1: 우주를 향해","7/15/22"
"피키 블라인더스: 시즌 6: 자물쇠와 열쇠","7/14/22"
"피키 블라인더스: 시즌 6: 지옥으로 가는 길","7/14/22"
"피키 블라인더스: 시즌 6: 푸른 보석","7/14/22"
"피키 블라인더스: 시즌 6: 금","7/14/22"
"피키 블라인더스: 시즌 6: 검은 셔츠","7/14/22"
"피키 블라인더스: 시즌 6: 비극","7/14/22"
"피키 블라인더스: 시즌 5: 표적","7/14/22"
"피키 블라인더스: 시즌 5: 선의의 결과","7/14/22"
"피키 블라인더스: 시즌 5: 전략","7/14/22"
"피키 블라인더스: 시즌 5: 검은 고양이","7/14/22"
"피키 블라인더스: 시즌 5: 대공황","7/14/22"
"피키 블라인더스: 시즌 5: 업보","7/14/22"
"피키 블라인더스: 시즌 4: 악마와의 악수","7/13/22"
"피키 블라인더스: 시즌 4: 대결","7/13/22"
"피키 블라인더스: 시즌 4: 초대","7/13/22"
"피키 블라인더스: 시즌 4: 거래","7/13/22"
"피키 블라인더스: 시즌 4: 집시","7/13/22"
"피키 블라인더스: 시즌 4: 올가미","7/13/22"
"피키 블라인더스: 시즌 3: 6화","7/13/22"
"피키 블라인더스: 시즌 3: 5화","7/13/22"
"피키 블라인더스: 시즌 3: 4화","7/12/22"
"피키 블라인더스: 시즌 3: 3화","7/12/22"
"피키 블라인더스: 시즌 3: 2화","7/12/22"
"피키 블라인더스: 시즌 3: 1화","7/12/22"
"피키 블라인더스: 시즌 2: 6화","7/12/22"
"피키 블라인더스: 시즌 2: 5화","7/12/22"
"피키 블라인더스: 시즌 2: 4화","7/12/22"
"피키 블라인더스: 시즌 2: 3화","7/12/22"
"피키 블라인더스: 시즌 2: 2화","7/12/22"
"피키 블라인더스: 시즌 2: 1화","7/12/22"
"피키 블라인더스: 시즌 1: 6화","7/12/22"
"피키 블라인더스: 시즌 1: 5화","7/12/22"
"피키 블라인더스: 시즌 1: 4화","7/11/22"
"피키 블라인더스: 시즌 1: 3화","7/11/22"
"피키 블라인더스: 시즌 1: 2화","7/11/22"
"피키 블라인더스: 시즌 1: 1화","7/11/22"
"카피타니: 시즌 2: 무엇이 최선인지 알 것","7/11/22"
"카피타니: 시즌 2: 얼굴에서 미소를 지워라","7/11/22"
"카피타니: 시즌 2: 당신은 혼자다","7/11/22"
"카피타니: 시즌 2: 늦은 밤","7/11/22"
"카피타니: 시즌 2: 가장 먼저 추락하는 자","7/11/22"
"카피타니: 시즌 2: 시간이 없다","7/11/22"
"카피타니: 시즌 2: 내가 달아났더라면","7/11/22"
"카피타니: 시즌 2: 당신의 마지막 생각","7/11/22"
"카피타니: 시즌 2: 첫 번째가 접근할 때까지","7/11/22"
"카피타니: 시즌 2: 공격하거나 도망치거나","7/11/22"
"카피타니: 시즌 2: 구석에 누군가가 있다","7/11/22"
"카피타니: 시즌 2: 주시하는 눈","7/11/22"
"카피타니: 시즌 1: 어느 화창한 여름날","7/10/22"
"카피타니: 시즌 1: 가슴속엔 오직 어둠만이","7/10/22"
"카피타니: 시즌 1: 견딜 수 없는 고통","7/10/22"
"카피타니: 시즌 1: 아무도 믿지 마라","7/10/22"
"카피타니: 시즌 1: 황홀한 꿈","7/10/22"
"카피타니: 시즌 1: 불운과 비애","7/10/22"
"카피타니: 시즌 1: 저 먼 곳에","7/10/22"
"카피타니: 시즌 1: 이방인은 굴복하리라","7/10/22"
"카피타니: 시즌 1: 눈감을 수 없다면 마음도 쉴 수 없다","7/10/22"
"카피타니: 시즌 1: 저 아래 검은 나무 왕관","7/10/22"
"카피타니: 시즌 1: 지나간 어린 시절","7/10/22"
"카피타니: 시즌 1: 저 위에 계신 당신","7/10/22"
"굿 닥터: 시즌 2: 얼굴","7/10/22"
"컨트롤 Z: 시즌 2: 과거는 묻을 수 없다","7/10/22"
"컨트롤 Z: 시즌 1: 공공의 적","7/10/22"
"더 롱기스트 나이트: 6화","7/9/22"
"더 롱기스트 나이트: 5화","7/9/22"
"더 롱기스트 나이트: 4화","7/9/22"
"더 롱기스트 나이트: 3화","7/9/22"
"더 롱기스트 나이트: 2화","7/9/22"
"더 롱기스트 나이트: 1화","7/9/22"
"메시아: 죄의 대가","7/9/22"
"메시아: 신은 더 위대하다","7/9/22"
"메시아: 불가항력","7/9/22"
"메시아: 말한 대로 되리라","7/9/22"
"메시아: 우리는 잠들지 않는다","7/9/22"
"메시아: 보아도 볼 수 없는","7/9/22"
"메시아: 시련","7/8/22"
"메시아: 신의 손길","7/8/22"
"메시아: 저항","7/8/22"
"메시아: 귀 있는 자","7/8/22"
"사티아지트 라이 단편 걸작선: 리미티드 시리즈: 스포트라이트","7/7/22"
"사티아지트 라이 단편 걸작선: 리미티드 시리즈: 왜 이렇게 야단법석이야?","7/7/22"
"사티아지트 라이 단편 걸작선: 리미티드 시리즈: 천의 얼굴의 사나이","7/7/22"
"사티아지트 라이 단편 걸작선: 리미티드 시리즈: 나를 잊지 마세요","7/7/22"
"블랙 썸머: 시즌 2: 비행기","7/7/22"
"블랙 썸머: 시즌 2: 산장에서","7/7/22"
"블랙 썸머: 시즌 2: 생존의 가치","7/7/22"
"블랙 썸머: 시즌 2: 창백한 말이 온다","7/7/22"
"블랙 썸머: 시즌 2: 하얀 전쟁","7/7/22"
"블랙 썸머: 시즌 2: 카드놀이","7/7/22"
"블랙 썸머: 시즌 2: 서막","7/7/22"
"블랙 썸머: 시즌 2: 얼어붙은 땅에서","7/7/22"
"블랙 썸머: 시즌 1: 스타디움","7/6/22"
"블랙 썸머: 시즌 1: 블랙","7/6/22"
"블랙 썸머: 시즌 1: 미끼","7/6/22"
"블랙 썸머: 시즌 1: 지미 식당","7/6/22"
"블랙 썸머: 시즌 1: 홀로 남다","7/6/22"
"블랙 썸머: 시즌 1: 교실에서","7/6/22"
"블랙 썸머: 시즌 1: 추적자","7/6/22"
"블랙 썸머: 시즌 1: 피난민들","7/6/22"
"그린리프: 그의 참모습 그대로","7/5/22"
"그린리프: 세례","7/5/22"
"그린리프: 치유의 시간","7/5/22"
"굿 닥터: 시즌 2: 모녀","7/5/22"
"굿 닥터: 시즌 2: 그날 이후","7/5/22"
"남부의 여왕: 시즌 5: 10화","7/3/22"
"남부의 여왕: 시즌 5: 9화","7/3/22"
"남부의 여왕: 시즌 5: 8화","7/3/22"
"남부의 여왕: 시즌 5: 7화","7/3/22"
"남부의 여왕: 시즌 5: 6화","7/3/22"
"남부의 여왕: 시즌 5: 5화","7/3/22"
"남부의 여왕: 시즌 5: 4화","7/3/22"
"남부의 여왕: 시즌 5: 3화","7/3/22"
"남부의 여왕: 시즌 5: 2화","7/3/22"
"남부의 여왕: 시즌 5: 1화","7/2/22"
"굿 닥터: 시즌 2: 격리 2부","6/27/22"
"굿 닥터: 시즌 2: 격리 1부","6/27/22"
"디어 마이 프렌즈: 우리들의 러브 스토리","6/27/22"
"디어 마이 프렌즈: 우리가 언제 당신을 이렇게 오래 봐라봐 준 적 있었나?","6/27/22"
"디어 마이 프렌즈: 끝까지 엄마답게, 끝까지 투사처럼 2","6/27/22"
"디어 마이 프렌즈: 끝까지 엄마답게, 끝까지 투사처럼 1","6/27/22"
"디어 마이 프렌즈: 내가 알고 지은 죄, 백가지. 내가 모르고 지은 죄, 천가지 만가지","6/27/22"
"디어 마이 프렌즈: 복수의 칼날을 갈며 2","6/27/22"
"디어 마이 프렌즈: 복수의 칼날을 갈며 1","6/26/22"
"디어 마이 프렌즈: 디어 마이 프렌즈, 인생이 정말 아름답지 아니한가","6/26/22"
"디어 마이 프렌즈: 마치 아무 일도 없었던 것처럼","6/26/22"
"디어 마이 프렌즈: 바람이 분다. 파도가 친다","6/26/22"
"디어 마이 프렌즈: 되돌아갈 수 있는 길. 되돌아갈 수 없는 길","6/26/22"
"디어 마이 프렌즈: 외로워 마세요. 그대 곁에 내가 있어요","6/26/22"
"디어 마이 프렌즈: 부디, 부탁하건데, 당신들, 우릴 다 안다 하지 마세요","6/26/22"
"디어 마이 프렌즈: 노브라에 찢어진 청바지를 입고 길 위에서","6/26/22"
"디어 마이 프렌즈: 혼자 할 수 있어요, 혼자 살 수 있어요","6/26/22"
"디어 마이 프렌즈: 디어 마이 프렌즈, 미안하지만, 난 당신들이 궁금하지 않아요","6/26/22"
"우리들의 블루스: 리미티드 시리즈: 옥동과 동석 3","6/25/22"
"우리들의 블루스: 리미티드 시리즈: 옥동과 동석 2","6/25/22"
"우리들의 블루스: 리미티드 시리즈: 옥동과 동석 1","6/25/22"
"러시아 인형처럼: 시즌 2: 코니아일랜드 베이비","6/25/22"
"러시아 인형처럼: 시즌 2: 시간을 거슬러","6/25/22"
"우리들의 블루스: 리미티드 시리즈: 춘희와 은기 2","6/25/22"
"우리들의 블루스: 리미티드 시리즈: 춘희와 은기 1","6/25/22"
"우리들의 블루스: 리미티드 시리즈: 영옥과 정준 그리고... 2","6/25/22"
"우리들의 블루스: 리미티드 시리즈: 영옥과 정준 그리고... 1","6/25/22"
"우리들의 블루스: 리미티드 시리즈: 미란과 은희 2","6/24/22"
"우리들의 블루스: 리미티드 시리즈: 미란과 은희 1","6/24/22"
"우리가 몰랐던 그녀: 시즌 2: 검은 유혹","6/23/22"
"몰디브: 몰디브에 온 걸 환영해요","6/23/22"
"굿 닥터: 시즌 2: 공감","6/23/22"
"우리들의 블루스: 리미티드 시리즈: 동석과 선아 그리고 영옥과 정준","6/23/22"
"굿 닥터: 시즌 2: 사연","6/22/22"
"우리가 몰랐던 그녀: 시즌 2: 뒤바뀐 운명","6/22/22"
"우리가 몰랐던 그녀: 시즌 2: 업보","6/22/22"
"우리가 몰랐던 그녀: 시즌 2: 환생","6/22/22"
"우리가 몰랐던 그녀: 시즌 2: 악마의 도플갱어","6/22/22"
"우리가 몰랐던 그녀: 시즌 2: 위험한 줄타기","6/21/22"
"우리가 몰랐던 그녀: 시즌 2: 시험","6/21/22"
"굿 닥터: 시즌 2: 휴버트","6/21/22"
"굿 닥터: 시즌 2: 2겹 휴지","6/21/22"
"굿 닥터: 시즌 2: 당근","6/21/22"
"굿 닥터: 시즌 2: 거친 박새","6/21/22"
"굿 닥터: 시즌 2: 36시간","6/21/22"
"굿 닥터: 시즌 2: 절충안","6/20/22"
"굿 닥터: 시즌 2: 안녕하세요","6/20/22"
"굿 닥터: 시즌 1: 친구가 필요합니다","6/19/22"
"굿 닥터: 시즌 1: 미소","6/19/22"
"굿 닥터: 시즌 1: 통증","6/19/22"
"굿 닥터: 시즌 1: 진심","6/19/22"
"굿 닥터: 시즌 1: 난 여자예요","6/19/22"
"굿 닥터: 시즌 1: 일곱 가지 이유","6/19/22"
"굿 닥터: 시즌 1: 섬 2부","6/19/22"
"굿 닥터: 시즌 1: 섬 1부","6/19/22"
"굿 닥터: 시즌 1: 희생","6/19/22"
"굿 닥터: 시즌 1: 말하기 힘든 것","6/19/22"
"굿 닥터: 시즌 1: 사과","6/19/22"
"굿 닥터: 시즌 1: 22걸음","6/19/22"
"굿 닥터: 시즌 1: 가짜가 아닙니다","6/19/22"
"굿 닥터: 시즌 1: 0.3%","6/19/22"
"굿 닥터: 시즌 1: 배수관","6/19/22"
"굿 닥터: 시즌 1: 올리버","6/19/22"
"굿 닥터: 시즌 1: 러시모어산","6/18/22"
"굿 닥터: 시즌 1: 음식 타는 냄새","6/18/22"
"남부의 여왕: 시즌 4: 그들이 오고 있다","6/18/22"
"남부의 여왕: 시즌 4: 전쟁의 여신","6/18/22"
"남부의 여왕: 시즌 4: 당신이 잠든 사이에","6/18/22"
"남부의 여왕: 시즌 4: 가장 깊은 두려움","6/18/22"
"남부의 여왕: 시즌 4: 아버지의 죄","6/18/22"
"남부의 여왕: 시즌 4: 비밀과 거짓말","6/18/22"
"남부의 여왕: 시즌 3: 세계","6/18/22"
"남부의 여왕: 시즌 3: 정의","6/18/22"
"남부의 여왕: 시즌 4: 험난한 사랑","6/18/22"
"남부의 여왕: 시즌 4: 거울 속 여자","6/18/22"
"남부의 여왕: 시즌 4: 미래는 여성의 것","6/18/22"
"남부의 여왕: 시즌 4: 저주","6/18/22"
"남부의 여왕: 시즌 4: 남부의 환대","6/18/22"
"남부의 여왕: 시즌 4: 가족을 위해서라면","6/18/22"
"남부의 여왕: 시즌 4: 뉴올리언스에 오신 걸 환영합니다","6/18/22"
"남부의 여왕: 시즌 3: 컵 10번","6/18/22"
"남부의 여왕: 시즌 3: 죽음","6/18/22"
"남부의 여왕: 시즌 3: 악마","6/18/22"
"남부의 여왕: 시즌 3: 전차","6/17/22"
"남부의 여왕: 시즌 3: 검의 여왕","6/17/22"
"남부의 여왕: 시즌 3: 연인","6/17/22"
"남부의 여왕: 시즌 3: 심판","6/17/22"
"남부의 여왕: 시즌 3: 힘","6/17/22"
"남부의 여왕: 시즌 3: 금화의 여왕","6/17/22"
"남부의 여왕: 시즌 3: 거꾸로 매달린 사람","6/17/22"
"남부의 여왕: 시즌 3: 은둔자","6/17/22"
"남부의 여왕: 시즌 2: 시간이 만든 운명","6/16/22"
"남부의 여왕: 시즌 2: 시간이 흐르면","6/16/22"
"남부의 여왕: 시즌 2: 영혼의 어두운 밤","6/16/22"
"남부의 여왕: 시즌 2: 피에로를 보내주오","6/16/22"
"남부의 여왕: 시즌 2: 엄마의 이름으로","6/15/22"
"남부의 여왕: 시즌 2: 거대한 계획","6/15/22"
"남부의 여왕: 시즌 2: 충성심의 가치","6/15/22"
"남부의 여왕: 시즌 2: 죽음의 길","6/15/22"
"남부의 여왕: 시즌 2: 볼리비아, 그 시작","6/15/22"
"남부의 여왕: 시즌 2: 유다의 키스","6/15/22"
"남부의 여왕: 시즌 2: 악마와의 거래","6/15/22"
"남부의 여왕: 시즌 2: 신과 변호사","6/15/22"
"남부의 여왕: 시즌 2: 성체","6/15/22"
"남부의 여왕: 시즌 1: 상처","6/15/22"
"남부의 여왕: 시즌 1: 500,000","6/15/22"
"남부의 여왕: 시즌 1: 물러설 수 없는 단계","6/15/22"
"남부의 여왕: 시즌 1: 우린 가족","6/15/22"
"남부의 여왕: 시즌 1: 모두 챙겨라","6/14/22"
"남부의 여왕: 시즌 1: 감쪽같은 속임수","6/14/22"
"남부의 여왕: 시즌 1: 버드맨","6/14/22"
"남부의 여왕: 시즌 1: 거짓말이 필요한 순간","6/14/22"
"남부의 여왕: 시즌 1: 두 가지 미래","6/14/22"
"남부의 여왕: 시즌 1: 은방울꽃","6/14/22"
"남부의 여왕: 시즌 1: 가입 전략","6/14/22"
"남부의 여왕: 시즌 1: 40분","6/14/22"
"남부의 여왕: 시즌 1: 파일럿","6/14/22"
"인티머시: 리미티드 시리즈: 결정","6/13/22"
"인티머시: 리미티드 시리즈: 내일","6/13/22"
"인티머시: 리미티드 시리즈: 홀로","6/13/22"
"인티머시: 리미티드 시리즈: 허울","6/13/22"
"인티머시: 리미티드 시리즈: 추락","6/13/22"
"인티머시: 리미티드 시리즈: 안면인식장애","6/13/22"
"인티머시: 리미티드 시리즈: 지위 / 폭로","6/13/22"
"인티머시: 리미티드 시리즈: 치명적인 미디어","6/13/22"
"투 서머스: 6화","6/13/22"
"투 서머스: 5화","6/13/22"
"투 서머스: 4화","6/13/22"
"투 서머스: 3화","6/13/22"
"투 서머스: 1화","6/13/22"
"투 서머스: 2화","6/13/22"
"위쳐: 시즌 1: 팔려 간 소녀","6/12/22"
"위쳐: 시즌 1: 끝과 시작","6/12/22"
"트루 스토리: 리미티드 시리즈: 제7장: 카인과 아벨처럼","6/11/22"
"트루 스토리: 리미티드 시리즈: 제6장: 가족을 위해서라면","6/11/22"
"트루 스토리: 리미티드 시리즈: 제5장: 악감정","6/11/22"
"트루 스토리: 리미티드 시리즈: 제4장: 항상 함께하는 거야","6/11/22"
"트루 스토리: 리미티드 시리즈: 제3장: 승리의 세레모니","6/10/22"
"트루 스토리: 리미티드 시리즈: 제2장: 사후조치","6/10/22"
"트루 스토리: 리미티드 시리즈: 제1장: 코미디의 왕","6/10/22"
"욕망의 새: 시즌 1: 8화","6/9/22"
"욕망의 새: 시즌 1: 7화","6/9/22"
"욕망의 새: 시즌 1: 6화","6/9/22"
"욕망의 새: 시즌 1: 5화","6/9/22"
"욕망의 새: 시즌 1: 4화","6/9/22"
"욕망의 새: 시즌 1: 3화","6/9/22"
"링컨 차를 타는 변호사: 시즌 1: 탄환의 심판","6/9/22"
"링컨 차를 타는 변호사: 시즌 1: 불쾌한 골짜기","6/9/22"
"링컨 차를 타는 변호사: 시즌 1: 돌아온 마법 탄환","6/9/22"
"링컨 차를 타는 변호사: 시즌 1: 7번 배심원","6/9/22"
"링컨 차를 타는 변호사: 시즌 1: 뇌물","6/9/22"
"링컨 차를 타는 변호사: 시즌 1: 열두 마리의 레밍들","6/9/22"
"링컨 차를 타는 변호사: 시즌 1: 카오스 이론","6/9/22"
"링컨 차를 타는 변호사: 시즌 1: 모멘텀","6/9/22"
"링컨 차를 타는 변호사: 시즌 1: 마법 탄환","6/9/22"
"링컨 차를 타는 변호사: 시즌 1: 돌아온 변호사","6/8/22"
"우리들의 블루스: 리미티드 시리즈: 동석과 선아 3","6/7/22"
"바이오해커스: 시즌 2: 기억하다","6/6/22"
"바이오해커스: 시즌 2: 발견","6/6/22"
"바이오해커스: 시즌 2: 망각","6/6/22"
"바이오해커스: 시즌 2: 파트너","6/6/22"
"바이오해커스: 시즌 2: 적","6/6/22"
"바이오해커스: 시즌 2: 깨어나다","6/6/22"
"바이오해커스: 시즌 1: 운명","6/6/22"
"바이오해커스: 시즌 1: 배신","6/6/22"
"바이오해커스: 시즌 1: 확신","6/6/22"
"바이오해커스: 시즌 1: 의심","6/6/22"
"바이오해커스: 시즌 1: 비밀","6/6/22"
"바이오해커스: 시즌 1: 도착","6/6/22"
"또! 오해영: 시즌 1: 4화","6/5/22"
"또! 오해영: 시즌 1: 3화","6/5/22"
"또! 오해영: 시즌 1: 2화","6/5/22"
"또! 오해영: 시즌 1: 1화","6/5/22"
"우리가 몰랐던 그녀: 시즌 1: 어둠의 거래","6/4/22"
"우리가 몰랐던 그녀: 시즌 1: 은밀한 약속","6/4/22"
"우리가 몰랐던 그녀: 시즌 1: 때가 왔다","6/4/22"
"우리가 몰랐던 그녀: 시즌 1: 변신","6/4/22"
"우리가 몰랐던 그녀: 시즌 1: 첫발을 떼다","6/4/22"
"우리가 몰랐던 그녀: 시즌 1: 이상한 조건","6/4/22"
"우리가 몰랐던 그녀: 시즌 1: 미끼를 던지다","6/4/22"
"델리 크라임: 시즌 1: 7화","6/4/22"
"델리 크라임: 시즌 1: 6화","6/4/22"
"델리 크라임: 시즌 1: 5화","6/4/22"
"델리 크라임: 시즌 1: 4화","6/4/22"
"델리 크라임: 시즌 1: 3화","6/3/22"
"델리 크라임: 시즌 1: 2화","6/3/22"
"델리 크라임: 시즌 1: 1화","6/3/22"
"데드 투 미: 시즌 1: 파일럿 에피소드","6/2/22"
"나의 해방일지: 리미티드 시리즈: 16화","6/2/22"
"나의 아저씨: 리미티드 시리즈: 제1회","5/30/22"
"우리들의 블루스: 리미티드 시리즈: 동석과 선아 2","5/29/22"
"나의 해방일지: 리미티드 시리즈: 15화","5/29/22"
"워킹데드: 시즌 10: 갈림길","5/29/22"
"워킹데드: 시즌 10: 가시","5/28/22"
"워킹데드: 시즌 10: 한 군데 더","5/28/22"
"워킹데드: 시즌 10: 날 찾아줘","5/28/22"
"워킹데드: 시즌 10: 집으로","5/28/22"
"워킹데드: 시즌 10: 어떤 종말","5/28/22"
"워킹데드: 시즌 10: 타워","5/28/22"
"워킹데드: 시즌 10: 꽃을 바라봐","5/28/22"
"워킹데드: 시즌 10: 달라진 사람들","5/25/22"
"워킹데드: 시즌 10: 함께 걷는 자들","5/22/22"
"워킹데드: 시즌 10: 포위 작전","5/22/22"
"워킹데드: 시즌 10: 기습 공격","5/22/22"
"워킹데드: 시즌 10: 출구","5/22/22"
"워킹데드: 시즌 10: 과거의 세상","5/22/22"
"워킹데드: 시즌 10: 눈을 떠","5/18/22"
"워킹데드: 시즌 10: 교신","5/18/22"
"워킹데드: 시즌 10: 늘 그렇듯이","5/15/22"
"워킹데드: 시즌 10: 위스퍼러를 침묵시켜라","5/15/22"
"워킹데드: 시즌 10: 유령","5/15/22"
"워킹데드: 시즌 10: 우리가 세상의 종말이다","5/15/22"
"워킹데드: 시즌 10: 경계 태세","5/15/22"
"워킹데드: 시즌 9: 폭풍","5/15/22"
"워킹데드: 시즌 9: 축제","5/15/22"
"워킹데드: 시즌 9: 오래된 상처","5/15/22"
"워킹데드: 시즌 9: 매복","5/15/22"
"나의 해방일지: 리미티드 시리즈: 11화","5/15/22"
"워킹데드: 시즌 9: 위험한 미행","5/14/22"
"워킹데드: 시즌 9: 협상","5/14/22"
"워킹데드: 시즌 9: 조작된 기억","5/14/22"
"워킹데드: 시즌 9: 인질","5/14/22"
"워킹데드: 시즌 9: 워커의 진화","5/14/22"
"워킹데드: 시즌 9: 동행","5/14/22"
"나의 해방일지: 리미티드 시리즈: 10화","5/14/22"
"나의 해방일지: 리미티드 시리즈: 9화","5/14/22"
"워킹데드: 시즌 9: 이방인","5/11/22"
"워킹데드: 시즌 9: 과거의 그림자","5/10/22"
"워킹데드: 시즌 9: 갈림길","5/10/22"
"워킹데드: 시즌 9: 실종자들","5/9/22"
"워킹데드: 시즌 9: 미래를 위한 다리","5/9/22"
"워킹데드: 시즌 9: 새로운 시대","5/9/22"
"워킹데드: 시즌 8: 분노의 끝","5/8/22"
"워킹데드: 시즌 8: 배신자","5/8/22"
"워킹데드: 시즌 8: 상실의 시대","5/8/22"
"워킹데드: 시즌 8: 불청객","5/7/22"
"워킹데드: 시즌 8: 정면승부","5/7/22"
"워킹데드: 시즌 8: 죽거나 살거나","5/7/22"
"워킹데드: 시즌 8: 각자의 선택","5/7/22"
"워킹데드: 시즌 8: 마지막 인사","5/7/22"
"워킹데드: 시즌 8: 또 다른 헤어짐의 시작","5/7/22"
"나의 해방일지: 리미티드 시리즈: 8화","5/7/22"
"워킹데드: 시즌 8: 어긋난 계획","5/5/22"
"워킹데드: 시즌 8: 리더의 무게","5/5/22"
"워킹데드: 시즌 8: 고해 성사","5/5/22"
"워킹데드: 시즌 8: 어떤 남자","5/5/22"
"워킹데드: 시즌 8: 괴물들","5/5/22"
"워킹데드: 시즌 8: 저주받은 사람들","5/5/22"
"워킹데드: 시즌 8: 자비","5/5/22"
"우리들의 블루스: 리미티드 시리즈: 인권과 호식 2","5/5/22"
"워킹데드: 시즌 7: 남은 평생의 첫날","5/5/22"
"워킹데드: 시즌 7: 그들이 필요로 하는 것","5/5/22"
"워킹데드: 시즌 7: 반대편","5/5/22"
"워킹데드: 시즌 7: 여기 묻어 주세요","5/4/22"
"워킹데드: 시즌 7: 승낙","5/4/22"
"워킹데드: 시즌 7: 적대적인 재난","5/4/22"
"워킹데드: 시즌 7: 새로 사귄 단짝","5/4/22"
"워킹데드: 시즌 7: 길 위의 바위","5/4/22"
"워킹데드: 시즌 7: 아직 살아있어","5/3/22"
"페델타: 2화","5/3/22"
"워킹데드: 시즌 7: 노래를 불러 봐","5/3/22"
"워킹데드: 시즌 7: 맹세","5/3/22"
"워킹데드: 시즌 7: 수완가","5/1/22"
"워킹데드: 시즌 7: 굴복","5/1/22"
"워킹데드: 시즌 7: 감방","5/1/22"
"우리들의 블루스: 리미티드 시리즈: 인권과 호식 1","5/1/22"
"우리들의 블루스: 리미티드 시리즈: 동석과 선아 1","5/1/22"
"나의 해방일지: 리미티드 시리즈: 7화","5/1/22"
"나의 해방일지: 리미티드 시리즈: 6화","5/1/22"
"워킹데드: 시즌 7: 우물","5/1/22"
"워킹데드: 시즌 7: 그날의 불행","5/1/22"
"워킹데드: 시즌 6: 생의 마지막 날","5/1/22"
"워킹데드: 시즌 6: 동쪽으로","5/1/22"
"워킹데드: 시즌 6: 너무 멀리 와버린","4/30/22"
"워킹데드: 시즌 6: 같은 배","4/30/22"
"워킹데드: 시즌 6: 아직 내일은 안 왔으니까","4/30/22"
"워킹데드: 시즌 6: 매듭을 풀고","4/30/22"
"워킹데드: 시즌 6: 새로운 세상","4/30/22"
"워킹데드: 시즌 6: 어쩔 수 없어","4/27/22"
"워킹데드: 시즌 6: 처음부터 끝까지","4/27/22"
"워킹데드: 시즌 6: 유인","4/27/22"
"워킹데드: 시즌 6: 당신의 책임","4/27/22"
"워킹데드: 시즌 6: 지금","4/27/22"
"워킹데드: 시즌 6: 정화","4/26/22"
"워킹데드: 시즌 6: 고마워요","4/26/22"
"워킹데드: 시즌 6: 어떻게든 살아남아","4/26/22"
"워킹데드: 시즌 6: 처음으로 다시","4/26/22"
"워킹데드: 시즌 5: 정복","4/25/22"
"워킹데드: 시즌 5: 시도","4/25/22"
"워킹데드: 시즌 5: 갈등","4/25/22"
"워킹데드: 시즌 5: 망각","4/25/22"
"워킹데드: 시즌 5: 기억","4/25/22"
"워킹데드: 시즌 5: 거리","4/24/22"
"워킹데드: 시즌 5: 그들","4/24/22"
"워킹데드: 시즌 5: 살아 있는 대가","4/24/22"
"워킹데드: 시즌 5: 종결","4/24/22"
"워킹데드: 시즌 5: 십자가","4/24/22"
"우리들의 블루스: 리미티드 시리즈: 영주와 현","4/24/22"
"우리들의 블루스: 리미티드 시리즈: 영옥과 정준 1","4/24/22"
"나의 해방일지: 리미티드 시리즈: 5화","4/24/22"
"나의 해방일지: 리미티드 시리즈: 4화","4/24/22"
"워킹데드: 시즌 5: 추적","4/23/22"
"워킹데드: 시즌 5: 자립","4/22/22"
"워킹데드: 시즌 5: 애틀랜타","4/22/22"
"워킹데드: 시즌 5: 벽과 지붕이 있는 집","4/21/22"
"워킹데드: 시즌 5: 낯선 사람","4/21/22"
"워킹데드: 시즌 5: 안식처는 없다","4/18/22"
"워킹데드: 시즌 4: 종착역","4/18/22"
"워킹데드: 시즌 4: 우리","4/18/22"
"워킹데드: 시즌 4: 숲 속에서","4/18/22"
"워킹데드: 시즌 4: 혼자","4/17/22"
"워킹데드: 시즌 4: 아직","4/17/22"
"나의 해방일지: 리미티드 시리즈: 3화","4/17/22"
"우리들의 블루스: 리미티드 시리즈: 한수와 은희 3","4/17/22"
"워킹데드: 시즌 4: 새로운 만남","4/16/22"
"워킹데드: 시즌 4: 수감자들","4/16/22"
"워킹데드: 시즌 4: 그 후","4/16/22"
"워킹데드: 시즌 4: 너무 멀리 간 길","4/16/22"
"워킹데드: 시즌 4: 죽음의 무게","4/16/22"
"워킹데드: 시즌 4: 귀환","4/16/22"
"워킹데드: 시즌 4: 억류","4/16/22"
"워킹데드: 시즌 4: 무관심","4/16/22"
"우리들의 블루스: 리미티드 시리즈: 한수와 은희 2","4/16/22"
"우리들의 블루스: 리미티드 시리즈: 한수와 은희 1","4/16/22"
"나의 해방일지: 리미티드 시리즈: 2화","4/16/22"
"나의 해방일지: 리미티드 시리즈: 1화","4/16/22"
"워킹데드: 시즌 4: 격리","4/14/22"
"워킹데드: 시즌 4: 감염","4/14/22"
"워킹데드: 시즌 4: 정찰 임무","4/14/22"
"워킹데드: 시즌 3: 요한복음 5장 29절","4/13/22"
"워킹데드: 시즌 3: 살인 거래","4/13/22"
"워킹데드: 시즌 3: 고문실","4/13/22"
"워킹데드: 시즌 3: 최후 협상","4/13/22"
"워킹데드: 시즌 3: 정화","4/13/22"
"워킹데드: 시즌 3: 독재자의 비밀","4/13/22"
"워킹데드: 시즌 3: 지켜야 할 곳","4/11/22"
"워킹데드: 시즌 3: 전쟁 선포","4/10/22"
"워킹데드: 시즌 3: 처형식","4/10/22"
"워킹데드: 시즌 3: 고문","4/10/22"
"워킹데드: 시즌 3: 전화","4/10/22"
"워킹데드: 시즌 3: 선택","4/10/22"
"워킹데드: 시즌 3: 함정","4/10/22"
"워킹데드: 시즌 3: 거버너","4/10/22"
"워킹데드: 시즌 3: 교도소 폭동","4/9/22"
"워킹데드: 시즌 3: 새로운 전쟁","4/9/22"
"워킹데드: 시즌 2: 꺼져가는 불씨","4/9/22"
"워킹데드: 시즌 2: 인간의 본성","4/9/22"
"워킹데드: 시즌 2: 재판","4/9/22"
"워킹데드: 시즌 2: 29km 밖에서","4/9/22"
"워킹데드: 시즌 2: 방아쇠를 당기는 손가락","4/9/22"
"워킹데드: 시즌 2: 네브래스카","4/9/22"
"워킹데드: 시즌 2: 이미 죽은 자들","4/9/22"
"워킹데드: 시즌 2: 비밀","4/9/22"
"워킹데드: 시즌 2: 추파카브라","4/9/22"
"워킹데드: 시즌 2: 체로키 로즈","4/7/22"
"워킹데드: 시즌 2: 마지막 살아남은 자","4/7/22"
"워킹데드: 시즌 2: 사투","4/7/22"
"워킹데드: 시즌 2: 앞으로 가야 할 길","4/7/22"
"워킹데드: 시즌 1: 실험 대상 19번","4/6/22"
"워킹데드: 시즌 1: 혼란과 공포","4/6/22"
"워킹데드: 시즌 1: 친구들","4/6/22"
"워킹데드: 시즌 1: 셰인의 거짓말","4/6/22"
"워킹데드: 시즌 1: 용기","4/5/22"
"워킹데드: 시즌 1: 사라지다","4/5/22"
"믿을 수 없는 이야기: 리미티드 시리즈: 8화","4/3/22"
"믿을 수 없는 이야기: 리미티드 시리즈: 7화","4/3/22"
"믿을 수 없는 이야기: 리미티드 시리즈: 6화","4/3/22"
"믿을 수 없는 이야기: 리미티드 시리즈: 5화","4/3/22"
"믿을 수 없는 이야기: 리미티드 시리즈: 4화","4/3/22"
"믿을 수 없는 이야기: 리미티드 시리즈: 3화","4/3/22"
"믿을 수 없는 이야기: 리미티드 시리즈: 2화","4/3/22"
"믿을 수 없는 이야기: 리미티드 시리즈: 1화","4/3/22"
"집시: 모건 역","4/2/22"
"집시: 래빗 홀","4/2/22"
"꽃들의 집: 시즌 1: 고통의 꽃","4/2/22"
"꽃들의 집: 시즌 1: 비밀의 꽃","4/2/22"
"페델타: 1화","3/31/22"
"너의 조각들: 8화","3/31/22"
"너의 조각들: 7화","3/29/22"
"너의 조각들: 6화","3/29/22"
"너의 조각들: 5화","3/29/22"
"너의 조각들: 4화","3/27/22"
"너의 조각들: 3화","3/27/22"
"너의 조각들: 2화","3/27/22"
"너의 조각들: 1화","3/27/22"
"금붕어 아내: 금붕어 아내","3/27/22"
"금붕어 아내: 리모델링 아내","3/27/22"
"금붕어 아내: 두통 아내: 후편","3/27/22"
"금붕어 아내: 두통 아내: 전편","3/27/22"
"금붕어 아내: 러닝메이트 아내","3/27/22"
"금붕어 아내: 도시락 아내","3/26/22"
"금붕어 아내: 외주 아내","3/26/22"
"금붕어 아내: 금붕어 아내","3/26/22"
"러시아 인형처럼: 시즌 1: 멋진 해답","3/26/22"
"러시아 인형처럼: 시즌 1: 그날의 기억","3/26/22"
"러시아 인형처럼: 시즌 1: 거울","3/26/22"
"러시아 인형처럼: 시즌 1: 벌 받는 걸까","3/26/22"
"러시아 인형처럼: 시즌 1: 앨런의 밤","3/26/22"
"러시아 인형처럼: 시즌 1: 따뜻한 몸","3/26/22"
"러시아 인형처럼: 시즌 1: 파티 탈출","3/26/22"
"러시아 인형처럼: 시즌 1: 쉬운 게 없어","3/26/22"
"굿 걸스: 시즌 4: 네바다","3/25/22"
"굿 걸스: 시즌 4: 동등하게","3/25/22"
"굿 걸스: 시즌 4: 지지에 감사드려요","3/25/22"
"굿 걸스: 시즌 4: 당신","3/23/22"
"굿 걸스: 시즌 4: 가족이 우선","3/22/22"
"굿 걸스: 시즌 4: 전부 2에 걸어","3/22/22"
"굿 걸스: 시즌 4: 굳건한 마음, 굳건한 판매","3/20/22"
"굿 걸스: 시즌 4: 셰프 보야디","3/20/22"
"굿 걸스: 시즌 4: 고장 난 장난감","3/19/22"
"굿 걸스: 시즌 4: Y'로 쓰는 캐럴린","3/19/22"
"굿 걸스: 시즌 4: 할머니는 그리샴을 좋아해","3/19/22"
"굿 걸스: 시즌 4: 인수인","3/19/22"
"굿 걸스: 시즌 4: 데이브","3/17/22"
"굿 걸스: 시즌 4: 희생양","3/17/22"
"굿 걸스: 시즌 4: 빅 카후나","3/17/22"
"굿 걸스: 시즌 4: 방콕에서의 하룻밤","3/16/22"
"굿 걸스: 시즌 3: 시너지","3/16/22"
"굿 걸스: 시즌 3: 기회","3/16/22"
"굿 걸스: 시즌 3: 동기 부여","3/14/22"
"굿 걸스: 시즌 3: 할머니","3/14/22"
"굿 걸스: 시즌 3: 베이거스, 베이비","3/13/22"
"굿 걸스: 시즌 3: 도리토의 노래","3/13/22"
"굿 걸스: 시즌 3: 작은 인질 오쥬","3/13/22"
"굿 걸스: 시즌 3: 생존자의 자존","3/10/22"
"굿 걸스: 시즌 3: 에그 롤","3/10/22"
"굿 걸스: 시즌 3: 카드 전문점","3/9/22"
"굿 걸스: 시즌 3: 당신의 해변을 찾아서","3/9/22"
"굿 걸스: 시즌 2: 왕국","3/9/22"
"굿 걸스: 시즌 2: 제프","3/9/22"
"굿 걸스: 시즌 2: 사냥철","3/7/22"
"굿 걸스: 시즌 2: 이 땅은 너의 땅","3/7/22"
"굿 걸스: 시즌 2: 마지막으로 한 번만","3/6/22"
"굿 걸스: 시즌 2: 델마와 루이스","3/3/22"
"굿 걸스: 시즌 2: 더비","3/3/22"
"굿 걸스: 시즌 2: 바지 벗어","3/1/22"
"굿 걸스: 시즌 2: 다 팔아 치워!","2/28/22"
"굿 걸스: 시즌 2: 어떤 술 좋아해?","2/25/22"
"굿 걸스: 시즌 2: 음성 메시지로 연결됩니다","2/25/22"
"굿 걸스: 시즌 2: 서행! 어린이 보호 구역","2/23/22"
"굿 걸스: 시즌 2: 감옥보단 낫잖아?","2/21/22"
"굿 걸스: 리믹스","2/20/22"
"굿 걸스: 상어의 계절","2/20/22"
"굿 걸스: 휴업","2/20/22"
"굿 걸스: 특제 소스","2/20/22"
"굿 걸스: 꼭대기에서 내려다보기","2/20/22"
"굿 걸스: 뒷수습을 부탁해","2/20/22"
"굿 걸스: 원자 폭탄","2/20/22"
"굿 걸스: 경계선","2/20/22"
"굿 걸스: 늘어난 돈, 늘어난 말썽","2/19/22"
"굿 걸스: 파일럿 에피소드","2/19/22"
"이 구역의 미친 X: 안녕.","2/17/22"
"이 구역의 미친 X: 너무 아픈 사랑은 사랑이 아니었음을","2/17/22"
"이 구역의 미친 X: 비 갠 후 맑음","2/15/22"
"이 구역의 미친 X: 오늘부터 우리는","2/15/22"
"이 구역의 미친 X: 내 편이 생긴다는 것","2/14/22"
"이 구역의 미친 X: 어쩌면 우리만 정상일지도 몰라","2/14/22"
"이 구역의 미친 X: 빗장쇠가 열리고","2/14/22"
"이 구역의 미친 X: 도망치다","2/13/22"
"이 구역의 미친 X: 크고 사납게 짖지만 여자는 안 무는 개","2/13/22"
"이 구역의 미친 X: 세상에 나쁜 개는 없다","2/13/22"
"이 구역의 미친 X: 살려주세요","2/13/22"
"이 구역의 미친 X: 분노 유발자","2/12/22"
"이 구역의 미친 X: 비가 내리면, 이 구역의 미친X들이 출몰한다","2/12/22"
"오자크: 시즌 4: 정화된 느낌","2/6/22"
"오자크: 시즌 4: 피는 물보다 진하니까","2/6/22"
"오자크: 시즌 4: 개연성","2/6/22"
"오자크: 시즌 4: 주사위를 던져라","2/6/22"
"오자크: 시즌 4: 탐욕의 도시","2/6/22"
"오자크: 시즌 4: 거대한 지구를 돌려라","2/6/22"
"오자크: 시즌 4: 종말의 시작","2/6/22"
"오자크: 시즌 3: 올 인","2/5/22"
"오자크: 시즌 3: 돌아갈 수 없는 길","2/5/22"
"오자크: 시즌 3: 버드 패밀리 재단","2/5/22"
"오자크: 시즌 3: 비상사태","2/5/22"
"오자크: 시즌 3: 즐거운 나의 집","2/5/22"
"오자크: 시즌 3: 돌아온 사나이","2/2/22"
"오자크: 시즌 3: 보스의 게임","2/2/22"
"오자크: 시즌 3: 꿈은 현실이 된다","2/2/22"
"오자크: 시즌 3: 부부 대결","2/2/22"
"오자크: 시즌 3: 전쟁의 시간","2/2/22"
"오자크: 시즌 2: 골드코스트","2/2/22"
"오자크: 시즌 2: 오소리","2/2/22"
"오자크: 시즌 2: 깊은 잠","2/2/22"
"오자크: 시즌 2: 유일한 출구","2/2/22"
"오자크: 시즌 2: 저 밖 어두운 곳","2/1/22"
"오자크: 시즌 2: 결전의 날","2/1/22"
"오자크: 시즌 2: 고립","2/1/22"
"오자크: 시즌 2: 타고난 죄인들","2/1/22"
"오자크: 시즌 2: 예수님의 거룩한 피","1/31/22"
"오자크: 시즌 2: 거래의 조건","1/31/22"
"오자크: 시즌 1: 종과 총","1/31/22"
"오자크: 시즌 1: 블랙 커피","1/30/22"
"오자크: 시즌 1: 시간의 퍼즐","1/29/22"
"오자크: 시즌 1: 불타는 둥지","1/29/22"
"오자크: 시즌 1: 루스의 장부","1/29/22"
"오자크: 시즌 1: 막다른 시간","1/29/22"
"오자크: 시즌 1: 한밤의 임기응변","1/29/22"
"오자크: 시즌 1: 뚝뚝 흩어지는 나의 잠","1/26/22"
"오자크: 시즌 1: 월척을 꿈꾸며","1/26/22"
"오자크: 시즌 1: 추락","1/26/22"
"그 해 우리는: 리미티드 시리즈: 그 해 우리는","1/25/22"
"그 해 우리는: 리미티드 시리즈: 세 얼간이","1/25/22"
"그 해 우리는: 리미티드 시리즈: 인생은 아름다워","1/25/22"
"그 해 우리는: 리미티드 시리즈: Love Actually","1/25/22"
"에밀리, 파리에 가다: 시즌 2: 프랑스 혁명","1/17/22"
"에밀리, 파리에 가다: 시즌 2: 향기 프로젝트","1/17/22"
"에밀리, 파리에 가다: 시즌 2: 샴페인 때문에","1/17/22"
"에밀리, 파리에 가다: 시즌 2: 셰프, 도둑, 유령, 그리고 연인","1/16/22"
"에밀리, 파리에 가다: 시즌 2: 한계점","1/16/22"
"그 해 우리는: 리미티드 시리즈: 비긴 어게인","1/16/22"
"그 해 우리는: 리미티드 시리즈: 우리의 밤은 당신의 낮보다 아름답다","1/16/22"
"그 해 우리는: 리미티드 시리즈: 안녕, 나의 소울 메이트","1/16/22"
"그 해 우리는: 리미티드 시리즈: 저스트 프렌드","1/16/22"
"그 해 우리는: 리미티드 시리즈: 비포 선 셋","1/16/22"
"에밀리, 파리에 가다: 시즌 2: 잉글리쉬맨 인 파리","1/15/22"
"에밀리, 파리에 가다: 시즌 2: 쥴 앤 짐","1/15/22"
"에밀리, 파리에 가다: 시즌 2: 생일 축하해!","1/15/22"
"에밀리, 파리에 가다: 시즌 2: 생트로페에서 생긴 일","1/15/22"
"에밀리, 파리에 가다: 시즌 2: 나랑 잘래요?","1/14/22"
"에밀리, 파리에 가다: 시즌 1: 패션쇼 취소","1/12/22"
"에밀리, 파리에 가다: 시즌 1: 경매 사건","1/12/22"
"에밀리, 파리에 가다: 시즌 1: 복잡한 가족","1/12/22"
"에밀리, 파리에 가다: 시즌 1: 프랑스식 엔딩","1/12/22"
"에밀리, 파리에 가다: 시즌 1: 링가르드","1/11/22"
"에밀리, 파리에 가다: 시즌 1: 가짜 친구","1/11/22"
"에밀리, 파리에 가다: 시즌 1: 키스는 키스일 뿐","1/11/22"
"에밀리, 파리에 가다: 시즌 1: 섹시인가, 성차별인가","1/9/22"
"에밀리, 파리에 가다: 시즌 1: 남성형 여성형","1/9/22"
"에밀리, 파리에 가다: 시즌 1: 파리의 에밀리","1/9/22"
"스테이 클로즈: 리미티드 시리즈: 5화","1/2/22"
"스테이 클로즈: 리미티드 시리즈: 4화","1/2/22"
"스테이 클로즈: 리미티드 시리즈: 3화","1/2/22"
"스테이 클로즈: 리미티드 시리즈: 2화","1/2/22"
"스테이 클로즈: 리미티드 시리즈: 1화","1/2/22"
"그 해 우리는: 리미티드 시리즈: 캐치 미 이프 유 캔","1/2/22"
"그 해 우리는: 리미티드 시리즈: 오만과 편견","1/2/22"
"밤의 여인들: 문을 열고 나가면","12/30/21"
"성균관 스캔들: 시즌 1: 제16강","12/27/21"
"히트 & 런: 사랑과 상실","12/27/21"
"고요의 바다: 고요의 바다","12/26/21"
"고요의 바다: 루나","12/26/21"
"고요의 바다: 구원의 열쇠","12/26/21"
"고요의 바다: 비밀 저장고","12/25/21"
"고요의 바다: 드러나는 진실","12/25/21"
"고요의 바다: 죽음의 이유","12/25/21"
"고요의 바다: 세 개의 저장고","12/25/21"
"고요의 바다: 발해기지","12/25/21"
"그 해 우리는: 리미티드 시리즈: 말 할 수 없는 비밀","12/25/21"
"히트 & 런: 뺑소니 사고","12/19/21"
"화등초상: 파트 1: 5화","12/16/21"
"그 해 우리는: 리미티드 시리즈: 그 시절, 우리가 좋아했던 소녀? 소년?","12/14/21"
"그 해 우리는: 리미티드 시리즈: 내가 널 싫어하는 10가지 이유","12/13/21"
"화등초상: 파트 1: 4화","12/13/21"
"화등초상: 파트 1: 3화","12/11/21"
"화등초상: 파트 1: 2화","12/6/21"
"화등초상: 파트 1: 1화","12/6/21"
"종이의 집: 파트 5: 집안의 가풍","12/6/21"
"종이의 집: 파트 1: 13화","12/6/21"
"종이의 집: 파트 5: 침대 위 대화","12/5/21"
"종이의 집: 파트 5: 품위 이론","12/5/21"
"종이의 집: 파트 5: 희망 사항","12/5/21"
"종이의 집: 파트 5: 탈출의 기회","12/5/21"
"너의 모든 것: 시즌 3: 붉은 깃발","12/5/21"
"너의 모든 것: 시즌 3: 헛스윙","12/5/21"
"너의 모든 것: 시즌 3: 우리 모두 미쳤어","12/5/21"
"너의 모든 것: 시즌 3: 엄마란","12/4/21"
"너의 모든 것: 시즌 3: 숲속으로","12/4/21"
"너의 모든 것: 시즌 3: 손에 손 잡고","12/4/21"
"너의 모든 것: 시즌 3: 백인 여성 실종 신드롬","12/2/21"
"너의 모든 것: 시즌 3: 그래서 난 도끼 부인과 결혼했다","11/29/21"
"너의 모든 것: 시즌 3: 그리고 그들은 영원히 행복하게 살았답니다","11/28/21"
"지옥: 시즌 1: 6화","11/27/21"
"지옥: 시즌 1: 5화","11/27/21"
"지옥: 시즌 1: 4화","11/27/21"
"지옥: 시즌 1: 3화","11/27/21"
"지옥: 시즌 1: 2화","11/27/21"
"지옥: 시즌 1: 1화","11/27/21"
"에일리어니스트: 어둠의 천사: 섬뜩한 애도","11/27/21"
"에일리어니스트: 하늘 위의 성","11/27/21"
"에일리어니스트: 진혼곡","11/21/21"
"에일리어니스트: 성적 정신병질","11/21/21"
"에일리어니스트: 성스러운 자들","11/21/21"
"에일리어니스트: 예수 승천 대축일","11/21/21"
"에일리어니스트: 힐데브란트 찌르레기","11/19/21"
"에일리어니스트: 잔혹한 생각","11/14/21"
"에일리어니스트: 은빛 미소","11/14/21"
"에일리어니스트: 유익한 협력 관계","11/14/21"
"에일리어니스트: 다리 위의 소년","11/14/21"
"장야: 장야1: 3화","11/11/21"
"장야: 장야1: 2화","11/11/21"
"장야: 장야1: 1화","11/11/21"
"삼생삼세 십리도화: 3화","11/11/21"
"삼생삼세 십리도화: 2화","11/11/21"
"삼생삼세 십리도화: 1화","11/11/21"
"조용한 희망: 리미티드 시리즈: 지원군","11/9/21"
"조용한 희망: 리미티드 시리즈: 하늘색","11/9/21"
"조용한 희망: 리미티드 시리즈: 곰 사냥","11/9/21"
"조용한 희망: 리미티드 시리즈: 스트링 치즈","11/7/21"
"조용한 희망: 리미티드 시리즈: M","11/7/21"
"조용한 희망: 리미티드 시리즈: 도둑","11/7/21"
"조용한 희망: 리미티드 시리즈: 캐시미어","11/6/21"
"조용한 희망: 리미티드 시리즈: 바다 유리","11/6/21"
"조용한 희망: 리미티드 시리즈: 조랑말","11/2/21"
"조용한 희망: 리미티드 시리즈: 달러 스토어","11/2/21"
"원헌드레드: 시즌 6: 이상 현상","11/2/21"
"원헌드레드: 시즌 6: 마인드스페이스","11/2/21"
"귀멸의 칼날: 카마도 탄지로 입지편: 새로운 임무","11/2/21"
"귀멸의 칼날: 카마도 탄지로 입지편: 츠구코, 츠유리 카나오","11/2/21"
"귀멸의 칼날: 카마도 탄지로 입지편: 기능 회복 훈련","11/2/21"
"귀멸의 칼날: 카마도 탄지로 입지편: 주합 회의","11/1/21"
"귀멸의 칼날: 카마도 탄지로 입지편: 수장","11/1/21"
"귀멸의 칼날: 카마도 탄지로 입지편: 대율 위반","11/1/21"
"귀멸의 칼날: 카마도 탄지로 입지편: 오합지졸 가족","11/1/21"
"귀멸의 칼날: 카마도 탄지로 입지편: 히노카미","11/1/21"
"귀멸의 칼날: 카마도 탄지로 입지편: 가짜 인연","10/31/21"
"구경이: 리미티드 시리즈: 1화","10/31/21"
"귀멸의 칼날: 카마도 탄지로 입지편: 한 가지 일에 끝장을 봐라","10/30/21"
"귀멸의 칼날: 카마도 탄지로 입지편: 자신이 아닌 누군가를 앞에","10/30/21"
"귀멸의 칼날: 카마도 탄지로 입지편: 나타구모 산","10/30/21"
"귀멸의 칼날: 카마도 탄지로 입지편: 등꽃 가문의 집","10/30/21"
"너를 닮은 사람: 리미티드 시리즈: 사랑은 그렇게 끝나지 않는다","10/30/21"
"너를 닮은 사람: 리미티드 시리즈: 아무도 거짓말 하지 않았다","10/30/21"
"귀멸의 칼날: 카마도 탄지로 입지편: 목숨보다 소중한 것","10/30/21"
"귀멸의 칼날: 카마도 탄지로 입지편: 멧돼지는 이빨을 드러내고 젠이츠는 잠이 든다","10/30/21"
"귀멸의 칼날: 카마도 탄지로 입지편: 장구의 저택","10/30/21"
"귀멸의 칼날: 카마도 탄지로 입지편: 언제나 함께 있어","10/28/21"
"귀멸의 칼날: 카마도 탄지로 입지편: 색실공 혈귀와 화살표 혈귀","10/28/21"
"원헌드레드: 시즌 6: 메멘토 모리","10/26/21"
"원헌드레드: 시즌 6: 조지핀의 가면","10/24/21"
"원헌드레드: 시즌 6: 유리 뒤의 얼굴들","10/22/21"
"원헌드레드: 시즌 6: 개브리엘의 자손들","10/22/21"
"원헌드레드: 시즌 6: 타오르는 붉은 태양","10/22/21"
"원헌드레드: 시즌 6: 새로운 별","10/22/21"
"귀멸의 칼날: 카마도 탄지로 입지편: 환혹의 피 냄새","10/22/21"
"귀멸의 칼날: 카마도 탄지로 입지편: 키부츠지 무잔","10/21/21"
"너를 닮은 사람: 리미티드 시리즈: 나의, 사적인 이야기","10/21/21"
"귀멸의 칼날: 카마도 탄지로 입지편: 혈귀를 데려온 검사","10/17/21"
"귀멸의 칼날: 카마도 탄지로 입지편: 자신의 철","10/17/21"
"귀멸의 칼날: 카마도 탄지로 입지편: 최종 선별","10/17/21"
"귀멸의 칼날: 카마도 탄지로 입지편: 사비토와 마코모","10/17/21"
"귀멸의 칼날: 카마도 탄지로 입지편: 육성자 우로코다키 사콘지","10/17/21"
"귀멸의 칼날: 카마도 탄지로 입지편: 잔혹","10/17/21"
"마이 네임: 8화","10/17/21"
"마이 네임: 7화","10/17/21"
"마이 네임: 6화","10/17/21"
"마이 네임: 5화","10/17/21"
"마이 네임: 4화","10/17/21"
"마이 네임: 3화","10/17/21"
"마이 네임: 1화","10/16/21"
"마이 네임: 2화","10/16/21"
"너를 닮은 사람: 리미티드 시리즈: 너의 이름은","10/16/21"
"트릭: 신작 스페셜: TRICK SPECIAL: 트릭: 신작 스페셜 1","10/15/21"
"너를 닮은 사람: 리미티드 시리즈: 너를 닮은 사람","10/14/21"
"타불라 라사: 기억의 미로: 모두의 운명","10/11/21"
"타불라 라사: 기억의 미로: 알리바이","10/11/21"
"타불라 라사: 기억의 미로: 발신자 미상","10/11/21"
"타불라 라사: 기억의 미로: 공포의 근원","10/11/21"
"타불라 라사: 기억의 미로: 퍼즐의 조각들","10/11/21"
"타불라 라사: 기억의 미로: 진실이 필요한 때","10/11/21"
"타불라 라사: 기억의 미로: 새는 고양이에게","10/10/21"
"타불라 라사: 기억의 미로: 길고양이 후디니","10/10/21"
"타불라 라사: 기억의 미로: 사라진 스펙터","10/9/21"
"아리스 인 보더랜드: 시즌 1: 8화","10/9/21"
"아리스 인 보더랜드: 시즌 1: 7화","10/9/21"
"아리스 인 보더랜드: 시즌 1: 6화","10/9/21"
"아리스 인 보더랜드: 시즌 1: 5화","10/7/21"
"아리스 인 보더랜드: 시즌 1: 4화","10/6/21"
"아리스 인 보더랜드: 시즌 1: 3화","10/6/21"
"아리스 인 보더랜드: 시즌 1: 2화","10/5/21"
"아리스 인 보더랜드: 시즌 1: 1화","10/5/21"
"100만 엔의 여인들: 떠도는 감정","10/3/21"
"100만 엔의 여인들: 마음","10/3/21"
"100만 엔의 여인들: 해산","10/3/21"
"100만 엔의 여인들: 각오","10/3/21"
"100만 엔의 여인들: 이유","10/3/21"
"100만 엔의 여인들: 좋아해","10/2/21"
"100만 엔의 여인들: 평가","10/2/21"
"100만 엔의 여인들: 절대란 없어","10/2/21"
"100만 엔의 여인들: 선택","10/2/21"
"100만 엔의 여인들: 노출","10/2/21"
"100만 엔의 여인들: 가치와 가치관","10/2/21"
"100만 엔의 여인들: 100만 엔의 여인들의 수수께끼","9/29/21"
"종이의 집: 도쿄에서 베를린까지: 1부: 1화","9/29/21"
"방콕 브레이킹: 2화","9/28/21"
"방콕 브레이킹: 1화","9/28/21"
"O.J. 심슨 파일: 아메리칸 크라임 스토리: 평결","9/26/21"
"O.J. 심슨 파일: 아메리칸 크라임 스토리: 하늘의 도움","9/26/21"
"O.J. 심슨 파일: 아메리칸 크라임 스토리: 격리된 배심원단","9/26/21"
"O.J. 심슨 파일: 아메리칸 크라임 스토리: 음모설","9/26/21"
"O.J. 심슨 파일: 아메리칸 크라임 스토리: 마샤, 마샤, 마샤","9/26/21"
"O.J. 심슨 파일: 아메리칸 크라임 스토리: 인종 차별을 이용하다","9/26/21"
"O.J. 심슨 파일: 아메리칸 크라임 스토리: 100% 무죄입니다","9/26/21"
"O.J. 심슨 파일: 아메리칸 크라임 스토리: 드림팀","9/26/21"
"O.J. 심슨 파일: 아메리칸 크라임 스토리: 전력 질주","9/25/21"
"O.J. 심슨 파일: 아메리칸 크라임 스토리: 비극의 시작","9/25/21"
"죄인: 시즌 3: 제이미: 파트 I","9/25/21"
"죄인: 시즌 2: 줄리언: 파트 VIII","9/25/21"
"죄인: 시즌 2: 줄리언: 파트 VII","9/25/21"
"죄인: 시즌 2: 줄리언: 파트 VI","9/25/21"
"죄인: 시즌 2: 줄리언: 파트 V","9/25/21"
"죄인: 시즌 2: 줄리언: 파트 IV","9/25/21"
"죄인: 시즌 2: 줄리언: 파트 III","9/25/21"
"죄인: 시즌 2: 줄리언: 파트 II","9/25/21"
"죄인: 시즌 3: 제이미: 파트 VIII","9/22/21"
"죄인: 시즌 3: 제이미: 파트 VII","9/22/21"
"죄인: 시즌 3: 제이미: 파트 VI","9/22/21"
"죄인: 시즌 3: 제이미: 파트 V","9/22/21"
"죄인: 시즌 3: 제이미: 파트 IV","9/22/21"
"죄인: 시즌 3: 제이미: 파트 III","9/22/21"
"죄인: 시즌 3: 제이미: 파트 II","9/21/21"
"오징어 게임: 시즌 1: 운수 좋은 날","9/21/21"
"오징어 게임: 시즌 1: 프론트맨","9/21/21"
"오징어 게임: 시즌 1: VIPS","9/21/21"
"오징어 게임: 시즌 1: 깐부","9/21/21"
"오징어 게임: 시즌 1: 평등한 세상","9/21/21"
"오징어 게임: 시즌 1: 쫄려도 편먹기","9/21/21"
"오징어 게임: 시즌 1: 우산을 쓴 남자","9/21/21"
"오징어 게임: 시즌 1: 지옥","9/21/21"
"오징어 게임: 시즌 1: 무궁화 꽃이 피던 날","9/21/21"
"너의 모든 것: 시즌 2: 러브, 액츄얼리","9/20/21"
"너의 모든 것: 시즌 2: 사립 탐정 조","9/20/21"
"너의 모든 것: 시즌 2: 베벌리힐스의 공포와 혐오","9/20/21"
"너의 모든 것: 시즌 2: 실존적 위기","9/20/21"
"너의 모든 것: 시즌 2: 안녕, 내 토끼","9/20/21"
"너의 모든 것: 시즌 2: 웰켄드와 함께한 주말","9/20/21"
"너의 모든 것: 시즌 2: 좋은 놈, 나쁜 놈, 이상한 헨디","9/20/21"
"너의 모든 것: 시즌 2: 친구 좋다는 게 뭐야?","9/20/21"
"너의 모든 것: 시즌 2: 몇 가지 비밀","9/20/21"
"너의 모든 것: 시즌 2: 새 출발","9/20/21"
"너의 모든 것: 시즌 1: 푸른 수염의 성","9/19/21"
"너의 모든 것: 시즌 1: 파일럿 에피소드","9/19/21"
"너의 모든 것: 시즌 1: 나는 뉴욕의 착한 남자","9/19/21"
"너의 모든 것: 시즌 1: 캔디스","9/19/21"
"너의 모든 것: 시즌 1: 베이비","9/19/21"
"너의 모든 것: 시즌 1: 완전관계","9/19/21"
"너의 모든 것: 시즌 1: 광란의 사랑","9/19/21"
"너의 모든 것: 시즌 1: 적은 가까이에","9/19/21"
"너의 모든 것: 시즌 1: 캡틴","9/19/21"
"너의 모든 것: 시즌 1: 썸남","9/19/21"
"종이의 집: 파트 5: 아주 많은 삶","9/15/21"
"종이의 집: 파트 5: 천국의 네 자리","9/15/21"
"종이의 집: 파트 5: 잘들 구경해!","9/15/21"
"종이의 집: 파트 5: 환생을 믿어?","9/15/21"
"종이의 집: 파트 5: 막다른 길","9/15/21"
"종이의 집: 파트 4: 파리 계획","9/14/21"
"종이의 집: 파트 4: 텐트 공격","9/14/21"
"종이의 집: 파트 4: TKO 패","9/14/21"
"종이의 집: 파트 4: 5분 전","9/14/21"
"종이의 집: 파트 4: 예행연습","9/14/21"
"종이의 집: 파트 4: 사랑의 표현","9/14/21"
"종이의 집: 파트 4: 베를린의 결혼식","9/14/21"
"종이의 집: 파트 4: 게임 오버","9/13/21"
"종이의 집: 파트 3: 혼돈","9/13/21"
"종이의 집: 파트 3: 짧은 휴가","9/13/21"
"종이의 집: 파트 3: 불가능한 일","9/13/21"
"종이의 집: 파트 3: 쾅, 쾅, 잘 가","9/13/21"
"종이의 집: 파트 3: 돌고래 투입","9/13/21"
"종이의 집: 파트 3: 지하 48m","9/13/21"
"종이의 집: 파트 3: 합기도","9/12/21"
"종이의 집: 파트 3: 우리가 돌아왔다","9/12/21"
"종이의 집: 파트 2: 9화","9/12/21"
"종이의 집: 파트 2: 8화","9/12/21"
"종이의 집: 파트 2: 7화","9/12/21"
"종이의 집: 파트 2: 6화","9/12/21"
"종이의 집: 파트 2: 5화","9/12/21"
"종이의 집: 파트 2: 4화","9/12/21"
"종이의 집: 파트 2: 3화","9/12/21"
"종이의 집: 파트 2: 2화","9/12/21"
"종이의 집: 파트 2: 1화","9/11/21"
"종이의 집: 파트 1: 12화","9/11/21"
"종이의 집: 파트 1: 11화","9/11/21"
"종이의 집: 파트 1: 10화","9/11/21"
"종이의 집: 파트 1: 9화","9/11/21"
"종이의 집: 파트 1: 8화","9/10/21"
"종이의 집: 파트 1: 7화","9/10/21"
"종이의 집: 파트 1: 6화","9/10/21"
"종이의 집: 파트 1: 5화","9/10/21"
"종이의 집: 파트 1: 4화","9/10/21"
"슬기로운 의사생활: 시즌 2: 11화","9/10/21"
"슬기로운 의사생활: 시즌 2: 10화","9/10/21"
"종이의 집: 파트 1: 3화","9/9/21"
"종이의 집: 파트 1: 2화","9/9/21"
"종이의 집: 파트 1: 1화","9/9/21"
"결백: 리미티드 시리즈: 8화","9/1/21"
"결백: 리미티드 시리즈: 7화","9/1/21"
"결백: 리미티드 시리즈: 6화","9/1/21"
"결백: 리미티드 시리즈: 5화","9/1/21"
"결백: 리미티드 시리즈: 4화","8/31/21"
"결백: 리미티드 시리즈: 3화","8/31/21"
"결백: 리미티드 시리즈: 1화","8/29/21"
"결백: 리미티드 시리즈: 2화","8/29/21"
"기묘한 이야기: 기묘한 이야기 2: 제9장 문","8/23/21"
"기묘한 이야기: 기묘한 이야기 2: 제8장 마인드 플레이어","8/23/21"
"기묘한 이야기: 기묘한 이야기 2: 제7장 잃어버린 소녀","8/23/21"
"기묘한 이야기: 기묘한 이야기 2: 제6장 스파이","8/22/21"
"기묘한 이야기: 기묘한 이야기 2: 제5장 딕 덕","8/22/21"
"기묘한 이야기: 기묘한 이야기 2: 제4장 현자 윌","8/22/21"
"기묘한 이야기: 기묘한 이야기 2: 제3장 올챙이","8/22/21"
"기묘한 이야기: 기묘한 이야기 2: 제2장 핼러윈의 괴물","8/22/21"
"기묘한 이야기: 기묘한 이야기 2: 제1장 매드 맥스","8/22/21"
"기묘한 이야기: 제8장: 뒤집힌 곳","8/22/21"
"기묘한 이야기: 제7장: 욕조","8/22/21"
"기묘한 이야기: 제6장: 괴물","8/22/21"
"기묘한 이야기: 제5장: 벼룩과 곡예사","8/22/21"
"기묘한 이야기: 제4장: 시체","8/22/21"
"기묘한 이야기: 제3장: 홀리, 졸리","8/22/21"
"기묘한 이야기: 제2장: 메이플가의 이상한 아이","8/22/21"
"기묘한 이야기: 제1장: 윌 바이어스의 실종","8/22/21"
"베르사유: 7화","8/16/21"
"베르사유: 6화","8/16/21"
"베르사유: 5화","8/16/21"
"베르사유: 4화","8/16/21"
"베르사유: 3화","8/16/21"
"베르사유: 2화","8/16/21"
"베르사유: 1화","8/16/21"
"마르세유: 시즌 2: 정의","8/15/21"
"마르세유: 시즌 2: 체념","8/15/21"
"마르세유: 시즌 2: 분열","8/15/21"
"마르세유: 시즌 2: 포기","8/15/21"
"슬기로운 의사생활: 시즌 2: 8화","8/14/21"
"슬기로운 의사생활: 시즌 2: 7화","8/14/21"
"마르세유: 시즌 2: 반격","8/6/21"
"마르세유: 시즌 2: 정복","8/6/21"
"마르세유: 시즌 2: 우세","8/6/21"
"마르세유: 시즌 2: 위증","8/6/21"
"마르세유: 시즌 1: 결전","8/3/21"
"마르세유: 시즌 1: 선거 전쟁","8/3/21"
"마르세유: 시즌 1: 냉혹한 자유와 평등","8/3/21"
"마르세유: 시즌 1: 대결","8/3/21"
"마르세유: 시즌 1: 세뇌","8/2/21"
"마르세유: 시즌 1: 악어","8/2/21"
"마르세유: 시즌 1: 허수아비","8/2/21"
"마르세유: 시즌 1: 20년","8/2/21"
"신은 나에게 직장을 주어야 했다: 리미티드 시리즈: 6화","8/1/21"
"신은 나에게 직장을 주어야 했다: 리미티드 시리즈: 5화","8/1/21"
"신은 나에게 직장을 주어야 했다: 리미티드 시리즈: 4화","8/1/21"
"신은 나에게 직장을 주어야 했다: 리미티드 시리즈: 3화","8/1/21"
"신은 나에게 직장을 주어야 했다: 리미티드 시리즈: 2화","8/1/21"
"신은 나에게 직장을 주어야 했다: 리미티드 시리즈: 1화","8/1/21"
"미디어 재판: 지하철 자경대","8/1/21"
"미디어 재판: 죽음의 토크쇼","8/1/21"
"미다스의 노예들: 리미티드 시리즈: 투쟁","8/1/21"
"미다스의 노예들: 리미티드 시리즈: 출구","8/1/21"
"미다스의 노예들: 리미티드 시리즈: 균열","8/1/21"
"미다스의 노예들: 리미티드 시리즈: 죄책감","7/31/21"
"미다스의 노예들: 리미티드 시리즈: 무고한 사람들","7/31/21"
"미다스의 노예들: 리미티드 시리즈: 딜레마","7/31/21"
"엘 차포: 터널 킹: 시즌 1: 2화","7/31/21"
"엘 차포: 터널 킹: 시즌 1: 1화","7/31/21"
"살인 없는 땅: 드래곤플라이 (파트 1)","7/30/21"
"살인 없는 땅: 인형의 집 (파트 3)","7/30/21"
"살인 없는 땅: 인형의 집 (파트 2)","7/30/21"
"살인 없는 땅: 인형의 집 (파트 1)","7/29/21"
"7초: 리미티드 시리즈: 파일럿 에피소드","7/29/21"
"7초: 리미티드 시리즈: 소년, 자전거 그리고 갈매기","7/29/21"
"7초: 리미티드 시리즈: 사라진 목격자","7/29/21"
"7초: 리미티드 시리즈: 곤경은 면했지만","7/29/21"
"7초: 리미티드 시리즈: 악마를 봉인하라","7/29/21"
"7초: 리미티드 시리즈: 뜻대로 될 때까지","7/28/21"
"7초: 리미티드 시리즈: 신의 핏줄, 인간의 자식","7/28/21"
"7초: 리미티드 시리즈: 죽음이 남긴 그림자","7/28/21"
"7초: 리미티드 시리즈: 삶과 죽음의 미로","7/27/21"
"7초: 리미티드 시리즈: 천사의 숨소리","7/26/21"
"마르첼라: 시즌 1: 1화","7/26/21"
"킹덤: 아신전","7/26/21"
"프로이트의 살인 해석: 욕망","7/26/21"
"프로이트의 살인 해석: 토템과 터부","7/26/21"
"프로이트의 살인 해석: 몽유","7/26/21"
"프로이트의 살인 해석: 트라우마","7/26/21"
"프로이트의 살인 해석: 히스테리","7/24/21"
"슬기로운 의사생활: 시즌 2: 6화","7/24/21"
"슬기로운 의사생활: 시즌 2: 5화","7/24/21"
"섹스/라이프: 시즌 1: 여기는 어디일까","7/24/21"
"섹스/라이프: 시즌 1: 교외의 뜨거운 밤","7/24/21"
"섹스/라이프: 시즌 1: 즐거운 우리 집","7/24/21"
"섹스/라이프: 시즌 1: 네 사람의 저녁 식사","7/24/21"
"섹스/라이프: 시즌 1: 뉴욕에서 그녀는","7/24/21"
"섹스/라이프: 시즌 1: 폭풍의 날들을 기억하며","7/24/21"
"섹스/라이프: 시즌 1: 한밤의 지하철역에서","7/24/21"
"섹스/라이프: 시즌 1: 그녀는 코네티컷의 주부","7/21/21"
"블러드라인: 시즌 1: 파트 3","7/18/21"
"블러드라인: 시즌 1: 파트 2","7/18/21"
"블러드라인: 시즌 1: 파트 1","7/18/21"
"유나바머: 그가 입을 열다: 리미티드 시리즈: 4화","7/18/21"
"유나바머: 그가 입을 열다: 리미티드 시리즈: 3화","7/18/21"
"유나바머: 그가 입을 열다: 리미티드 시리즈: 2화","7/18/21"
"유나바머: 그가 입을 열다: 리미티드 시리즈: 1화","7/18/21"
"맨헌트: 유나바머: 순수한 우더","7/17/21"
"맨헌트: 유나바머: 유나밤 전담반","7/17/21"
"맨헌트: 유나바머: 재판","7/17/21"
"맨헌트: 유나바머: 링컨","7/17/21"
"맨헌트: 유나바머: 테드","7/17/21"
"맨헌트: 유나바머: 은신처","7/17/21"
"맨헌트: 유나바머: 발표가 아니면 죽음을","7/17/21"
"맨헌트: 유나바머: 독수독과","7/17/21"
"진실의 늪: 3화","7/12/21"
"진실의 늪: 2화","7/12/21"
"진실의 늪: 1화","7/12/21"
"진실의 늪: 진실의 늪 1997: 6화","7/12/21"
"진실의 늪: 진실의 늪 1997: 5화","7/12/21"
"진실의 늪: 진실의 늪 1997: 1화","7/12/21"
"진실의 늪: 진실의 늪 1997: 4화","7/12/21"
"진실의 늪: 진실의 늪 1997: 3화","7/12/21"
"진실의 늪: 진실의 늪 1997: 2화","7/12/21"
"신성한 게임: 시즌 2: 세상을 구할 시간","7/11/21"
"신성한 게임: 시즌 2: 파괴의 신","7/11/21"
"신성한 게임: 시즌 2: 뭄바이의 희생","7/11/21"
"신성한 게임: 시즌 2: 순수의 시대","7/11/21"
"신성한 게임: 시즌 2: 악마의 묘약","7/11/21"
"신성한 게임: 시즌 2: 자만의 최후","7/11/21"
"신성한 게임: 시즌 2: 모든 질문의 답","7/2/21"
"블랙 리스트: 시즌 8: 고드윈 페이지 (141번)","7/2/21"
"블랙 리스트: 시즌 8: 밸서자 비노 베이커 (129번)","7/2/21"
"블랙 리스트: 시즌 8: 프로티언 (36번)","7/2/21"
"슬기로운 의사생활: 시즌 2: 3화","7/2/21"
"신성한 게임: 시즌 2: 시작은 물고기","6/27/21"
"신성한 게임: 시즌 1: 게임의 대가","6/27/21"
"신성한 게임: 시즌 1: 무고한 자들","6/27/21"
"신성한 게임: 시즌 1: 끝없는 갈증","6/27/21"
"신성한 게임: 시즌 1: 내가 유일신이니","6/27/21"
"신성한 게임: 시즌 1: 광기의 역사","6/27/21"
"신성한 게임: 시즌 1: 혼돈의 서막","6/27/21"
"신성한 게임: 시즌 1: 쓰레기 왕국","6/27/21"
"신성한 게임: 시즌 1: 게임의 시작","6/26/21"
"모노가미: 진실게임","6/19/21"
"모노가미: 손에 힘을 빼고","6/19/21"
"모노가미: 나쁜 선택과 더 나쁜 선택","6/19/21"
"모노가미: 자신에게 진실하라","6/19/21"
"오펀 블랙: 시즌 2: 키라를 찾아서","6/15/21"
"오펀 블랙: 무서운 진실","6/15/21"
"오펀 블랙: 기적의 아이","6/15/21"
"오펀 블랙: 지키고 싶은 것들","6/14/21"
"오펀 블랙: 쫓는 자와 쫓기는 자","6/14/21"
"오펀 블랙: 두 얼굴의 친구","6/14/21"
"오펀 블랙: 감시자의 눈","6/13/21"
"오펀 블랙: 화가 난 천사","6/13/21"
"오펀 블랙: 미궁 속으로","6/13/21"
"오펀 블랙: 또 다른 나","6/13/21"
"오펀 블랙: 사건의 시작","6/13/21"
"블랙 리스트: 시즌 8: 이반 스테파노프 (5번)","6/13/21"
"뤼팽: 파트 2: 챕터 10","6/12/21"
"뤼팽: 파트 2: 챕터 9","6/12/21"
"뤼팽: 파트 2: 챕터 8","6/12/21"
"뤼팽: 파트 2: 챕터 7","6/12/21"
"뤼팽: 파트 2: 챕터 6","6/12/21"
"뤼팽: 파트 1: 챕터 5","6/12/21"
"뤼팽: 파트 1: 챕터 4","6/12/21"
"뤼팽: 파트 1: 챕터 3","6/12/21"
"뤼팽: 파트 1: 챕터 2","6/12/21"
"뤼팽: 파트 1: 챕터 1","6/12/21"
"블랙 리스트: 시즌 8: 니컬러스 오븐레이더 (133번)","6/7/21"
"블랙 리스트: 시즌 8: 러시아 매듭","6/6/21"
"괴물: 리미티드 시리즈: 16화","6/6/21"
"괴물: 리미티드 시리즈: 15화","6/6/21"
"괴물: 리미티드 시리즈: 14화","6/6/21"
"괴물: 리미티드 시리즈: 13화","6/6/21"
"괴물: 리미티드 시리즈: 12화","6/6/21"
"괴물: 리미티드 시리즈: 11화","6/6/21"
"괴물: 리미티드 시리즈: 10화","6/6/21"
"괴물: 리미티드 시리즈: 9화","6/5/21"
"괴물: 리미티드 시리즈: 8화","6/5/21"
"괴물: 리미티드 시리즈: 7화","6/5/21"
"괴물: 리미티드 시리즈: 6화","6/2/21"
"괴물: 리미티드 시리즈: 5화","5/31/21"
"괴물: 리미티드 시리즈: 4화","5/31/21"
"괴물: 리미티드 시리즈: 3화","5/30/21"
"스파르타쿠스: 피와 모래: 성년식","5/30/21"
"스파르타쿠스: 피와 모래: 음탕한 여자","5/30/21"
"스파르타쿠스: 피와 모래: 형제의 표시","5/30/21"
"스파르타쿠스: 피와 모래: 나는 스파르타쿠스다","5/30/21"
"스파르타쿠스: 피와 모래: 소중한 사람","5/30/21"
"스파르타쿠스: 피와 모래: 죽음의 그림자","5/30/21"
"스파르타쿠스: 피와 모래: 지옥","5/30/21"
"스파르타쿠스: 피와 모래: 전설","5/30/21"
"블랙 리스트: 시즌 8: 이길 수 없는 게임","5/22/21"
"섹시파이: 시즌 1: 8화","5/19/21"
"섹시파이: 시즌 1: 7화","5/19/21"
"섹시파이: 시즌 1: 6화","5/19/21"
"섹시파이: 시즌 1: 5화","5/19/21"
"섹시파이: 시즌 1: 4화","5/19/21"
"섹시파이: 시즌 1: 3화","5/19/21"
"섹시파이: 시즌 1: 2화","5/19/21"
"섹시파이: 시즌 1: 1화","5/19/21"
"로스트 인 스페이스: 시즌 1: 이주자","5/19/21"
"러브 앤 아나키: 시즌 1: 나는 이제 숲이다","5/19/21"
"러브 앤 아나키: 시즌 1: 움트는 뿌리","5/19/21"
"러브 앤 아나키: 시즌 1: 후폭풍","5/19/21"
"러브 앤 아나키: 시즌 1: 북페어에서 생긴 일","5/19/21"
"러브 앤 아나키: 시즌 1: 목표는 정규직","5/19/21"
"러브 앤 아나키: 시즌 1: 스트리머스","5/16/21"
"러브 앤 아나키: 시즌 1: 깜짝 미션","5/16/21"
"러브 앤 아나키: 시즌 1: 모든 일의 시작","5/16/21"
"퀸스 갬빗 비하인드 스토리","5/16/21"
"블랙 리스트: 시즌 8: 앤","5/16/21"
"언더커버: 시즌 2: 전쟁","5/16/21"
"언더커버: 시즌 2: 자백","5/16/21"
"언더커버: 시즌 2: 막다른 길","5/16/21"
"언더커버: 시즌 2: 엔리코와의 거래","5/16/21"
"언더커버: 시즌 2: 빅토르","5/15/21"
"언더커버: 시즌 2: 혁명","5/15/21"
"언더커버: 시즌 2: 트로이 목마 작전","5/12/21"
"언더커버: 시즌 2: 솔저스 오브 러브","5/11/21"
"언더커버: 시즌 2: 펜타곤","5/11/21"
"언더커버: 시즌 2: 엘도라도","5/9/21"
"언더커버: 시즌 1: 결혼식","5/9/21"
"언더커버: 시즌 1: 바닥을 딛고","5/9/21"
"언더커버: 시즌 1: 새로운 세상","5/9/21"
"언더커버: 시즌 1: 위기의 경찰","5/8/21"
"언더커버: 시즌 1: 사이렌","5/8/21"
"언더커버: 시즌 1: 선을 넘다","5/6/21"
"언더커버: 시즌 1: 1보 전진 2보 후퇴","5/6/21"
"언더커버: 시즌 1: 이탈리아인의 마약","5/6/21"
"언더커버: 시즌 1: 살얼음판의 나날","5/5/21"
"언더커버: 시즌 1: 캠핑장 이웃","5/5/21"
"블랙 리스트: 시즌 8: 라키틴 (28번)","5/5/21"
"블랙 리스트: 시즌 8: 키드 선장 (96번)","5/5/21"
"뉴 암스테르담: 시즌 2: 시간의 문제","5/5/21"
"뉴 암스테르담: 시즌 2: 이륙","5/5/21"
"뉴 암스테르담: 시즌 2: 각자의 관점","5/5/21"
"뉴 암스테르담: 시즌 2: 이중맹검","5/4/21"
"뉴 암스테르담: 시즌 2: 안식일","5/4/21"
"뉴 암스테르담: 시즌 2: 공동묘지에서","5/4/21"
"뉴 암스테르담: 시즌 2: 14년, 2개월, 8일","4/28/21"
"뉴 암스테르담: 시즌 2: 웃음 뒤에 숨다","4/28/21"
"뉴 암스테르담: 시즌 2: 코드 실버","4/26/21"
"뉴 암스테르담: 시즌 2: 섬","4/25/21"
"뉴 암스테르담: 시즌 2: 마음이 원하는 것","4/25/21"
"뉴 암스테르담: 시즌 2: 훌륭한 병사","4/24/21"
"뉴 암스테르담: 시즌 2: 의로운 오른손","4/24/21"
"로스쿨: 4화","4/24/21"
"로스쿨: 3화","4/24/21"
"뉴 암스테르담: 시즌 2: 카르만 선","4/22/21"
"뉴 암스테르담: 시즌 2: 공통분모","4/21/21"
"뉴 암스테르담: 시즌 2: 교체","4/21/21"
"뉴 암스테르담: 시즌 2: 큰 그림","4/21/21"
"뉴 암스테르담: 시즌 2: 당신 차례야","4/20/21"
"뉴 암스테르담: 루나","4/20/21"
"뉴 암스테르담: 끝이 아니야","4/19/21"
"뉴 암스테르담: 막을 수 있었을까","4/19/21"
"뉴 암스테르담: 행복","4/19/21"
"뉴 암스테르담: 서쪽으로 8km","4/18/21"
"뉴 암스테르담: 안식처","4/17/21"
"뉴 암스테르담: 검을 든 왕","4/17/21"
"뉴 암스테르담: 죽었다호마","4/17/21"
"뉴 암스테르담: 버림받은 이들","4/17/21"
"뉴 암스테르담: 우울","4/17/21"
"뉴 암스테르담: 아니마 솔라","4/17/21"
"뉴 암스테르담: 빈 자리","4/16/21"
"뉴 암스테르담: 6분과 7분의 차이","4/11/21"
"뉴 암스테르담: 얼마나 오래 걸리든","4/11/21"
"뉴 암스테르담: 세 개의 점","4/11/21"
"뉴 암스테르담: 도미노 효과","4/11/21"
"블랙 리스트: 시즌 8: 레이큰 페릴로스 박사 (70번)","4/11/21"
"뉴 암스테르담: 위기 그리고 원인","4/10/21"
"뉴 암스테르담: 총상","4/10/21"
"뉴 암스테르담: 경계","4/10/21"
"뉴 암스테르담: 급박한 순간들","4/7/21"
"뉴 암스테르담: 의식","4/6/21"
"뉴 암스테르담: 파일럿 에피소드","4/6/21"
"과학, 지식 릴레이","4/6/21"
"앱스트랙트: 디자인의 미학: 시즌 2: 네리 옥스만: 자연을 품은 건축","4/4/21"
"앱스트랙트: 디자인의 미학: 시즌 2: 올라푸르 엘리아손: 세상을 보는 예술","4/4/21"
"블랙 리스트: 시즌 8: 시라노이드 (35번)","4/4/21"
"블랙 리스트: 시즌 8: 오그던 그릴리 (40번)","4/4/21"
"블랙 리스트: 시즌 8: 화학 메리 (143번)","4/4/21"
"블랙 리스트: 시즌 8: 웰스톤 에이전시 (127번)","4/4/21"
"블랙 리스트: 시즌 8: 프리부르 컨피던스 (140번)","4/4/21"
"블랙 리스트: 시즌 8: 엘리자베스 킨 (1번)","4/4/21"
"블랙 리스트: 시즌 8: 454g","4/4/21"
"슈츠: 시즌 9: 마지막 한판","4/4/21"
"슈츠: 시즌 9: 호통쳐 물리친다","4/4/21"
"슈츠: 시즌 9: 죄수의 딜레마","4/4/21"
"슈츠: 시즌 9: 경관 도로","4/3/21"
"슈츠: 시즌 9: 어떻게 해서든","4/3/21"
"슈츠: 시즌 9: 구두가 맞는다면","4/3/21"
"슈츠: 시즌 9: 카이로","4/3/21"
"슈츠: 시즌 9: 풍차","4/1/21"
"슈츠: 시즌 9: 특별 지휘권자","4/1/21"
"슈츠: 시즌 9: 모든 게 달라졌어","4/1/21"
"슈츠: 시즌 8: 하비","4/1/21"
"슈츠: 시즌 8: 들러리","3/31/21"
"슈츠: 시즌 8: 닮은꼴","3/28/21"
"슈츠: 시즌 8: 모두를 위한 선택","3/28/21"
"슈츠: 시즌 8: 고래 사냥","3/28/21"
"슈츠: 시즌 8: 록키 8","3/28/21"
"슈츠: 시즌 8: 경영 파트너","3/28/21"
"슈츠: 시즌 8: 연기 신청","3/27/21"
"슈츠: 시즌 8: 발목을 잡는 과거","3/27/21"
"연애의 목적","3/27/21"
"해피엔드","3/27/21"
"펜트하우스 코끼리","3/27/21"
"슈츠: 시즌 8: 신 포도?","3/25/21"
"슈츠: 시즌 8: 고양이, 발레, 하비 스펙터","3/25/21"
"슈츠: 시즌 8: 진흙 마사지","3/25/21"
"슈츠: 시즌 8: 평당 수익을 보고하라고?","3/25/21"
"슈츠: 시즌 8: 약속은 약속","3/25/21"
"슈츠: 시즌 8: 서열 정리","3/25/21"
"슈츠: 시즌 8: 오른팔, 전장에 나서다","3/25/21"
"슈츠: 시즌 7: 안녕","3/24/21"
"슈츠: 시즌 7: 작은 바이올린","3/24/21"
"슈츠: 시즌 7: 골기퍼 당기기","3/24/21"
"슈츠: 시즌 7: 불가피한","3/21/21"
"슈츠: 시즌 7: 나쁜 남자","3/21/21"
"슈츠: 시즌 7: 냉엄한 진실","3/21/21"
"슈츠: 시즌 7: 도나","3/21/21"
"슈츠: 시즌 7: 수치심","3/20/21"
"슈츠: 시즌 7: 100","3/20/21"
"슈츠: 시즌 7: 폭로","3/20/21"
"슈츠: 시즌 7: 누워서 침 뱉기","3/20/21"
"슈츠: 시즌 7: 브루클린 주택","3/20/21"
"슈츠: 시즌 7: 분할 정복 전략","3/20/21"
"슈츠: 시즌 7: 악몽","3/20/21"
"슈츠: 시즌 7: 동상","3/20/21"
"슈츠: 시즌 7: 재즈의 대가들","3/20/21"
"슈츠: 시즌 6: 최후의 심판","3/20/21"
"슈츠: 시즌 6: 생존 게임","3/19/21"
"슈츠: 시즌 6: 유죄 인정","3/19/21"
"슈츠: 시즌 6: 치아, 코, 치아","3/19/21"
"슈츠: 시즌 6: 그림","3/19/21"
"슈츠: 시즌 6: 빈 자리","3/19/21"
"슈츠: 시즌 6: 부활","3/18/21"
"슈츠: 시즌 6: 구원의 손길","3/18/21"
"슈츠: 시즌 6: 시간 벌기","3/18/21"
"슈츠: 시즌 6: 나무를 흔들어라","3/18/21"
"슈츠: 시즌 6: 스페인","3/17/21"
"슈츠: 시즌 6: 신뢰","3/16/21"
"슈츠: 시즌 6: 은밀한 거래","3/15/21"
"슈츠: 시즌 6: 기사회생","3/15/21"
"슈츠: 시즌 6: 손해 배상","3/14/21"
"슈츠: 시즌 6: 고생을 위하여","3/14/21"
"슈츠: 시즌 5: 너무 늦게 내린 결정","3/14/21"
"슈츠: 시즌 5: 시한 폭탄","3/14/21"
"슈츠: 시즌 5: 자기 변호","3/14/21"
"슈츠: 시즌 5: 곤란한 상황","3/14/21"
"슈츠: 시즌 5: 원투 펀치","3/14/21"
"슈츠: 시즌 5: 역류","3/14/21"
"슈츠: 시즌 5: 믿음","3/13/21"
"슈츠: 시즌 5: 초대받지 않은 손님","3/12/21"
"슈츠: 시즌 5: 과실 인정","3/12/21"
"슈츠: 시즌 5: 가슴에 와 닿아","3/12/21"
"슈츠: 시즌 5: 특혜","3/12/21"
"슈츠: 시즌 5: 정면","3/12/21"
"슈츠: 시즌 5: 나는 할 수 없어","3/10/21"
"슈츠: 시즌 5: 리필 불가","3/9/21"
"슈츠: 시즌 5: 보상","3/9/21"
"슈츠: 시즌 5: 거부","3/9/21"
"슈츠: 시즌 4: 얼굴만 반반한 게 아니고","3/8/21"
"슈츠: 시즌 4: 의도","3/8/21"
"슈츠: 시즌 4: 탈선","3/8/21"
"슈츠: 시즌 4: 갈림길","3/7/21"
"슈츠: 시즌 4: 존경","3/7/21"
"슈츠: 시즌 4: 더 이상은 안 돼","3/7/21"
"슈츠: 시즌 4: 여기가 로마다","3/7/21"
"슈츠: 시즌 4: 증발","3/7/21"
"슈츠: 시즌 4: 노출","3/7/21"
"슈츠: 시즌 4: 그만 두자","3/7/21"
"슈츠: 시즌 4: 머그잔의 구세주","3/7/21"
"슈츠: 시즌 4: 무리한 요구","3/7/21"
"슈츠: 시즌 4: 영향력","3/7/21"
"슈츠: 시즌 4: 더러운 전법","3/6/21"
"슈츠: 시즌 4: 조식, 중식 그리고 석식","3/6/21"
"슈츠: 시즌 4: 하나, 둘, 셋, 출발...","3/6/21"
"슈츠: 시즌 3: 막다른 길","3/5/21"
"슈츠: 시즌 3: 퇴진","3/5/21"
"슈츠: 시즌 3: 속쓰림","3/5/21"
"슈츠: 시즌 3: 논쟁점","3/5/21"
"슈츠: 시즌 3: 과거","3/3/21"
"슈츠: 시즌 3: 묻혀진 비밀","3/3/21"
"슈츠: 시즌 3: 소중한 사람","3/3/21"
"슈츠: 시즌 3: 불성실한 협상","3/2/21"
"슈츠: 시즌 3: 종반전","3/2/21"
"슈츠: 시즌 3: 고양이의 양육권","3/2/21"
"슈츠: 시즌 3: 다른 때","3/2/21"
"슈츠: 시즌 3: 의심의 여지","3/2/21"
"슈츠: 시즌 3: 이해 상충","3/2/21"
"슈츠: 시즌 3: 미결 사항","3/1/21"
"슈츠: 시즌 3: 해빙","3/1/21"
"슈츠: 시즌 3: 협의","3/1/21"
"슈츠: 시즌 2: 전쟁","3/1/21"
"슈츠: 시즌 2: 노르망디","3/1/21"
"슈츠: 시즌 2: 그가 돌아왔다","3/1/21"
"슈츠: 시즌 2: 제인 대 제인","3/1/21"
"슈츠: 시즌 2: 취약점 공격","3/1/21"
"슈츠: 시즌 2: 사각지대","3/1/21"
"슈츠: 시즌 2: 정오","3/1/21"
"슈츠: 시즌 2: 별표","3/1/21"
"슈츠: 시즌 2: 회상","3/1/21"
"슈츠: 시즌 2: 불시의 타격","3/1/21"
"슈츠: 시즌 2: 올인","2/28/21"
"슈츠: 시즌 2: 중단 지점","2/28/21"
"슈츠: 시즌 2: 증거조사","2/28/21"
"슈츠: 시즌 2: 새로운 상사","2/28/21"
"슈츠: 시즌 2: 선택","2/28/21"
"슈츠: 시즌 2: 그녀는 알고 있다","2/28/21"
"슈츠: 시즌 1: 치열한 싸움","2/28/21"
"슈츠: 시즌 1: 게임의 법칙","2/28/21"
"슈츠: 시즌 1: 유효기간","2/27/21"
"슈츠: 시즌 1: 승률 100%","2/27/21"
"슈츠: 시즌 1: 정체성 위기","2/27/21"
"슈츠: 시즌 1: 남자답게 행동해라","2/27/21"
"슈츠: 시즌 1: 업계의 비결","2/27/21"
"슈츠: 시즌 1: 보석금","2/27/21"
"슈츠: 시즌 1: 숨기고 싶은 비밀","2/27/21"
"슈츠: 시즌 1: 유리한 입장","2/27/21"
"슈츠: 시즌 1: 과실 및 태만","2/27/21"
"슈츠: 시즌 1: 파일럿 파트 1 & 2","2/27/21"
"시카리오: 데이 오브 솔다도","2/27/21"
"돈","2/27/21"
"라이프 인 스페이스: 지구의 이웃을 찾아","2/26/21"
"익스플레인: 뇌를 해설하다: 시즌 1: 꿈의 비밀","2/26/21"
"익스플레인: 뇌를 해설하다: 시즌 1: 인간의 기억","2/26/21"
"인간중독","2/24/21"
"히스토리 101: 시즌 1: 중국의 부상","2/24/21"
"히스토리 101: 시즌 1: 패스트푸드","2/23/21"
"시카리오: 암살자의 도시","2/23/21"
"유혹","2/23/21"
"은하","2/23/21"
"밀애","2/23/21"
"쌍화점","2/22/21"
"홈랜드: 시즌 8: 전쟁 포로","2/22/21"
"홈랜드: 시즌 8: 영어 선생님","2/22/21"
"홈랜드: 시즌 8: 지정 운전자","2/22/21"
"홈랜드: 시즌 8: 도주","2/22/21"
"홈랜드: 시즌 8: 애도의 메아리","2/22/21"
"홈랜드: 시즌 8: 망할 놈들","2/22/21"
"홈랜드: 시즌 8: 2분","2/22/21"
"홈랜드: 시즌 8: 추락","2/21/21"
"홈랜드: 시즌 8: 공중에 뜬 평화","2/21/21"
"홈랜드: 시즌 8: 적인가 친구인가","2/21/21"
"홈랜드: 시즌 8: 잡았다 풀어주기","2/21/21"
"홈랜드: 시즌 8: 거짓이 보인다","2/21/21"
"홈랜드: 시즌 7: 대국민 담화","2/20/21"
"홈랜드: 시즌 7: 전부를 걸다","2/20/21"
"홈랜드: 시즌 7: 선택의 기로","2/20/21"
"홈랜드: 시즌 7: 꼭두각시","2/20/21"
"홈랜드: 시즌 7: 거짓말과 트위터","2/20/21"
"홈랜드: 시즌 7: 잠식","2/20/21"
"홈랜드: 시즌 7: 전염병이 퍼지듯","2/20/21"
"홈랜드: 시즌 7: 적극적 방책","2/20/21"
"홈랜드: 시즌 7: 빗나간 계획","2/20/21"
"홈랜드: 시즌 7: 팽팽한 대치","2/20/21"
"홈랜드: 시즌 7: 저항하고 또 저항하라","2/20/21"
"홈랜드: 시즌 7: 국가의 적","2/20/21"
"홈랜드: 시즌 6: 국가 우선주의","2/16/21"
"홈랜드: 시즌 6: 로미오","2/16/21"
"홈랜드: 시즌 6: 교두보","2/16/21"
"홈랜드: 시즌 6: 다중 계정","2/16/21"
"홈랜드: 시즌 6: 위기일발","2/16/21"
"홈랜드: 시즌 6: 귀환","2/16/21"
"홈랜드: 시즌 6: 이것이 진실이다","2/16/21"
"후궁：제왕의 첩","2/16/21"
"홈랜드: 시즌 6: 전쟁의 명분","2/14/21"
"홈랜드: 시즌 6: 섬광","2/14/21"
"홈랜드: 시즌 6: 약속","2/14/21"
"홈랜드: 시즌 6: 아래층 남자","2/14/21"
"홈랜드: 시즌 6: 하찮은 문제","2/14/21"
"홈랜드: 시즌 5: 신기루","2/14/21"
"홈랜드: 시즌 5: 심판의 날","2/14/21"
"홈랜드: 시즌 5: 세상이 변했네","2/14/21"
"홈랜드: 시즌 5: 반역의 증거","2/14/21"
"홈랜드: 시즌 5: 앨리슨의 모든 것","2/14/21"
"홈랜드: 시즌 5: 꾀꼬리","2/13/21"
"홈랜드: 시즌 5: 다시, 함께","2/13/21"
"홈랜드: 시즌 5: 유월절 만찬","2/13/21"
"홈랜드: 시즌 5: 베터 콜 사울","2/13/21"
"홈랜드: 시즌 5: 슈퍼 파워","2/13/21"
"홈랜드: 시즌 5: 환대의 문화","2/13/21"
"홈랜드: 시즌 5: 분리 불안","2/13/21"
"홈랜드: 시즌 4: 올 것이 왔다","2/13/21"
"홈랜드: 시즌 4: 사랑 대신 전쟁","2/13/21"
"홈랜드: 시즌 4: 이슬라마바드에서 13시간","2/12/21"
"홈랜드: 시즌 4: 다른 일이 일어나고 있다","2/12/21"
"홈랜드: 시즌 4: 파키스탄 도넛","2/12/21"
"홈랜드: 시즌 4: 귀환","2/12/21"
"홈랜드: 시즌 4: 한 장소에서 다른 장소로","2/12/21"
"홈랜드: 시즌 4: 어바웃 어 보이","2/12/21"
"홈랜드: 시즌 4: 여러 일","2/12/21"
"홈랜드: 시즌 4: 살와르 카미즈","2/12/21"
"홈랜드: 시즌 4: 삼각첨탑과 물체 둘레의 영역","2/12/21"
"홈랜드: 시즌 4: 드론 퀸","2/12/21"
"홈랜드: 시즌 3: 별","2/12/21"
"홈랜드: 시즌 3: 테헤란의 거물","2/12/21"
"홈랜드: 시즌 3: 잘 자","2/12/21"
"홈랜드: 시즌 3: 한 가지 더","2/12/21"
"홈랜드: 시즌 3: 빨간 바퀴 손수레","2/12/21"
"홈랜드: 시즌 3: 노후화","2/11/21"
"홈랜드: 시즌 3: 아직 긍정적인 자","2/11/21"
"홈랜드: 시즌 3: 요가 작전","2/11/21"
"홈랜드: 시즌 3: 게임 시작","2/11/21"
"홈랜드: 시즌 3: 다윗 망대","2/11/21"
"홈랜드: 시즌 3: 어...오...아...","2/11/21"
"홈랜드: 시즌 3: 양철 나무꾼이 제거됐다","2/10/21"
"홈랜드: 시즌 2: 선택","2/10/21"
"홈랜드: 시즌 2: 추모","2/10/21"
"홈랜드: 시즌 2: 실연","2/10/21"
"홈랜드: 시즌 2: 모자 두 개","2/10/21"
"홈랜드: 시즌 2: 나는 날아간다","2/10/21"
"홈랜드: 시즌 2: 청소","2/10/21"
"홈랜드: 시즌 2: 게티즈버그 연설","2/10/21"
"홈랜드: 시즌 2: 질의 답변","2/10/21"
"홈랜드: 시즌 2: 새 차 냄새","2/10/21"
"홈랜드: 시즌 2: 독립된 상태","2/10/21"
"홈랜드: 시즌 2: 돌아온 베이루트","2/9/21"
"홈랜드: 시즌 2: 미소","2/8/21"
"홈랜드: 시즌 1: 머린 원의 의미","2/8/21"
"홈랜드: 시즌 1: 폭탄 조끼","2/7/21"
"홈랜드: 시즌 1: 무엇이 그들을 인간으로 만드는가","2/7/21"
"홈랜드: 시즌 1: 정의는 어디에","2/7/21"
"홈랜드: 시즌 1: 아킬레스건","2/7/21"
"홈랜드: 시즌 1: 주말 여행","2/7/21"
"홈랜드: 시즌 1: 불륜과 거짓말","2/7/21"
"홈랜드: 시즌 1: 사각지대","2/7/21"
"홈랜드: 시즌 1: 늘 그대로","2/7/21"
"홈랜드: 시즌 1: 인터뷰","2/7/21"
"홈랜드: 시즌 1: 영웅 행세","2/6/21"
"홈랜드: 시즌 1: 파일럿 에피소드","2/6/21"
"겨우, 서른: 43화","2/6/21"
"겨우, 서른: 42화","2/6/21"
"겨우, 서른: 41화","2/6/21"
"겨우, 서른: 40화","2/6/21"
"겨우, 서른: 39화","2/6/21"
"겨우, 서른: 38화","2/6/21"
"겨우, 서른: 37화","2/6/21"
"겨우, 서른: 36화","2/6/21"
"겨우, 서른: 35화","2/6/21"
"겨우, 서른: 34화","2/5/21"
"겨우, 서른: 33화","2/5/21"
"겨우, 서른: 32화","2/5/21"
"겨우, 서른: 31화","2/5/21"
"겨우, 서른: 30화","2/5/21"
"겨우, 서른: 29화","2/5/21"
"겨우, 서른: 28화","2/5/21"
"겨우, 서른: 27화","2/3/21"
"겨우, 서른: 26화","2/3/21"
"겨우, 서른: 25화","2/3/21"
"극적인 하룻밤","2/3/21"
"겨우, 서른: 24화","2/2/21"
"겨우, 서른: 23화","2/2/21"
"겨우, 서른: 22화","2/2/21"
"겨우, 서른: 21화","2/2/21"
"겨우, 서른: 20화","2/2/21"
"겨우, 서른: 19화","2/2/21"
"겨우, 서른: 18화","2/2/21"
"겨우, 서른: 17화","2/2/21"
"겨우, 서른: 16화","2/2/21"
"겨우, 서른: 15화","1/31/21"
"겨우, 서른: 14화","1/31/21"
"겨우, 서른: 13화","1/31/21"
"겨우, 서른: 12화","1/31/21"
"겨우, 서른: 11화","1/31/21"
"겨우, 서른: 10화","1/31/21"
"겨우, 서른: 9화","1/31/21"
"겨우, 서른: 8화","1/31/21"
"겨우, 서른: 7화","1/31/21"
"겨우, 서른: 6화","1/31/21"
"겨우, 서른: 5화","1/31/21"
"겨우, 서른: 4화","1/30/21"
"겨우, 서른: 3화","1/30/21"
"겨우, 서른: 2화","1/30/21"
"겨우, 서른: 1화","1/30/21"
"어웨이: 집","1/30/21"
"어웨이: 스펙트르","1/30/21"
"어웨이: 바이털 사인","1/30/21"
"어웨이: 잘 자요, 화성","1/30/21"
"어웨이: 작은 믿음","1/30/21"
"어웨이: 우주개","1/30/21"
"어웨이: 멋진 수레","1/30/21"
"어웨이: 하늘의 절반","1/30/21"
"어웨이: 귀환 불가","1/29/21"
"어웨이: 출발","1/29/21"
"블랙 리스트: 시즌 8: 카타리나 로스토바 (3번): 결론","1/29/21"
"블랙 리스트: 시즌 8: 로어노크 (139번)","1/28/21"
"블랙 리스트: 시즌 7: 카잔지안 형제","1/28/21"
"블랙 리스트: 시즌 7: 로이 케인 (150번)","1/28/21"
"블랙 리스트: 시즌 7: 형제","1/28/21"
"블랙 리스트: 시즌 7: 나일 해처 (149번)","1/28/21"
"블랙 리스트: 시즌 7: 고든 켐프 (158번)","1/28/21"
"블랙 리스트: 시즌 7: 트와미 울룰라크 (126번)","1/26/21"
"블랙 리스트: 시즌 7: 뉴턴 퍼셀 (144번)","1/26/21"
"블랙 리스트: 시즌 7: 코닐리어스 럭 (155번)","1/26/21"
"미스 푸줏간","1/26/21"
"아가씨","1/26/21"
"블랙 리스트: 시즌 7: 빅토리아 펜버그 (137번)","1/25/21"
"블랙 리스트: 시즌 7: 카타리나 로스토바 (3번)","1/24/21"
"블랙 리스트: 시즌 7: 오리온 전이 서비스 (159번)","1/24/21"
"블랙 리스트: 시즌 7: 하왈라 중개인 (162번)","1/24/21"
"블랙 리스트: 시즌 7: 해나 헤이스 (125번)","1/24/21"
"블랙 리스트: 시즌 7: 루이스 파월 박사 (130번)","1/24/21"
"블랙 리스트: 시즌 7: 노먼 드베인 (138번)","1/24/21"
"블랙 리스트: 시즌 7: 쿠웨이트","1/24/21"
"블랙 리스트: 시즌 7: 악의 꽃 (151번)","1/24/21"
"블랙 리스트: 시즌 7: 루이스 T. 스타인힐 (27번): 결론","1/23/21"
"블랙 리스트: 시즌 7: 루이스 T. 스타인힐 (27번)","1/23/21"
"블랙 리스트: 시즌 6: 로버트 디아스 (15번)","1/23/21"
"블랙 리스트: 시즌 6: 애나 맥맨 (60번)","1/23/21"
"블랙 리스트: 시즌 6: 기예르모 리잘 (128번)","1/23/21"
"블랙 리스트: 시즌 6: 레이먼드 레딩턴의 탄생","1/23/21"
"블랙 리스트: 시즌 6: 브록턴 대학교 살인범 (92번)","1/23/21"
"블랙 리스트: 시즌 6: 제3신분 (136번)","1/22/21"
"블랙 리스트: 시즌 6: 행운의 여신 (69번)","1/22/21"
"블랙 리스트: 시즌 6: 올리비아 올슨 (115번)","1/22/21"
"블랙 리스트: 시즌 6: 오스터먼 우산 회사 (6번)","1/21/21"
"블랙 리스트: 시즌 6: 로버트 베스코 (9번)","1/21/21"
"색, 계","1/20/21"
"블랙 리스트: 시즌 6: 바스티앵 모로 (20번): 결론","1/19/21"
"블랙 리스트: 시즌 6: 바스티앵 모로 (20번)","1/19/21"
"블랙 리스트: 시즌 6: 암호화폐은행가 (160번)","1/19/21"
"블랙 리스트: 시즌 6: D 장관 (99번)","1/19/21"
"블랙 리스트: 시즌 6: 마르코 연코비치 (58번)","1/19/21"
"블랙 리스트: 시즌 6: 시로 장군 (116번)","1/18/21"
"블랙 리스트: 시즌 6: 윤리학자 (91번)","1/18/21"
"블랙 리스트: 시즌 6: 얼터 이고 (131번)","1/18/21"
"블랙 리스트: 시즌 6: 전당포 부부 (146번, 147번)","1/18/21"
"블랙 리스트: 시즌 6: 약사 (124번)","1/18/21"
"블랙 리스트: 시즌 6: 코르시카인 (20번)","1/18/21"
"블랙 리스트: 시즌 6: 한스 쾰러 박사 (33번)","1/18/21"
"블랙 리스트: 시즌 5: 서턴 로스 (17번)","1/17/21"
"블랙 리스트: 시즌 5: 로렌스 데인 데블린 (26번)","1/17/21"
"블랙 리스트: 시즌 5: 니콜라스 T. 무어 (110번)","1/17/21"
"블랙 리스트: 시즌 5: 이언 가비 (13번): 결론","1/17/21"
"블랙 리스트: 시즌 5: 자라크 모사데크 (23번)","1/17/21"
"블랙 리스트: 시즌 5: 아나 그라시아 두에르테 (25번)","1/17/21"
"블랙 리스트: 시즌 5: 염소자리 킬러 (19번)","1/17/21"
"블랙 리스트: 시즌 5: 에드워즈 대위 (68번)","1/17/21"
"블랙 리스트: 시즌 5: 리 싱클레어 3세 (51번)","1/17/21"
"블랙 리스트: 시즌 5: 보이지 않는 손 (63번)","1/17/21"
"블랙 리스트: 시즌 5: 요리사 (56번)","1/16/21"
"블랙 리스트: 시즌 5: 에이브러햄 스턴 (100번)","1/16/21"
"블랙 리스트: 시즌 5: 제보자 (118번)","1/16/21"
"블랙 리스트: 시즌 5: 심연","1/16/21"
"블랙 리스트: 시즌 5: 이언 가비 (13번)","1/16/21"
"블랙 리스트: 시즌 5: 킬개넌 코퍼레이션 (48번)","1/16/21"
"블랙 리스트: 시즌 5: 여행사 (90번)","1/16/21"
"블랙 리스트: 시즌 5: 일리야스 수르코프 (54번)","1/14/21"
"블랙 리스트: 시즌 5: 엔들링 (44번)","1/14/21"
"블랙 리스트: 시즌 5: 미스 리베카 스롤 (76번)","1/14/21"
"블랙 리스트: 시즌 5: 그레이슨 블레이즈 (37번)","1/14/21"
"블랙 리스트: 시즌 5: 스모키 퍼트넘 (30번)","1/13/21"
"블랙 리스트: 시즌 4: 캐플란 (4번): 결론","1/13/21"
"블랙 리스트: 시즌 4: 캐플란 (4번)","1/13/21"
"블랙 리스트: 시즌 4: 수금업자 (46번)","1/13/21"
"블랙 리스트: 시즌 4: 보그단 크릴로프 박사 (29번)","1/12/21"
"블랙 리스트: 시즌 4: 필로미나 (61번)","1/12/21"
"블랙 리스트: 시즌 4: 시체들의 성","1/12/21"
"블랙 리스트: 시즌 4: 뎀베 주마 (10번)","1/11/21"
"블랙 리스트: 시즌 4: 약제사 (59번)","1/11/21"
"블랙 리스트: 시즌 4: 설계자 (107번)","1/11/21"
"블랙 리스트: 시즌 4: 이사벨라 스톤 (34번)","1/11/21"
"블랙 리스트: 시즌 4: 나탈리 루카 (184번)","1/11/21"
"블랙 리스트: 시즌 4: 하렘 (102번)","1/10/21"
"블랙 리스트: 시즌 4: 예지력 (163번)","1/10/21"
"블랙 리스트: 시즌 4: 리펫 수산 회사 (111번)","1/10/21"
"블랙 리스트: 시즌 4: 에이드리언 쇼 박사 (98번): 결론","1/10/21"
"블랙 리스트: 시즌 4: 에이드리언 쇼 박사 (98번)","1/10/21"
"블랙 리스트: 시즌 4: 딱새 (53번)","1/10/21"
"블랙 리스트: 시즌 4: 린드퀴스트 (105번)","1/10/21"
"블랙 리스트: 시즌 4: 가이아 (81번)","1/10/21"
"블랙 리스트: 시즌 4: 마일스 맥그래스 (65번)","1/10/21"
"블랙 리스트: 시즌 4: 마토 (66번)","1/9/21"
"블랙 리스트: 시즌 4: 에스테반 (79번)","1/9/21"
"블랙 리스트: 시즌 3: 알렉산더 커크 (14번): 결론","1/9/21"
"블랙 리스트: 시즌 3: 알렉산더 커크 (14번)","1/9/21"
"블랙 리스트: 시즌 3: 수잔 하그레이브","1/9/21"
"블랙 리스트: 시즌 3: 아르탁스 네트워크","1/9/21"
"블랙 리스트: 시즌 3: 케이프 메이","1/9/21"
"블랙 리스트: 시즌 3: 솔로몬 씨 (32번): 결론","1/9/21"
"블랙 리스트: 시즌 3: 솔로몬 씨 (32번)","1/9/21"
"블랙 리스트: 시즌 3: 관리자 (78번)","1/9/21"
"블랙 리스트: 시즌 3: 드렉슬 (113번)","1/9/21"
"블랙 리스트: 시즌 3: 앰브로시아 부인 (77번)","1/8/21"
"블랙 리스트: 시즌 3: 알리스테어 핏 (103번)","1/8/21"
"블랙 리스트: 시즌 3: 펨 (132번)","1/8/21"
"블랙 리스트: 시즌 3: 그레고리 드브라이 (95번)","1/7/21"
"블랙 리스트: 시즌 3: 국장 (24번): 결론","1/6/21"
"블랙 리스트: 시즌 3: 국장 (24번)","1/6/21"
"블랙 리스트: 시즌 3: 고속도로의 왕 (108번)","1/6/21"
"블랙 리스트: 시즌 3: 잘 빈 하산 (31번)","1/6/21"
"블랙 리스트: 시즌 3: 크리스핀 크랜달 경 (86번)","1/5/21"
"블랙 리스트: 시즌 3: 아리오 카인 (50번)","1/5/21"
"블랙 리스트: 시즌 3: 진 (43번)","1/5/21"
"블랙 리스트: 시즌 3: 일라이 맷쳇 (72번)","1/5/21"
"블랙 리스트: 시즌 3: 마빈 제라드 (80번)","1/5/21"
"블랙 리스트: 시즌 3: 트롤 파머 (38번)","1/2/21"
"블랙 리스트: 시즌 2: 톰 커널리 (11번)","1/2/21"
"블랙 리스트: 시즌 2: 카라쿠르트 (55번)","1/2/21"
"블랙 리스트: 시즌 2: 콴 장 (87번)","1/2/21"
"블랙 리스트: 시즌 2: 레너드 컬 (62번)","1/2/21"
"블랙 리스트: 시즌 2: 바네사 크루즈 (117번)","1/2/21"
"블랙 리스트: 시즌 2: 장수 계획 (97번)","1/2/21"
"블랙 리스트: 시즌 2: 톰 킨 (7번)","1/2/21"
"블랙 리스트: 시즌 2: 메이저 (75번)","1/2/21"
"블랙 리스트: 시즌 2: T. 얼 킹 6세 (94번)","1/1/21"
"블랙 리스트: 시즌 2: 사슴 사냥꾼 (93번)","1/1/21"
"블랙 리스트: 시즌 2: 케년 가족 (71번)","1/1/21"
"블랙 리스트: 시즌 2: 루슬란 드니소프 (67번)","1/1/21"
"블랙 리스트: 시즌 2: 루터 브랙스턴 (21번): 결론","12/31/20"
"블랙 리스트: 시즌 2: 루터 브랙스턴 (21번)","12/31/20"
"블랙 리스트: 시즌 2: 데카브리스트 (12번)","12/31/20"
"블랙 리스트: 시즌 2: 시미타 (22번)","12/31/20"
"블랙 리스트: 시즌 2: 몸바사 조직 (114번)","12/31/20"
"블랙 리스트: 시즌 2: 매덕스 벡 (74번)","12/31/20"
"블랙 리스트: 시즌 2: 라이너스 크릴 박사 (82번)","12/31/20"
"블랙 리스트: 시즌 2: 제임스 코빙턴 박사 (89번)","12/31/20"
"블랙 리스트: 시즌 2: 모나크 더글러스 은행 (112번)","12/31/20"
"블랙 리스트: 시즌 2: 볼티모어 경 (104번)","12/30/20"
"블랙 리스트: 시즌 1: 베를린 (8번): 결론","12/30/20"
"블랙 리스트: 시즌 1: 베를린 (8번)","12/30/20"
"블랙 리스트: 시즌 1: 킹메이커 (42번)","12/30/20"
"블랙 리스트: 시즌 1: 파블로비치 형제 (119-122번)","12/30/20"
"블랙 리스트: 시즌 1: 장의사 (135번)","12/30/20"
"블랙 리스트: 시즌 1: 이반 (88번)","12/30/20"
"블랙 리스트: 시즌 1: 마코 타니다 (83번)","12/30/20"
"블랙 리스트: 시즌 1: 판사 (57번)","12/30/20"
"블랙 리스트: 시즌 1: 매들린 프랫 (73번)","12/29/20"
"블랙 리스트: 시즌 1: 사이프러스 에이전시 (64번)","12/29/20"
"블랙 리스트: 시즌 1: 연금술사 (101번)","12/29/20"
"블랙 리스트: 시즌 1: 선한 사마리아인 (106번)","12/29/20"
"블랙 리스트: 시즌 1: 안슬로 게릭 (16번): 2부","12/29/20"
"블랙 리스트: 시즌 1: 안슬로 게릭 (16번): 1부","12/29/20"
"블랙 리스트: 시즌 1: 러드 장군 (109번)","12/29/20"
"블랙 리스트: 시즌 1: 프레데릭 반즈 (47번)","12/28/20"
"블랙 리스트: 시즌 1: 지나 자네타코스 (152번)","12/28/20"
"블랙 리스트: 시즌 1: 배달부 (85번)","12/28/20"
"블랙 리스트: 시즌 1: 스튜메이커 (161번)","12/28/20"
"블랙 리스트: 시즌 1: 우징 (84번)","12/28/20"
"블랙 리스트: 시즌 1: 프리랜서 (145번)","12/28/20"
"블랙 리스트: 시즌 1: 파일럿","12/28/20"
"스위트홈: 시즌 1: 10화","12/27/20"
"스위트홈: 시즌 1: 9화","12/27/20"
"스위트홈: 시즌 1: 8화","12/27/20"
"스위트홈: 시즌 1: 7화","12/27/20"
"스위트홈: 시즌 1: 6화","12/27/20"
"스위트홈: 시즌 1: 5화","12/27/20"
"스위트홈: 시즌 1: 4화","12/27/20"
"스위트홈: 시즌 1: 3화","12/27/20"
"스위트홈: 시즌 1: 2화","12/26/20"
"스위트홈: 시즌 1: 1화","12/26/20"
"범죄의 재구성: 시즌 6: 가지 마","12/26/20"
"범죄의 재구성: 시즌 6: 애널리스 키팅은 죽었어요","12/26/20"
"범죄의 재구성: 시즌 6: 샘이 나쁜 사람이 아니었다면?","12/26/20"
"범죄의 재구성: 시즌 6: 갚아 주자고","12/26/20"
"범죄의 재구성: 시즌 6: 우려","12/26/20"
"범죄의 재구성: 시즌 6: 우리 절대 못 벗어나겠죠","12/26/20"
"범죄의 재구성: 시즌 6: 네가 첩자야?","12/26/20"
"범죄의 재구성: 시즌 6: 난 자유로워지고 싶어요","12/26/20"
"범죄의 재구성: 시즌 6: 내가 살인자예요","12/26/20"
"범죄의 재구성: 시즌 6: 가족은 거지 같아","12/26/20"
"범죄의 재구성: 시즌 6: 우리 모두 죽을 거야","12/25/20"
"범죄의 재구성: 시즌 6: 정말 세상이 싫다","12/25/20"
"범죄의 재구성: 시즌 6: 내가 나쁜 사람이라고 생각하세요?","12/25/20"
"범죄의 재구성: 시즌 6: 비비언이 와 있어","12/25/20"
"범죄의 재구성: 시즌 6: 작별 인사를 하라고","12/25/20"
"범죄의 재구성: 시즌 5: 설마 누가 또 죽은 건 아니겠지","12/25/20"
"범죄의 재구성: 시즌 5: 날 적으로 돌리죠","12/25/20"
"범죄의 재구성: 시즌 5: 부모님은 어디 계시니?","12/25/20"
"범죄의 재구성: 시즌 5: 우린 모르는 게 없어요","12/25/20"
"범죄의 재구성: 시즌 5: 순교자가 돼요","12/25/20"
"범죄의 재구성: 시즌 5: 안 될 거라고 하지 마","12/25/20"
"범죄의 재구성: 시즌 5: 샘은 우리 둘 다 배신한 거야","12/24/20"
"범죄의 재구성: 시즌 5: 죽는 날까지 널 사랑할게","12/24/20"
"범죄의 재구성: 시즌 5: 날 가지고 놀았다고요","12/24/20"
"범죄의 재구성: 시즌 5: 찾을 수 있어","12/23/20"
"범죄의 재구성: 시즌 5: 내 인생 최악의 날이었으니까","12/23/20"
"범죄의 재구성: 시즌 5: 보니의 아기야","12/20/20"
"범죄의 재구성: 시즌 5: 아기는 죽지 않았어","12/20/20"
"범죄의 재구성: 시즌 5: 그거 누구 피예요?","12/20/20"
"범죄의 재구성: 시즌 5: 끝내 드리죠","12/19/20"
"범죄의 재구성: 시즌 4: 아무도 죽지 않을 거야","12/19/20"
"범죄의 재구성: 시즌 4: 그가 죽기 하루 전","12/19/20"
"범죄의 재구성: 시즌 4: 레이히 vs 펜실베이니아 주 정부","12/19/20"
"범죄의 재구성: 시즌 4: 스텔라에 대해 물어봐요","12/19/20"
"범죄의 재구성: 시즌 4: 나쁜 아빠","12/19/20"
"범죄의 재구성: 시즌 4: 모든 게 다 헛수고가 됐어","12/19/20"
"범죄의 재구성: 시즌 4: 죽었어","12/18/20"
"범죄의 재구성: 시즌 4: 살아. 살아. 살아","12/18/20"
"범죄의 재구성: 시즌 4: 아무도 골리앗을 응원 못 하게","12/18/20"
"범죄의 재구성: 시즌 4: 힘내세요, 엄마","12/18/20"
"범죄의 재구성: 시즌 4: 그녀를 사랑해요","12/18/20"
"범죄의 재구성: 시즌 4: 일을 잘했던 건 맞아?","12/18/20"
"범죄의 재구성: 시즌 4: 더 큰 선을 위해서예요","12/18/20"
"범죄의 재구성: 시즌 4: 이제 다 끝났어","12/18/20"
"범죄의 재구성: 시즌 4: 전 달라요","12/18/20"
"범죄의 재구성: 시즌 3: 웨스","12/17/20"
"범죄의 재구성: 시즌 3: 끔찍한 실수였어","12/17/20"
"범죄의 재구성: 시즌 3: 애널리스의 전쟁","12/16/20"
"범죄의 재구성: 시즌 3: 여기서 눈물 흘리지 마","12/16/20"
"범죄의 재구성: 시즌 3: 애널리스 때문이 아니야","12/16/20"
"범죄의 재구성: 시즌 3: 나쁜 사람들","12/16/20"
"범죄의 재구성: 시즌 3: 누가 죽었을까?","12/15/20"
"범죄의 재구성: 시즌 3: 복수는 하지 말자","12/15/20"
"범죄의 재구성: 시즌 2: 애나 메이","12/15/20"
"범죄의 재구성: 시즌 3: 엄마의 직감","12/15/20"
"범죄의 재구성: 시즌 3: 정말 누가 죽었어?","12/15/20"
"범죄의 재구성: 시즌 3: 프랭크의 과거","12/14/20"
"범죄의 재구성: 시즌 3: 애널리스에겐 비밀이야","12/13/20"
"범죄의 재구성: 시즌 3: 검정이 대세야","12/13/20"
"범죄의 재구성: 시즌 3: 살인보다 최악은?","12/13/20"
"범죄의 재구성: 시즌 3: 갱생의 길","12/13/20"
"범죄의 재구성: 시즌 2: 우리 딸 왔구나","12/13/20"
"범죄의 재구성: 시즌 2: 나쁜 일이 생겼어요","12/13/20"
"범죄의 재구성: 시즌 2: 함정이야","12/13/20"
"범죄의 재구성: 시즌 2: 우릴 싫어해","12/13/20"
"범죄의 재구성: 시즌 2: 어떻게 된 거예요, 애널리스","12/13/20"
"범죄의 재구성: 시즌 2: 우리가 뭘 한 거지","12/13/20"
"범죄의 재구성: 시즌 2: 안녕하세요, 필립이에요","12/12/20"
"범죄의 재구성: 시즌 2: 당신이 죽었으면 좋겠어","12/12/20"
"범죄의 재구성: 시즌 2: 둘은 놔주고 밀스톤을 챙기시죠","12/12/20"
"범죄의 재구성: 시즌 2: 보니","12/12/20"
"범죄의 재구성: 시즌 2: 눈에는 눈 이에는 이","12/12/20"
"범죄의 재구성: 시즌 2: 문어라고 불러요","12/10/20"
"범죄의 재구성: 시즌 2: 죽고 있어","12/10/20"
"범죄의 재구성: 시즌 2: 이제 정리하고 잊어","12/10/20"
"범죄의 재구성: 내 탓이야","12/10/20"
"범죄의 재구성: 라일라가 죽은 밤","12/8/20"
"범죄의 재구성: 엄마가 왔어","12/8/20"
"범죄의 재구성: 살인범","12/8/20"
"범죄의 재구성: 최고의 크리스마스","12/7/20"
"범죄의 재구성: 안녕 라스콜니코프","12/7/20"
"범죄의 재구성: 나를 제발 죽여줘","12/7/20"
"범죄의 재구성: 아내가 있어","12/7/20"
"범죄의 재구성: 죽어야 마땅했어","12/7/20"
"범죄의 재구성: 두더지 잡기","12/6/20"
"범죄의 재구성: 우리는 친구가 아니야","12/6/20"
"범죄의 재구성: 얼른 시작하자고","12/6/20"
"범죄의 재구성: 감옥 가기 싫으면 웃어라","12/6/20"
"범죄의 재구성: 그 여자 때문이야","12/6/20"
"범죄의 재구성: 시작점","12/6/20"
"웬트워스: 시즌 8: 적은 가까이에","12/6/20"
"웬트워스: 시즌 8: 괴물","12/6/20"
"웬트워스: 시즌 8: 금붕어: 2부","12/6/20"
"웬트워스: 시즌 8: 전쟁은 시작됐다","12/6/20"
"웬트워스: 시즌 8: 도망자","12/5/20"
"웬트워스: 시즌 8: 후폭풍","12/5/20"
"웬트워스: 시즌 8: 망령","12/5/20"
"웬트워스: 시즌 8: 국가의 적","12/5/20"
"웬트워스: 시즌 8: 목적과 수단","12/5/20"
"웬트워스: 시즌 8: 귀환","12/4/20"
"웬트워스: 시즌 7: 봉쇄: 2부","12/4/20"
"웬트워스: 시즌 7: 봉쇄: 1부","12/4/20"
"웬트워스: 시즌 7: 보호","12/4/20"
"웬트워스: 시즌 7: 혈육","12/4/20"
"웬트워스: 시즌 7: 엄마","12/3/20"
"웬트워스: 시즌 7: 등극","12/3/20"
"웬트워스: 시즌 7: 캐런","12/3/20"
"웬트워스: 시즌 7: 죗값","12/3/20"
"웬트워스: 시즌 7: 보복","12/2/20"
"웬트워스: 시즌 7: 피의 결혼","12/2/20"
"웬트워스: 시즌 6: 마지막 결전","12/1/20"
"웬트워스: 시즌 6: 지울 수 없는","12/1/20"
"웬트워스: 시즌 6: 균열","12/1/20"
"웬트워스: 시즌 6: 얕은 무덤","12/1/20"
"웬트워스: 시즌 6: 싸움 또는 사랑","11/30/20"
"웬트워스: 시즌 6: 벼랑","11/30/20"
"웬트워스: 시즌 6: 웬트워스의 천사","11/30/20"
"웬트워스: 시즌 6: 쓰디쓴 약","11/30/20"
"웬트워스: 시즌 6: 새로운 수감자","11/29/20"
"웬트워스: 시즌 6: 피를 흘릴지라도","11/29/20"
"웬트워스: 시즌 6: 권투 선수","11/29/20"
"웬트워스: 시즌 6: 결백","11/29/20"
"웬트워스: 시즌 5: 필사적으로","11/29/20"
"웬트워스: 시즌 5: 치명적 일격","11/29/20"
"웬트워스: 시즌 5: 그저 무정부 상태","11/29/20"
"웬트워스: 시즌 5: 스네이크헤드","11/29/20"
"웬트워스: 시즌 5: 상자 안에서","11/29/20"
"웬트워스: 시즌 5: 합의","11/28/20"
"웬트워스: 시즌 5: 해피 버스데이, 베라","11/28/20"
"웬트워스: 시즌 5: 감옥 한가운데","11/28/20"
"웬트워스: 시즌 5: 끝나지 않은","11/28/20"
"웬트워스: 시즌 5: 오직 진실만","11/28/20"
"웬트워스: 시즌 5: 망할 X의 귀환","11/27/20"
"웬트워스: 시즌 5: 흉터","11/27/20"
"웬트워스: 시즌 4: 격분","11/26/20"
"웬트워스: 시즌 4: 최후의 순간","11/26/20"
"웬트워스: 시즌 4: 습격","11/25/20"
"웬트워스: 시즌 4: 사후 세계","11/25/20"
"웬트워스: 시즌 4: 대안","11/25/20"
"웬트워스: 시즌 4: 비상 버튼","11/25/20"
"웬트워스: 시즌 4: 분열 그리고 정복","11/25/20"
"웬트워스: 시즌 4: 사랑과 증오","11/25/20"
"웬트워스: 시즌 4: 교도관의 정부(情婦)","11/24/20"
"웬트워스: 시즌 4: 재소자","11/24/20"
"웬트워스: 시즌 4: 위험한 거미","11/24/20"
"웬트워스: 시즌 4: 선제 공격","11/24/20"
"웬트워스: 시즌 3: 불과 피","11/24/20"
"웬트워스: 시즌 3: 산 자와 죽은 자","11/24/20"
"웬트워스: 시즌 3: 상급 법원","11/24/20"
"웬트워스: 시즌 3: 괴짜쇼","11/23/20"
"웬트워스: 시즌 3: 금붕어","11/23/20"
"웬트워스: 시즌 3: 긴 게임","11/23/20"
"웬트워스: 시즌 3: 증거","11/23/20"
"웬트워스: 시즌 3: 자비","11/23/20"
"웬트워스: 시즌 3: 옳은 일","11/22/20"
"웬트워스: 시즌 3: 칼을 꺼내라","11/22/20"
"웬트워스: 시즌 3: 새옹지마","11/22/20"
"웬트워스: 시즌 3: 교도소장의 기쁨","11/22/20"
"웬트워스: 시즌 2: 두려워하라","11/22/20"
"웬트워스: 시즌 2: 늦은 밤까지","11/22/20"
"웬트워스: 시즌 2: 상습 전과자","11/22/20"
"웬트워스: 시즌 2: 해결사","11/22/20"
"웬트워스: 시즌 2: 어머니의 죄","11/21/20"
"웬트워스: 시즌 2: 변형","11/21/20"
"웬트워스: 시즌 2: 핑크 드래곤","11/21/20"
"웬트워스: 시즌 2: 칼을 비틀어라","11/21/20"
"웬트워스: 시즌 2: 도사린 위험","11/19/20"
"웬트워스: 시즌 2: 정원에 온 남자들","11/19/20"
"웬트워스: 시즌 2: 사생결단","11/17/20"
"웬트워스: 시즌 2: 다시 태어났다","11/15/20"
"웬트워스: 체크 메이트","11/13/20"
"퀸스 갬빗: 리미티드 시리즈: 엔드게임","11/12/20"
"퀸스 갬빗: 리미티드 시리즈: 포기","11/12/20"
"퀸스 갬빗: 리미티드 시리즈: 혼자","11/12/20"
"퀸스 갬빗: 리미티드 시리즈: 미들게임","11/12/20"
"퀸스 갬빗: 리미티드 시리즈: 오류","11/12/20"
"퀸스 갬빗: 리미티드 시리즈: 계산","11/9/20"
"퀸스 갬빗: 리미티드 시리즈: 오프닝","11/9/20"
"웬트워스: 달을 향해","11/8/20"
"웬트워스: 심리전","11/8/20"
"웬트워스: 죽는다","11/8/20"
"웬트워스: 포로","11/7/20"
"웬트워스: 벨벳 커튼","11/6/20"
"웬트워스: 우리가 하는 것","11/2/20"
"웬트워스: 기다린 여자","11/2/20"
"웬트워스: 나를 날려 보내 줘","11/1/20"
"웬트워스: 집보다 좋은 곳은 없다","10/31/20"
"당신과 나, 그리고 그녀: 시즌 5: 호텔에서 생긴 일","10/28/20"
"당신과 나, 그리고 그녀: 시즌 5: 난 괜찮거든!","10/28/20"
"당신과 나, 그리고 그녀: 시즌 5: 상황이 좀 그런데","10/28/20"
"당신과 나, 그리고 그녀: 시즌 5: 차나 한잔하면서","10/28/20"
"당신과 나, 그리고 그녀: 시즌 5: 무대는 준비됐다","10/28/20"
"오스모시스: 부활","10/27/20"
"오스모시스: 한계","10/27/20"
"오스모시스: 이별","10/26/20"
"오스모시스: 배신","10/22/20"
"오스모시스: 위기","10/22/20"
"오스모시스: 경고","10/18/20"
"오스모시스: 소울메이트","10/17/20"
"오스모시스: 베타테스트","10/17/20"
"스타트렉: 넥스트 제너레이션: 시즌 2: 감염","10/12/20"
"스타트렉: 넥스트 제너레이션: 시즌 2: 도핀","10/11/20"
"스타트렉: 넥스트 제너레이션: 시즌 2: 사람이 되는 기준","10/9/20"
"스타트렉: 넥스트 제너레이션: 시즌 2: 사마리아의 덫","10/9/20"
"스타트렉: 넥스트 제너레이션: 시즌 2: Q 누구?","10/8/20"
"스타트렉: 넥스트 제너레이션: 시즌 2: 펜팔","10/8/20"
"스타트렉: 넥스트 제너레이션: 시즌 2: 이카루스 인자","10/8/20"
"스타트렉: 넥스트 제너레이션: 시즌 2: 일그러진 시간","10/8/20"
"스타트렉: 넥스트 제너레이션: 시즌 2: 로얄 카지노","10/8/20"
"스타트렉: 넥스트 제너레이션: 시즌 2: 명예가 걸린 문제","10/7/20"
"스타트렉: 넥스트 제너레이션: 시즌 2: 인위적 선택","10/4/20"
"마인드헌터: 시즌 2: 9화","10/3/20"
"마인드헌터: 시즌 2: 8화","10/3/20"
"마인드헌터: 시즌 2: 7화","10/3/20"
"마인드헌터: 시즌 2: 6화","10/3/20"
"마인드헌터: 시즌 2: 5화","10/2/20"
"마인드헌터: 시즌 2: 4화","10/2/20"
"마인드헌터: 시즌 2: 3화","10/1/20"
"보건교사 안은영: 1화","10/1/20"
"마인드헌터: 시즌 2: 2화","9/28/20"
"마인드헌터: 시즌 2: 1화","9/28/20"
"마인드헌터: 시즌 1: 10화","9/28/20"
"마인드헌터: 시즌 1: 9화","9/28/20"
"마인드헌터: 시즌 1: 8화","9/28/20"
"마인드헌터: 시즌 1: 7화","9/28/20"
"마인드헌터: 시즌 1: 6화","9/28/20"
"마인드헌터: 시즌 1: 5화","9/27/20"
"마인드헌터: 시즌 1: 4화","9/27/20"
"마인드헌터: 시즌 1: 3화","9/27/20"
"마인드헌터: 시즌 1: 2화","9/27/20"
"마인드헌터: 시즌 1: 1화","9/26/20"
"원헌드레드: 시즌 5: 다모클레스의 검: 파트 2","9/26/20"
"원헌드레드: 시즌 5: 다모클레스의 검: 파트 1","9/26/20"
"원헌드레드: 시즌 5: 생존의 무게","9/26/20"
"원헌드레드: 시즌 5: 세상을 구원할 자","9/26/20"
"원헌드레드: 시즌 5: 뿌린 대로 거두리라","9/26/20"
"원헌드레드: 시즌 5: 평화를 위해","9/26/20"
"원헌드레드: 시즌 5: 판도라의 상자","9/26/20"
"원헌드레드: 시즌 5: 전쟁의 대가","9/26/20"
"원헌드레드: 시즌 5: 탈출","9/26/20"
"원헌드레드: 시즌 5: 폭풍 속으로","9/26/20"
"원헌드레드: 시즌 5: 코디액","9/26/20"
"원헌드레드: 시즌 5: 붉은 여왕","9/26/20"
"원헌드레드: 시즌 5: 에덴","9/25/20"
"원헌드레드: 시즌 4: 프라임파야","9/25/20"
"원헌드레드: 시즌 4: 선택","9/25/20"
"원헌드레드: 시즌 4: 다른 세상","9/25/20"
"원헌드레드: 시즌 4: 모두의 운명","9/25/20"
"원헌드레드: 시즌 4: 소생시키지 마시오","9/25/20"
"원헌드레드: 시즌 4: 신의 이름으로","9/25/20"
"원헌드레드: 시즌 4: 피난처가 필요해","9/25/20"
"원헌드레드: 시즌 4: 잿더미에서 살아나리라","9/25/20"
"원헌드레드: 시즌 4: 일촉즉발","9/25/20"
"원헌드레드: 시즌 4: 위험한 거짓말","9/22/20"
"원헌드레드: 시즌 4: 네 명의 기수","9/22/20"
"원헌드레드: 시즌 4: 왕관의 무게","9/22/20"
"원헌드레드: 시즌 4: 에코가 돌아왔다","9/22/20"
"원헌드레드: 시즌 3: 빗나간 해법 - 2부","9/22/20"
"원헌드레드: 시즌 3: 빗나간 해법 - 1부","9/22/20"
"원헌드레드: 시즌 3: 흉조","9/22/20"
"원헌드레드: 시즌 3: 항복 아니면 죽음","9/21/20"
"원헌드레드: 시즌 3: 악마","9/21/20"
"원헌드레드: 시즌 3: 다른 사람","9/21/20"
"원헌드레드: 시즌 3: 함락","9/20/20"
"스킨스: 5권: 닉","9/20/20"
"원헌드레드: 시즌 3: 불을 가져라","9/20/20"
"원헌드레드: 시즌 3: 조건","9/20/20"
"원헌드레드: 시즌 3: 13","9/20/20"
"원헌드레드: 시즌 3: 쓰라린 결과","9/20/20"
"원헌드레드: 시즌 3: 피로 물든 땅","9/20/20"
"원헌드레드: 시즌 3: 대왕 만세","9/20/20"
"원헌드레드: 시즌 3: 여기 들어오는 자들이여","9/19/20"
"원헌드레드: 시즌 3: 완헤다 - 2부","9/17/20"
"원헌드레드: 시즌 3: 완헤다 - 1부","9/17/20"
"원헌드레드: 시즌 2: 피에는 피 - 2부","9/17/20"
"원헌드레드: 시즌 2: 피에는 피 - 1부","9/17/20"
"원헌드레드: 시즌 2: 리더의 고통","9/17/20"
"원헌드레드: 시즌 2: 탈출","9/17/20"
"원헌드레드: 시즌 2: 중대한 결정","9/16/20"
"원헌드레드: 시즌 2: 최후의 일격","9/15/20"
"원헌드레드: 시즌 2: 적자생존","9/15/20"
"원헌드레드: 시즌 2: 불안한 동맹","9/15/20"
"원헌드레드: 시즌 2: 우주 유영","9/15/20"
"원헌드레드: 시즌 2: 심연속으로","9/14/20"
"원헌드레드: 시즌 2: 전운","9/13/20"
"원헌드레드: 시즌 2: 인체실험","9/13/20"
"원헌드레드: 시즌 2: 재회","9/13/20"
"원헌드레드: 시즌 2: 결탁","9/13/20"
"원헌드레드: 시즌 2: 악천후","9/13/20"
"원헌드레드: 시즌 2: 48","9/13/20"
"원헌드레드: 운명의 선택 - 2부","9/13/20"
"원헌드레드: 운명의 선택 - 1부","9/13/20"
"원헌드레드: 절체절명","9/13/20"
"원헌드레드: 나는 죽음이 되었다","9/12/20"
"원헌드레드: 단결의 날","9/12/20"
"원헌드레드: 환각의 열매","9/12/20"
"원헌드레드: 흔들리는 방주","9/12/20"
"원헌드레드: 오누이","9/12/20"
"원헌드레드: 황혼의 마지막 빛줄기","9/10/20"
"원헌드레드: 머피의 법칙","9/10/20"
"원헌드레드: 죽음의 땅","9/10/20"
"원헌드레드: 생존의 땅","9/8/20"
"원헌드레드: 파일럿 에피소드","9/8/20"
"컨트롤 Z: 시즌 1: 컨트롤 Z","9/7/20"
"컨트롤 Z: 시즌 1: 하비에르를 얼마나 잘 알지?","9/7/20"
"컨트롤 Z: 시즌 1: 첫 대면","9/7/20"
"컨트롤 Z: 시즌 1: 밤의 학교","9/7/20"
"컨트롤 Z: 시즌 1: 멈춰","9/6/20"
"컨트롤 Z: 시즌 1: 피해자들","9/6/20"
"컨트롤 Z: 시즌 1: 너의 모든 비밀","9/6/20"
"3%: 시즌 4: 7장: 태양","9/5/20"
"3%: 시즌 4: 6장: 선택","9/5/20"
"3%: 시즌 4: 5장: 그림","9/5/20"
"3%: 시즌 4: 4장: 잠수함","9/5/20"
"3%: 시즌 4: 3장: 불","9/5/20"
"3%: 시즌 4: 2장: 충격","9/5/20"
"3%: 시즌 4: 1장: 달","9/5/20"
"3%: 시즌 3: 8장: 뇌파","9/2/20"
"3%: 시즌 3: 7장: 증거","9/2/20"
"3%: 시즌 3: 6장: 탈출","8/30/20"
"3%: 시즌 3: 5장: 레버","8/30/20"
"3%: 시즌 3: 4장: 오리","8/30/20"
"3%: 시즌 3: 3장: 치료","8/30/20"
"3%: 시즌 3: 2장: 메스","8/30/20"
"3%: 시즌 3: 1장: 모래","8/30/20"
"3%: 시즌 2: 10장: 피","8/29/20"
"3%: 시즌 2: 9장: 목걸이","8/29/20"
"3%: 시즌 2: 8장: 개구리","8/29/20"
"3%: 시즌 2: 7장: 안개","8/29/20"
"3%: 시즌 2: 6장: 병","8/29/20"
"3%: 시즌 2: 5장: 전등","8/29/20"
"3%: 시즌 2: 4장: 냅킨","8/27/20"
"3%: 시즌 2: 3장: 정전기","8/27/20"
"3%: 시즌 2: 2장: 토스터","8/27/20"
"3%: 시즌 2: 1장: 거울","8/27/20"
"3%: 시즌 1: 8장 - 버튼","8/27/20"
"3%: 시즌 1: 7장 - 캡슐","8/27/20"
"3%: 시즌 1: 6장 - 유리","8/27/20"
"3%: 시즌 1: 5장 - 물","8/27/20"
"3%: 시즌 1: 4장 - 문","8/26/20"
"3%: 시즌 1: 3장 - 복도","8/26/20"
"3%: 시즌 1: 2장 - 동전","8/26/20"
"3%: 시즌 1: 1장 - 정육면체","8/26/20"
"오, 라모나!","8/26/20"
"보디가드: 6화","8/23/20"
"보디가드: 5화","8/23/20"
"보디가드: 4화","8/23/20"
"스킨스: 5권: 리브","8/21/20"
"스킨스: 5권: 미니","8/21/20"
"스킨스: 5권: 리치","8/21/20"
"스킨스: 5권: 프랭키","8/18/20"
"스킨스: 4권: 모두","8/17/20"
"스킨스: 4권: 에피","8/17/20"
"스킨스: 4권: 제이제이","8/17/20"
"스킨스: 4권: 프레디","8/17/20"
"스킨스: 4권: 케이티","8/16/20"
"스킨스: 4권: 쿡","8/16/20"
"스킨스: 4권: 에밀리","8/16/20"
"스킨스: 4권: 토마스","8/16/20"
"스킨스: 3권: 마지막회","8/15/20"
"스킨스: 3권: 케이티와 에밀리","8/15/20"
"스킨스: 3권: 에피","8/15/20"
"스킨스: 3권: JJ","8/15/20"
"스킨스: 3권: 네오미","8/15/20"
"스킨스: 3권: 프레디","8/15/20"
"스킨스: 3권: 팬도라","8/15/20"
"스킨스: 3권: 토마스","8/15/20"
"스킨스: 3권: 쿡","8/15/20"
"스킨스: 3권: 모두","8/15/20"
"스킨스: 2권: 작별 인사","8/14/20"
"스킨스: 2권: 캐시","8/14/20"
"스킨스: 2권: 젤","8/14/20"
"스킨스: 2권: 에피","8/14/20"
"스킨스: 2권: 토니","8/14/20"
"스킨스: 2권: 크리스","8/14/20"
"스킨스: 2권: 미셸","8/14/20"
"스킨스: 2권: 시드","8/14/20"
"스킨스: 2권: 스케치","8/14/20"
"스킨스: 1권: 모두","8/10/20"
"스킨스: 2권: 토니와 맥시","8/10/20"
"스킨스: 1권: 에피","8/9/20"
"스킨스: 1권: 미셸","8/4/20"
"러브: 시즌 3: 카탈리나에서 우리는","8/4/20"
"러브: 시즌 3: 결혼기념일 폭탄","8/4/20"
"러브: 시즌 3: 크룩생크 집안","8/4/20"
"러브: 시즌 3: 넌 나의 그랜 토리노","8/2/20"
"러브: 시즌 3: 인생은 스턴트","8/2/20"
"러브: 시즌 3: 거스 동창 세라","8/2/20"
"러브: 시즌 3: 감독이란","8/2/20"
"러브: 시즌 3: 버티의 생일","8/2/20"
"러브: 시즌 3: 아픈가 봐","8/2/20"
"러브: 시즌 3: 그들도 우리처럼","8/2/20"
"러브: 시즌 3: 승자와 패자","8/2/20"
"러브: 시즌 3: 팜스프링스에 가고 싶었지","8/2/20"
"러브: 시즌 2: 컴백홈","8/1/20"
"러브: 시즌 2: 장거리 연애","8/1/20"
"러브: 시즌 2: 리버티 다운","8/1/20"
"러브: 시즌 2: 대저택","8/1/20"
"러브: 시즌 2: 마티 덥스","8/1/20"
"러브: 시즌 2: 회사 파티","8/1/20"
"러브: 시즌 2: 강제 중단","8/1/20"
"러브: 시즌 2: 하루","8/1/20"
"러브: 시즌 2: 마약 버섯","8/1/20"
"러브: 시즌 2: 당신이 잠든 사이에","8/1/20"
"러브: 시즌 2: 파티의 뒤끝","8/1/20"
"러브: 시즌 2: 봉쇄 '썸'","8/1/20"
"러브: 시즌 1: 시작의 끝","8/1/20"
"러브: 시즌 1: 대본 리딩","8/1/20"
"러브: 시즌 1: 주제곡 종료","8/1/20"
"러브: 시즌 1: 마법","8/1/20"
"러브: 시즌 1: 앤디","8/1/20"
"러브: 시즌 1: 데이트","7/30/20"
"러브: 시즌 1: 베벌리 힐스 파티","7/30/20"
"러브: 시즌 1: 시험","7/30/20"
"러브: 시즌 1: 긴 하루","7/30/20"
"러브: 시즌 1: 시작","7/29/20"
"스킨스: 1권: 맥시와 앤워","7/27/20"
"검은 욕망: 시즌 1: 우리는 사랑하는 것을 죽인다","7/27/20"
"검은 욕망: 시즌 1: 불이 나의 분노로 붙은 탓이로다","7/27/20"
"검은 욕망: 시즌 1: 사랑과 욕망 사이","7/26/20"
"검은 욕망: 시즌 1: 두 가지 진실, 하나의 거짓말","7/26/20"
"검은 욕망: 시즌 1: 무고한 피해자","7/26/20"
"검은 욕망: 시즌 1: 돌이킬 수 없는","7/26/20"
"검은 욕망: 시즌 1: 보이지 않는 곳의 진실","7/26/20"
"검은 욕망: 시즌 1: 그 죽음은 아름다우리라","7/26/20"
"검은 욕망: 시즌 1: 거울 게임","7/26/20"
"검은 욕망: 시즌 1: 고자질하는 심장","7/26/20"
"검은 욕망: 시즌 1: 하필 그 여자를","7/25/20"
"검은 욕망: 시즌 1: 그들이 몰랐던 과거","7/25/20"
"검은 욕망: 시즌 1: 당신이 아는 다리오 게라","7/25/20"
"검은 욕망: 시즌 1: 사랑이라는 말","7/25/20"
"검은 욕망: 시즌 1: 우리에게 사랑은 없다","7/25/20"
"검은 욕망: 시즌 1: 열정적인 마지막 밤","7/25/20"
"검은 욕망: 시즌 1: 하룻밤 일탈","7/25/20"
"스킨스: 1권: 시드","7/20/20"
"스킨스: 1권: 크리스","7/19/20"
"스킨스: 1권: 잴","7/19/20"
"스킨스: 1권: 캐시","7/18/20"
"스킨스: 1권: 토니","7/18/20"
"쉐임리스: 시리즈 3: 8화","7/18/20"
"쉐임리스: 시리즈 3: 7화","7/18/20"
"쉐임리스: 시리즈 3: 6화","7/18/20"
"쉐임리스: 시리즈 3: 5화","7/18/20"
"쉐임리스: 시리즈 3: 4화","7/15/20"
"쉐임리스: 시리즈 3: 3화","7/15/20"
"쉐임리스: 시리즈 3: 2화","7/15/20"
"쉐임리스: 시리즈 3: 1화","7/15/20"
"쉐임리스: 시리즈 2: 10화","7/13/20"
"쉐임리스: 시리즈 2: 9화","7/13/20"
"쉐임리스: 시리즈 2: 8화","7/13/20"
"쉐임리스: 시리즈 2: 7화","7/13/20"
"쉐임리스: 시리즈 2: 6화","7/13/20"
"쉐임리스: 시리즈 2: 5화","7/13/20"
"쉐임리스: 시리즈 2: 4화","7/12/20"
"쉐임리스: 시리즈 2: 3화","7/12/20"
"쉐임리스: 시리즈 2: 2화","7/11/20"
"쉐임리스: 시리즈 2: 1화","7/11/20"
"쉐임리스: 시리즈 2: 크리스마스 스페셜","7/8/20"
"쉐임리스: 7화","7/8/20"
"쉐임리스: 6화","7/8/20"
"쉐임리스: 5화","7/7/20"
"쉐임리스: 4화","7/7/20"
"쉐임리스: 3화","7/7/20"
"쉐임리스: 2화","7/7/20"
"쉐임리스: 1화","7/7/20"
"블랙 미러: 시즌 5: 레이철, 잭, 애슐리 투","7/5/20"
"블랙 미러: 시즌 5: 스미더린","7/5/20"
"블랙 미러: 시즌 5: 스트라이킹 바이퍼스","7/5/20"
"블랙 미러: 시즌 4: 블랙 뮤지엄","7/5/20"
"블랙 미러: 시즌 4: 사냥개","7/5/20"
"블랙 미러: 시즌 4: 시스템의 연인","7/4/20"
"블랙 미러: 시즌 4: 악어","7/4/20"
"블랙 미러: 시즌 4: 아크앤젤","7/4/20"
"블랙 미러: 시즌 4: USS 칼리스터","7/4/20"
"블랙 미러: 시즌 3: 미움받는 사람들","7/4/20"
"블랙 미러: 시즌 3: 보이지 않는 사람들","7/4/20"
"블랙 미러: 시즌 3: 샌주니페로","7/3/20"
"블랙 미러: 시즌 3: 닥치고 춤 춰라","7/3/20"
"블랙 미러: 시즌 3: 베타테스트","7/3/20"
"블랙 미러: 시즌 3: 추락","7/1/20"
"블랙 미러: 시즌 2: 화이트 크리스마스","6/29/20"
"블랙 미러: 시즌 2: 왈도의 전성시대","6/29/20"
"블랙 미러: 시즌 2: 화이트베어","6/29/20"
"블랙 미러: 시즌 2: 돌아올게","6/28/20"
"블랙 미러: 시즌 1: 당신의 모든 순간","6/28/20"
"블랙 미러: 시즌 1: 핫 샷","6/27/20"
"블랙 미러: 시즌 1: 공주와 돼지","6/27/20"
"인간수업: 10화","6/13/20"
"인간수업: 9화","6/13/20"
"인간수업: 8화","6/13/20"
"인간수업: 7화","6/13/20"
"인간수업: 6화","6/13/20"
"인간수업: 5화","6/13/20"
"인간수업: 4화","6/13/20"
"인간수업: 3화","6/13/20"
"인간수업: 2화","6/13/20"
"인간수업: 1화","6/12/20"
"스타트렉: 넥스트 제너레이션: 시즌 2: 정신분열증의 남자","6/11/20"
"매드맨: 시즌 6: 입구: 1부","6/8/20"
"매드맨: 시즌 5: 유령","6/8/20"
"매드맨: 시즌 5: 수수료와 보수","6/8/20"
"매드맨: 시즌 5: 또 한 명의 여자","6/8/20"
"매드맨: 시즌 5: 크리스마스 왈츠","6/7/20"
"매드맨: 시즌 5: 어두운 그림자","6/7/20"
"매드맨: 시즌 5: 레이디 라자루스","6/7/20"
"매드맨: 시즌 5: 만찬","6/7/20"
"프렌즈: 사랑이란?","6/7/20"
"매드맨: 시즌 5: 머나먼 곳으로","6/7/20"
"매드맨: 시즌 5: 시그널 30","6/7/20"
"매드맨: 시즌 5: 비밀 파트너","6/7/20"
"매드맨: 시즌 5: 찻잎","6/7/20"
"매드맨: 시즌 5: 부드러운 키스: 2부","6/7/20"
"매드맨: 시즌 5: 부드러운 키스: 1부","6/6/20"
"매드맨: 시즌 4: 투모로우랜드","6/6/20"
"매드맨: 시즌 4: 연기를 날리다","6/6/20"
"매드맨: 시즌 4: 장벽","6/6/20"
"매드맨: 시즌 4: 무릎 꿇다","6/6/20"
"매드맨: 시즌 4: 아름다운 여성들","6/4/20"
"매드맨: 시즌 4: 여름 남자","6/4/20"
"매드맨: 시즌 4: 여행 가방","6/3/20"
"매드맨: 시즌 4: 월도프 이야기","6/2/20"
"매드맨: 시즌 4: 국화와 칼","6/2/20"
"매드맨: 시즌 4: 퇴짜","6/2/20"
"매드맨: 시즌 4: 기쁜 소식","5/31/20"
"매드맨: 시즌 4: 일 년에 단 하루 크리스마스","5/31/20"
"매드맨: 시즌 4: 홍보 전략","5/31/20"
"매드맨: 시즌 3: 문 닫고 앉으시죠","5/31/20"
"매드맨: 시즌 3: 비극에 대처하는 그들의 자세","5/31/20"
"매드맨: 시즌 3: 집시와 떠돌이","5/31/20"
"매드맨: 시즌 3: 같은 색상 다른 생각","5/31/20"
"매드맨: 시즌 3: 잠 못 드는 밤","5/31/20"
"매드맨: 시즌 3: 기념품","5/30/20"
"매드맨: 시즌 3: 7.23","5/30/20"
"매드맨: 시즌 3: 입사와 퇴사","5/29/20"
"매드맨: 시즌 3: 안개 속","5/28/20"
"매드맨: 시즌 3: 준비","5/26/20"
"매드맨: 시즌 3: 켄터키 옛집","5/25/20"
"매드맨: 시즌 3: 과거, 그리고 가족","5/24/20"
"매드맨: 시즌 3: 출장","5/21/20"
"매드맨: 시즌 2: 산왕","5/19/20"
"매드맨: 시즌 2: 위기 속 명상","5/19/20"
"매드맨: 시즌 2: 제트족","5/17/20"
"매드맨: 시즌 2: 상속","5/16/20"
"매드맨: 시즌 2: 6개월 휴직","5/16/20"
"매드맨: 시즌 2: 잊지 못할 밤","5/12/20"
"매드맨: 시즌 2: 황금 바이올린","5/10/20"
"스타트렉: 넥스트 제너레이션: 시즌 2: 시끄러운 속삭임","5/8/20"
"매드맨: 시즌 2: 란제리 광고","5/7/20"
"매드맨: 시즌 2: 신입 비서","5/5/20"
"매드맨: 시즌 2: 세 번의 주일","5/5/20"
"익스플레인: 세계를 해설하다: 시즌 1: 소리와 음악 사이","5/4/20"
"매드맨: 시즌 2: 후원자","5/3/20"
"투 핫!: 시즌 1: 유혹의 밤","5/3/20"
"매드맨: 시즌 2: 1번 항공편","5/2/20"
"투 핫!: 시즌 1: 남자보다 친구가 우선","5/2/20"
"매드맨: 시즌 2: 젊은 생각을 위하여","4/30/20"
"매드맨: 바퀴","4/30/20"
"매드맨: 닉슨 대 케네디","4/30/20"
"매드맨: 늦가을 무더위","4/30/20"
"매드맨: 기나긴 주말","4/29/20"
"투 핫!: 시즌 1: 브라이스는 아닌가 봐","4/28/20"
"매드맨: 액션","4/27/20"
"투 핫!: 시즌 1: 소년에서 남자로","4/27/20"
"투 핫!: 시즌 1: 둘은 동병상련, 셋은 뻘쭘한 스리섬","4/26/20"
"슬기로운 의사생활: 시즌 1: 7화","4/26/20"
"매드맨: 유랑자의 암호","4/24/20"
"매드맨: 상기된 얼굴","4/22/20"
"투 핫!: 시즌 1: 짜릿한 복수의 맛","4/20/20"
"화이트 걸","4/20/20"
"매드맨: 바빌론","4/20/20"
"매드맨: 5천 달러","4/20/20"
"투 핫!: 시즌 1: 해리가 프란체스카를 만났을 때","4/19/20"
"매드맨: 뉴욕, 뉴암스테르담","4/19/20"
"투 핫!: 시즌 1: 러브, 섹스 아니면 돈","4/19/20"
"슬리핑 위드 아더 피플","4/19/20"
"뉴니스","4/19/20"
"더 킹: 영원의 군주: 1화","4/18/20"
"매드맨: 피가로의 결혼","4/15/20"
"슬기로운 의사생활: 시즌 1: 1화","4/15/20"
"매드맨: 숙녀 화장실","4/14/20"
"매드맨: 연기에 빠지다","4/14/20"
"스타트렉: 넥스트 제너레이션: 시즌 2: 뻔뻔한 오코나","4/12/20"
"킹덤: 시즌 2: 6화","4/9/20"
"킹덤: 시즌 2: 5화","4/9/20"
"킹덤: 시즌 2: 4화","4/9/20"
"킹덤: 시즌 2: 3화","4/8/20"
"킹덤: 시즌 2: 2화","4/8/20"
"킹덤: 시즌 2: 1화","4/7/20"
"킹덤: 시즌 1: 1화","4/7/20"
"센스8: 시즌 1: 나는 우리다","4/7/20"
"센스8: 시즌 1: 인류보다 오래된 언어","4/7/20"
"사랑의 불시착: 리미티드 시리즈: 1화","4/7/20"
"사랑의 불시착: 리미티드 시리즈: 16화","4/7/20"
"당신과 나, 그리고 그녀: 시즌 4: 우리가 누구든 무엇이든","4/7/20"
"당신과 나, 그리고 그녀: 시즌 4: 너는 내 운명","4/7/20"
"당신과 나, 그리고 그녀: 시즌 4: 난장판","4/7/20"
"당신과 나, 그리고 그녀: 시즌 4: 응징은 달걀로","4/7/20"
"당신과 나, 그리고 그녀: 시즌 4: 잠자는 개를 건들지 말라","4/7/20"
"당신과 나, 그리고 그녀: 시즌 4: 다자연애 개척자","4/6/20"
"당신과 나, 그리고 그녀: 시즌 4: 배터리 없는 컨트롤러","4/6/20"
"당신과 나, 그리고 그녀: 시즌 4: 총체적 난관","4/5/20"
"당신과 나, 그리고 그녀: 시즌 4: 세상 슬픈 광대 쇼","4/5/20"
"당신과 나, 그리고 그녀: 시즌 4: 이래도 될까","4/5/20"
"당신과 나, 그리고 그녀: 시즌 3: 우리 함께, 이렇게","4/5/20"
"당신과 나, 그리고 그녀: 시즌 3: 우울에 빠진 바보","4/5/20"
"당신과 나, 그리고 그녀: 시즌 3: 때가 좋지 않은데","4/4/20"
"당신과 나, 그리고 그녀: 시즌 3: 우리가 원하는 것","4/4/20"
"당신과 나, 그리고 그녀: 시즌 3: 한 번 속지 두 번 속나","4/4/20"
"당신과 나, 그리고 그녀: 시즌 3: 호랑이 우리에서","4/4/20"
"당신과 나, 그리고 그녀: 시즌 3: 이런 일이 생기다니","4/4/20"
"당신과 나, 그리고 그녀: 시즌 3: 끝난 걸까","4/4/20"
"당신과 나, 그리고 그녀: 시즌 3: 어떻게 나한테 그래?","4/4/20"
"당신과 나, 그리고 그녀: 시즌 3: 그녀는 시애틀에","4/4/20"
"당신과 나, 그리고 그녀: 시즌 2: 베이비, 우리 사랑 어디로","4/4/20"
"당신과 나, 그리고 그녀: 시즌 2: 희망과 보드카","4/4/20"
"당신과 나, 그리고 그녀: 시즌 2: 꺼져, 사랑 중독자","4/4/20"
"당신과 나, 그리고 그녀: 시즌 2: 나는 가난한 대리모?","4/4/20"
"당신과 나, 그리고 그녀: 시즌 2: 뭐가 문제야?","4/3/20"
"당신과 나, 그리고 그녀: 시즌 2: 연애 수업","4/3/20"
"당신과 나, 그리고 그녀: 시즌 2: 슈뢰딩거의 고양이","4/3/20"
"당신과 나, 그리고 그녀: 시즌 2: 루비, 루비, 루비","4/3/20"
"당신과 나, 그리고 그녀: 시즌 2: 잊지 못할 지난날","4/2/20"
"당신과 나, 그리고 그녀: 시즌 2: 섹스 요정의 불꽃은 영원히","4/2/20"
"당신과 나, 그리고 그녀: 새로운 시작","4/2/20"
"당신과 나, 그리고 그녀: 스위트 홈 콜로라도","4/2/20"
"당신과 나, 그리고 그녀: 삼자정리","4/2/20"
"당신과 나, 그리고 그녀: 스리섬 그 후","4/2/20"
"당신과 나, 그리고 그녀: 스리섬","4/2/20"
"당신과 나, 그리고 그녀: 조카 재키? 이지?","4/2/20"
"당신과 나, 그리고 그녀: 현실 체크가 필요해","4/2/20"
"당신과 나, 그리고 그녀: 삽입 금지 규칙","4/2/20"
"당신과 나, 그리고 그녀: 침착하세요","4/2/20"
"당신과 나, 그리고 그녀: 도우미 구함","4/1/20"
"오티스의 비밀 상담소: 시즌 2: 8화","3/30/20"
"오티스의 비밀 상담소: 시즌 2: 7화","3/29/20"
"오티스의 비밀 상담소: 시즌 2: 6화","3/29/20"
"오티스의 비밀 상담소: 시즌 2: 5화","3/27/20"
"오티스의 비밀 상담소: 시즌 2: 4화","3/26/20"
"오티스의 비밀 상담소: 시즌 2: 3화","3/26/20"
"오티스의 비밀 상담소: 시즌 2: 2화","3/26/20"
"오티스의 비밀 상담소: 시즌 2: 1화","3/25/20"
"오티스의 비밀 상담소: 시즌 1: 8화","3/25/20"
"오티스의 비밀 상담소: 시즌 1: 7화","3/25/20"
"오티스의 비밀 상담소: 시즌 1: 6화","3/24/20"
"스타트렉: 넥스트 제너레이션: 시즌 2: 기본이지, 친애하는 데이터","3/24/20"
"오티스의 비밀 상담소: 시즌 1: 5화","3/24/20"
"오티스의 비밀 상담소: 시즌 1: 4화","3/23/20"
"오티스의 비밀 상담소: 시즌 1: 3화","3/23/20"
"오티스의 비밀 상담소: 시즌 1: 2화","3/23/20"
"스타트렉: 넥스트 제너레이션: 시즌 2: 침묵만이 있는 곳","3/23/20"
"스타트렉: 넥스트 제너레이션: 시즌 2: 아이","3/23/20"
"오티스의 비밀 상담소: 시즌 1: 1화","3/23/20"
"스타트렉: 넥스트 제너레이션: 중립지대","3/22/20"
"스타트렉: 넥스트 제너레이션: 음모","3/22/20"
"스타트렉: 넥스트 제너레이션: 우리 마음속엔 언제나 파리가 있다","3/22/20"
"스타트렉: 넥스트 제너레이션: 악마의 껍질","3/22/20"
"스타트렉: 넥스트 제너레이션: 공생","3/22/20"
"스타트렉: 넥스트 제너레이션: 자유의 화약고","3/22/20"
"스타트렉: 넥스트 제너레이션: 영광의 의미","3/22/20"
"스타트렉: 넥스트 제너레이션: 어른이 된다는 것","3/21/20"
"붉은 바캉스 검은 웨딩","3/21/20"
"스타트렉: 넥스트 제너레이션: 고향의 흙","3/19/20"
"스타트렉: 넥스트 제너레이션: 나뭇가지가 부러질 때","3/18/20"
"스타트렉: 넥스트 제너레이션: 너무나 짧았던 시절","3/18/20"
"스타트렉: 넥스트 제너레이션: 11001001","3/17/20"
"스타트렉: 넥스트 제너레이션: 에인절 1","3/16/20"
"스타트렉: 넥스트 제너레이션: 데이터로어","3/16/20"
"스타트렉: 넥스트 제너레이션: 영원한 작별","3/15/20"
"스타트렉: 넥스트 제너레이션: 헤이븐","3/15/20"
"스타트렉: 넥스트 제너레이션: 숨어라, Q가 나타났다","3/15/20"
"스타트렉: 넥스트 제너레이션: 맥시아 전투","3/15/20"
"스타트렉: 넥스트 제너레이션: 정의","3/15/20"
"스타트렉: 넥스트 제너레이션: 군중 속의 고독","3/15/20"
"스타트렉: 넥스트 제너레이션: 전인미답의 우주","3/14/20"
"배드 맘스","3/14/20"
"사랑의 불시착: 리미티드 시리즈: 10화","3/14/20"
"스타트렉: 넥스트 제너레이션: 마지막 전초 기지","3/14/20"
"스타트렉: 넥스트 제너레이션: 명예","3/13/20"
"스타트렉: 넥스트 제너레이션: 적나라한 시간","3/13/20"
"스타트렉: 넥스트 제너레이션: 파포인트에서의 조우 1부 & 2부","3/13/20"
"스타트렉: 시즌 3: 뒤바뀐 침입자","3/13/20"
"스타트렉: 시즌 3: 우리의 지난날들","3/13/20"
"스타트렉: 시즌 3: 야만의 장막","3/13/20"
"스타트렉: 시즌 3: 구름 채굴자들","3/13/20"
"스타트렉: 시즌 3: 에덴으로 가는 길","3/12/20"
"스타트렉: 시즌 3: 므두셀라를 위한 진혼곡","3/12/20"
"스타트렉: 시즌 3: 제타의 빛","3/10/20"
"스타트렉: 시즌 3: 생존하는 것","3/10/20"
"스타트렉: 시즌 3: 마지막 전투가 되게 하라","3/9/20"
"스타트렉: 시즌 3: 기드온의 표시","3/9/20"
"스타트렉: 시즌 3: 신들이 파괴하는 자","3/6/20"
"스타트렉: 시즌 3: 트로이우스의 엘란","3/5/20"
"스타트렉: 시즌 3: 공감능력자","3/5/20"
"스타트렉: 시즌 3: 눈 깜짝할 사이","3/5/20"
"스타트렉: 시즌 3: 플라톤의 의붓자식들","3/5/20"
"스타트렉: 시즌 3: 쏠리언의 거미줄","3/3/20"
"스타트렉: 시즌 3: 세상이 공허하기에 나는 하늘을 만졌다","3/3/20"
"스타트렉: 시즌 3: 비둘기의 날","3/3/20"
"스타트렉: 시즌 3: 총의 유령","3/2/20"
"스타트렉: 시즌 3: 아름다움이란 정녕 없는 것인가?","2/29/20"
"스타트렉: 시즌 3: 아이들이 인도하리라","2/28/20"
"스타트렉: 시즌 3: 천국 증후군","2/26/20"
"스타트렉: 시즌 3: 엔터프라이즈 사건","2/25/20"
"스타트렉: 시즌 3: 스팍의 뇌","2/25/20"
"스타트렉: 시즌 2: 임무: 지구","2/25/20"
"스타트렉: 시즌 2: 빵과 서커스","2/25/20"
"스타트렉: 시즌 2: 궁극의 컴퓨터","2/23/20"
"스타트렉: 시즌 2: 오메가 행성의 영광","2/20/20"
"스타트렉: 시즌 2: 어떤 이름으로든","2/20/20"
"스타트렉: 시즌 2: 힘의 패턴","2/20/20"
"스타트렉: 시즌 2: 내일로의 귀환","2/20/20"
"스타트렉: 시즌 2: 은밀한 작은 전쟁","2/19/20"
"스타트렉: 시즌 2: 면역 신드롬","2/19/20"
"스타트렉: 시즌 2: 몫","2/19/20"
"스타트렉: 시즌 2: 트리스켈리온의 도박사","2/16/20"
"스타트렉: 시즌 2: 사랑스러운 트리블","2/15/20"
"스타트렉: 시즌 2: 양의 탈을 쓴 늑대","2/15/20"
"스타트렉: 시즌 2: 집착","2/14/20"
"스타트렉: 시즌 2: 죽음을 향해가는 시간","2/14/20"
"스타트렉: 시즌 2: 금요일의 아이","2/14/20"
"스타트렉: 시즌 2: 바벨로 가는 길","2/13/20"
"스타트렉: 시즌 2: 메타모포시스","2/13/20"
"스타트렉: 시즌 2: 나, 머드 1세","2/10/20"
"스타트렉: 시즌 2: 고양이의 발톱","2/10/20"
"사랑의 불시착: 리미티드 시리즈: 9화","2/9/20"
"사랑의 불시착: 리미티드 시리즈: 8화","2/9/20"
"스타트렉: 시즌 2: 최후 심판의 무기","2/9/20"
"스타트렉: 시즌 2: 선악과","2/9/20"
"스타트렉: 시즌 2: 평행  우주","2/7/20"
"스타트렉: 시즌 2: 체인질링","2/6/20"
"스타트렉: 시간의 문","2/6/20"
"스타트렉: 시즌 2: 누가 아도네이스를 애도하는가","2/5/20"
"스타트렉: 시즌 2: 폰파","2/5/20"
"스타트렉: 작전명: 전멸","2/5/20"
"스타트렉: 대안적 요소","2/5/20"
"스타트렉: 자비의 전령","2/5/20"
"스타트렉: 어둠 속의 악마","2/5/20"
"스타트렉: 낙원의 이면","2/4/20"
"스타트렉: 아마겟돈","2/3/20"
"스타트렉: 우주의 씨앗","2/2/20"
"스타트렉: 아르콘의 귀환","2/1/20"
"스타트렉: 군사 재판","1/29/20"
"스타트렉: 내일은 어제","1/28/20"
"스타트렉: 혈투","1/27/20"
"스타트렉: 고토스의 영주","1/25/20"
"스타트렉: 갈릴레오의 7인","1/25/20"
"스타트렉: 상륙 휴가","1/25/20"
"스타트렉: 공포의 균형","1/25/20"
"스타트렉: 왕의 양심","1/23/20"
"스타트렉: 메나쥬리 2부","1/22/20"
"스타트렉: 메나쥬리 1부","1/19/20"
"스타트렉: 코보마이트 작전","1/14/20"
"스타트렉: 마음의 단검","1/11/20"
"스타트렉: 미리","1/9/20"
"스타트렉: 소녀는 무엇으로 만들어졌나","1/5/20"
"스타트렉: 해리 머드의 여인들","1/5/20"
"스타트렉: 내부의 적","1/4/20"
"스타트렉: 본성","1/3/20"
"스타트렉: 아무도 가본 적 없는 곳","1/3/20"
"스타트렉: 찰리 X","1/1/20"
"스타트렉: 덫","12/31/19"
"스타트렉: 환상","12/29/19"
"아이리시맨","12/28/19"
"빅뱅 이론: 시즌 12: 스톡홀름 증후군","12/22/19"
"빅뱅 이론: 똑똑한 과학자들","12/22/19"
"빅뱅 이론: 시즌 12: 변화 상수","12/22/19"
"빅뱅 이론: 시즌 12: 모성 결론","12/22/19"
"빅뱅 이론: 시즌 12: 표절 분열","12/22/19"
"빅뱅 이론: 시즌 12: 결정 반향","12/22/19"
"빅뱅 이론: 시즌 12: 영감 상실","12/22/19"
"빅뱅 이론: 시즌 12: 수상자 누적","12/22/19"
"빅뱅 이론: 시즌 12: 학회 평가","12/22/19"
"빅뱅 이론: 시즌 12: D&D 소용돌이","12/22/19"
"빅뱅 이론: 시즌 12: 기증 동요","12/22/19"
"빅뱅 이론: 시즌 12: 운석 프로젝트","12/22/19"
"빅뱅 이론: 시즌 12: 증명 분극화","12/22/19"
"빅뱅 이론: 시즌 12: 번식 제의","12/22/19"
"빅뱅 이론: 시즌 12: 페인트볼 분산","12/22/19"
"빅뱅 이론: 시즌 12: VCR 계시","12/21/19"
"빅뱅 이론: 시즌 12: 인용 모순","12/21/19"
"빅뱅 이론: 시즌 12: 최초 교합 편차","12/21/19"
"빅뱅 이론: 시즌 12: 기금 분배 산식","12/21/19"
"빅뱅 이론: 시즌 12: 모방 교란","12/21/19"
"빅뱅 이론: 시즌 12: 천문관 충돌","12/21/19"
"빅뱅 이론: 시즌 12: 탬 난기류","12/21/19"
"빅뱅 이론: 시즌 12: 출산 계산","12/21/19"
"빅뱅 이론: 시즌 12: 결혼 선물 웜홀","12/20/19"
"빅뱅 이론: 시즌 12: 부부 관계","12/20/19"
"빅뱅 이론: 시즌 11: 나비넥타이 비대칭","12/19/19"
"빅뱅 이론: 시즌 11: 형제 재편성","12/19/19"
"빅뱅 이론: 시즌 11: 자금 부족","12/19/19"
"빅뱅 이론: 시즌 11: 혜성 분극","12/19/19"
"빅뱅 이론: 시즌 11: 은둔 생활의 필요성","12/19/19"
"빅뱅 이론: 시즌 11: 세입자 분리 작용","12/18/19"
"빅뱅 이론: 시즌 11: 나의 우상, 빌 게이츠","12/18/19"
"빅뱅 이론: 시즌 11: 애서니엄 수호 작전","12/18/19"
"빅뱅 이론: 시즌 11: 신생아 작명","12/18/19"
"빅뱅 이론: 시즌 11: 소설화 상관관계","12/18/19"
"빅뱅 이론: 시즌 11: 별거 삼각관계","12/15/19"
"빅뱅 이론: 시즌 11: 솔로의 동요","12/15/19"
"빅뱅 이론: 시즌 11: 결혼 준비 점수표","12/15/19"
"빅뱅 이론: 시즌 11: 파티 부작용","12/15/19"
"빅뱅 이론: 시즌 11: 자신감 하락","12/14/19"
"빅뱅 이론: 시즌 11: 비트코인 소동","12/13/19"
"빅뱅 이론: 시즌 11: 테슬라 반동","12/13/19"
"빅뱅 이론: 시즌 11: 지질학적 방법론","12/13/19"
"빅뱅 이론: 시즌 11: 프로톤 교수의 부활","12/13/19"
"빅뱅 이론: 시즌 11: 공동 작업","12/13/19"
"빅뱅 이론: 시즌 11: 폭발과 내폭","12/9/19"
"동백꽃 필 무렵: 기적 같은 소리","12/8/19"
"동백꽃 필 무렵: 7년 3개월짜리 엄마","12/8/19"
"동백꽃 필 무렵: 여덟 살 인생","12/8/19"
"동백꽃 필 무렵: 옹벤저스","12/8/19"
"동백꽃 필 무렵: 공수 교대 (feat. 악셀을 밟는 자)","12/8/19"
"동백꽃 필 무렵: 엄마. 妈妈. Mother.","12/8/19"
"동백꽃 필 무렵: 엄마의 나이테 엄마는 그렇게 나이를 먹었다.","12/8/19"
"동백꽃 필 무렵: 그  썸의 끝","12/8/19"
"동백꽃 필 무렵: 나를 잊지 말아요","12/7/19"
"동백꽃 필 무렵: 히어로는 막판이다","12/7/19"
"동백꽃 필 무렵: 착한 놈은 계를 못 타","12/7/19"
"동백꽃 필 무렵: 웰컴이다","12/7/19"
"동백꽃 필 무렵: 이 구역의 스라소니","12/7/19"
"동백꽃 필 무렵: 옹산 요정","12/7/19"
"동백꽃 필 무렵: 1986.08.29. 본투비하마","12/7/19"
"빅뱅 이론: 시즌 11: 이완 융합","12/7/19"
"빅뱅 이론: 시즌 11: 철회 반응","12/7/19"
"빅뱅 이론: 시즌 11: 청혼","12/7/19"
"빅뱅 이론: 시즌 10: 원거리 불협화음","12/7/19"
"빅뱅 이론: 시즌 10: 자이로스코프 붕괴","12/7/19"
"빅뱅 이론: 시즌 10: 인지 재생","12/7/19"
"빅뱅 이론: 시즌 10: 이별의 두려움","12/7/19"
"빅뱅 이론: 시즌 10: 기억 소실","12/7/19"
"빅뱅 이론: 시즌 10: 공동연구의 오르내림","12/7/19"
"빅뱅 이론: 시즌 10: 회귀 본능","12/7/19"
"빅뱅 이론: 시즌 10: 코믹콘 염원","12/7/19"
"빅뱅 이론: 시즌 10: 부정적인 행동의 파장","12/6/19"
"빅뱅 이론: 시즌 10: 되돌리기","12/6/19"
"동백꽃 필 무렵: 바람, 바람, 파란","12/3/19"
"동백꽃 필 무렵: 촌놈","12/1/19"
"동백꽃 필 무렵: 똥개의 전략","12/1/19"
"동백꽃 필 무렵: 좋은놈, 나쁜놈, 치사한놈,","12/1/19"
"동백꽃 필 무렵: 게르마늄 팔찌를 찬 여자","11/29/19"
"빅뱅 이론: 시즌 10: 자동 감정 탐지기","11/28/19"
"빅뱅 이론: 시즌 10: 애정전선 재정비","11/27/19"
"빅뱅 이론: 시즌 10: 크리스마스 악몽","11/24/19"
"빅뱅 이론: 시즌 10: 출산 대소동","11/24/19"
"빅뱅 이론: 시즌 10: 재산 나누기 충돌","11/24/19"
"빅뱅 이론: 시즌 10: 지질학의 승격","11/21/19"
"빅뱅 이론: 시즌 10: 뇌세포 배양 소동","11/21/19"
"빅뱅 이론: 시즌 10: 진실의 탄력성","11/21/19"
"빅뱅 이론: 시즌 10: 아기 발길질","11/20/19"
"빅뱅 이론: 시즌 10: 온탕의 습격자들","11/20/19"
"빅뱅 이론: 시즌 10: 동거 실험","11/19/19"
"빅뱅 이론: 시즌 10: 총알 같은 세월","11/19/19"
"빅뱅 이론: 시즌 10: 군대 축소판","11/18/19"
"빅뱅 이론: 시즌 10: 결혼 이야기","11/18/19"
"빅뱅 이론: 시즌 9: 집중 집합","11/18/19"
"빅뱅 이론: 시즌 9: 줄 대체","11/18/19"
"빅뱅 이론: 시즌 9: 발효 분열","11/18/19"
"빅뱅 이론: 시즌 9: 관람 연소","11/17/19"
"빅뱅 이론: 시즌 9: 곰인형 촉발","11/16/19"
"빅뱅 이론: 시즌 9: 납땜 우회 여행","11/16/19"
"빅뱅 이론: 시즌 9: 신청서 소동","11/16/19"
"빅뱅 이론: 시즌 9: 축하 실험","11/16/19"
"빅뱅 이론: 시즌 9: 양성 음성 반응","11/16/19"
"빅뱅 이론: 시즌 9: 발렌티노 잠수","11/16/19"
"빅뱅 이론: 시즌 9: 할망 등장","11/15/19"
"빅뱅 이론: 시즌 9: 공감 최적화","11/11/19"
"빅뱅 이론: 시즌 9: 판매 잠재 지각 작용","11/11/19"
"빅뱅 이론: 시즌 9: 개봉일 자극","11/11/19"
"빅뱅 이론: 시즌 9: 맴도는 노래 반향","11/11/19"
"빅뱅 이론: 시즌 9: 플라토닉 치환","11/11/19"
"빅뱅 이론: 시즌 9: 비밀 데이트 관찰","11/9/19"
"빅뱅 이론: 시즌 9: 스팍 공명","11/9/19"
"빅뱅 이론: 시즌 9: 헬륨 불충분","11/7/19"
"빅뱅 이론: 시즌 9: 땀방울 성취","11/7/19"
"빅뱅 이론: 시즌 9: 2003의 근사치","11/4/19"
"빅뱅 이론: 시즌 9: 총각 파티 침식","11/4/19"
"빅뱅 이론: 시즌 9: 이별 진동","11/3/19"
"빅뱅 이론: 시즌 9: 결혼 가속도","11/3/19"
"빅뱅 이론: 시즌 8: 헌신적인 결단","10/28/19"
"빅뱅 이론: 시즌 8: 엄마들의 신경전","10/28/19"
"빅뱅 이론: 시즌 8: 환상의 졸업 연설","10/28/19"
"빅뱅 이론: 시즌 8: 외계와의 소통","10/27/19"
"빅뱅 이론: 시즌 8: 나만의 요새","10/27/19"
"빅뱅 이론: 시즌 8: 스카이워커 랜치","10/26/19"
"빅뱅 이론: 시즌 8: 잔여물 열처리","10/26/19"
"빅뱅 이론: 시즌 8: 화성 정복 지원서","10/26/19"
"빅뱅 이론: 시즌 8: 친밀감 상승 테스트","10/26/19"
"빅뱅 이론: 시즌 8: 다시 문을 연 만화가게","10/26/19"
"빅뱅 이론: 시즌 8: 악플러의 공격","10/25/19"
"빅뱅 이론: 시즌 8: 완벽한 불안수준","10/25/19"
"빅뱅 이론: 시즌 8: 라지의 우주 탐사선","10/24/19"
"빅뱅 이론: 시즌 8: 청정실의 침입자","10/24/19"
"빅뱅 이론: 시즌 8: 엉뚱한 축배","10/23/19"
"빅뱅 이론: 시즌 8: 비중격 만곡증","10/23/19"
"빅뱅 이론: 시즌 8: 댄스파티의 추억","10/22/19"
"빅뱅 이론: 시즌 8: 친절이 부르는 오해","10/22/19"
"빅뱅 이론: 시즌 8: 탐험 근사치","10/22/19"
"빅뱅 이론: 시즌 8: 감쇠된 집중력","10/20/19"
"빅뱅 이론: 시즌 8: 다중반사","10/20/19"
"빅뱅 이론: 시즌 8: 시구는 어려워","10/20/19"
"빅뱅 이론: 시즌 8: 조교수가 되는 길","10/19/19"
"빅뱅 이론: 시즌 8: 중단된 기차 여행","10/18/19"
"빅뱅 이론: 시즌 7: 새로운 삶을 찾아서","10/17/19"
"빅뱅 이론: 시즌 7: 행복의 조건","10/17/19"
"빅뱅 이론: 시즌 7: 프로톤의 충고","10/17/19"
"빅뱅 이론: 시즌 7: 돌아온 예측불허의 목요일","10/14/19"
"빅뱅 이론: 시즌 7: 끊어진 끈 이론","10/14/19"
"빅뱅 이론: 시즌 7: 우유부단의 폐해","10/14/19"
"빅뱅 이론: 시즌 7: 엄마의 연애","10/13/19"
"빅뱅 이론: 시즌 7: 우정의 난기류","10/13/19"
"빅뱅 이론: 시즌 7: 식탁의 필요성","10/13/19"
"빅뱅 이론: 시즌 7: 달콤한 밸런타인데이","10/12/19"
"빅뱅 이론: 시즌 7: 머나먼 코믹콘","10/9/19"
"빅뱅 이론: 시즌 7: 중대한 결정","10/9/19"
"빅뱅 이론: 시즌 7: 취중 청혼","10/9/19"
"빅뱅 이론: 시즌 7: 이 세상에 셸던이 없다면","10/8/19"
"빅뱅 이론: 시즌 7: 괴로운 유명세","10/8/19"
"빅뱅 이론: 시즌 7: 추수감사절에 생긴 일","10/8/19"
"빅뱅 이론: 시즌 7: 간접 체험","10/7/19"
"빅뱅 이론: 시즌 7: 프로톤 교수의 부탁","10/7/19"
"빅뱅 이론: 시즌 7: 세 커플","10/7/19"
"빅뱅 이론: 시즌 7: 직장과 연애의 상관관계","10/7/19"
"빅뱅 이론: 시즌 7: 동정심 활용의 극대화","10/6/19"
"빅뱅 이론: 시즌 7: 보물 찾기","10/6/19"
"빅뱅 이론: 시즌 7: 우정보다 사랑","10/6/19"
"빅뱅 이론: 시즌 7: 레너드의 빈 자리","10/6/19"
"빅뱅 이론: 시즌 6: 이별에 대한 반응","10/5/19"
"빅뱅 이론: 시즌 6: 연인의 관계","10/5/19"
"빅뱅 이론: 시즌 6: 셸던의 우상","10/5/19"
"빅뱅 이론: 시즌 6: 끝내야 사는 남자","10/4/19"
"빅뱅 이론: 시즌 6: 종신 계약 소동","10/4/19"
"빅뱅 이론: 시즌 6: 편지","10/4/19"
"빅뱅 이론: 시즌 6: 마음은 언제나 공주","10/4/19"
"빅뱅 이론: 시즌 6: 페니의 놀라운 능력","10/4/19"
"빅뱅 이론: 시즌 6: 애정의 증거","10/3/19"
"빅뱅 이론: 시즌 6: 새로운 룸메이트","10/3/19"
"빅뱅 이론: 시즌 6: 편리한 핑계","10/2/19"
"빅뱅 이론: 시즌 6: 베이커스필드 원정","10/2/19"
"빅뱅 이론: 시즌 6: 한낮의 달걀 샌드위치","9/30/19"
"빅뱅 이론: 시즌 6: 산타의 기억","9/30/19"
"빅뱅 이론: 시즌 6: 생선 손질 벼락치기","9/29/19"
"빅뱅 이론: 시즌 6: 복수를 부르는 주차장","9/29/19"
"빅뱅 이론: 시즌 6: 비밀의 43","9/29/19"
"빅뱅 이론: 시즌 6: 하워드의 보금자리","9/28/19"
"빅뱅 이론: 시즌 6: 우정이 넘지 말아야 할 선","9/26/19"
"빅뱅 이론: 시즌 6: 핼러윈 파티","9/26/19"
"빅뱅 이론: 시즌 6: 소박한 귀환","9/26/19"
"빅뱅 이론: 시즌 6: 힉스 입자의 교훈","9/26/19"
"빅뱅 이론: 시즌 6: 결별에 대한 고찰","9/25/19"
"빅뱅 이론: 시즌 6: 데이트의 불청객","9/25/19"
"빅뱅 이론: 시즌 5: 카운트다운 반사","9/22/19"
"빅뱅 이론: 시즌 5: 발진 가속","9/22/19"
"빅뱅 이론: 시즌 5: 남성 집합점","9/22/19"
"빅뱅 이론: 시즌 5: 호킹 자극","9/22/19"
"빅뱅 이론: 시즌 5: 트랜스포터 오작동","9/22/19"
"빅뱅 이론: 시즌 5: 주말 소용돌이","9/22/19"
"빅뱅 이론: 시즌 5: 늑대인간 변신","9/22/19"
"빅뱅 이론: 시즌 5: 로스먼 분열","9/20/19"
"빅뱅 이론: 시즌 5: 휴가 해법","9/20/19"
"빅뱅 이론: 시즌 5: 우정 축소","9/20/19"
"빅뱅 이론: 시즌 5: 베타 테스트 실시","9/20/19"
"빅뱅 이론: 시즌 5: 재조합 가설","9/20/19"
"빅뱅 이론: 시즌 5: 반짝이 공작","9/19/19"
"빅뱅 이론: 시즌 5: 스페커먼 재발","9/18/19"
"빅뱅 이론: 시즌 5: 불타는 타구 습득","9/18/19"
"빅뱅 이론: 시즌 5: 조류 공포증 확산","9/18/19"
"빅뱅 이론: 시즌 5: 고립 순열","9/17/19"
"빅뱅 이론: 시즌 5: 좋은 남자 변동","9/17/19"
"빅뱅 이론: 시즌 5: 비염 공개","9/17/19"
"빅뱅 이론: 시즌 5: 러시아 로켓 반응","9/17/19"
"빅뱅 이론: 시즌 5: 손가락 대화 촉매","9/17/19"
"빅뱅 이론: 시즌 5: 사타구니 결림 추정","9/17/19"
"빅뱅 이론: 시즌 5: 벌레 가설","9/17/19"
"빅뱅 이론: 시즌 5: 난잡한 반응 분석","9/17/19"
"빅뱅 이론: 시즌 4: 룸메이트 바꾸기","9/17/19"
"빅뱅 이론: 시즌 4: 오해와 진실","9/17/19"
"빅뱅 이론: 시즌 4: 이중 첩자","9/17/19"
"빅뱅 이론: 시즌 4: 협정의 허점","9/17/19"
"빅뱅 이론: 시즌 4: 소문은 바람을 타고","9/17/19"
"빅뱅 이론: 시즌 4: 네브래스카식 응징","9/16/19"
"빅뱅 이론: 시즌 4: 마술의 원리","9/16/19"
"빅뱅 이론: 시즌 4: 새로운 패거리","9/16/19"
"빅뱅 이론: 시즌 4: 두 여자","9/16/19"
"빅뱅 이론: 시즌 4: 모금의 기술","9/15/19"
"빅뱅 이론: 시즌 4: 페니의 연기 강습","9/15/19"
"빅뱅 이론: 시즌 4: 샌프란시스코에서 생긴 일","9/15/19"
"빅뱅 이론: 시즌 4: 대박 앱 만들기","9/15/19"
"빅뱅 이론: 시즌 4: 저스티스 리그 총출동","9/15/19"
"빅뱅 이론: 시즌 4: 빛 좋은 개살구","9/15/19"
"빅뱅 이론: 시즌 4: 페니의 남자친구","9/15/19"
"빅뱅 이론: 시즌 4: 21초를 위하여","9/15/19"
"빅뱅 이론: 시즌 4: 사과의 표시","9/15/19"
"빅뱅 이론: 시즌 4: 꼬리를 문 거짓말","9/14/19"
"빅뱅 이론: 시즌 4: 상견례 공포증","9/14/19"
"빅뱅 이론: 시즌 4: 하워드의 그녀","9/14/19"
"빅뱅 이론: 시즌 4: 너는 내 운명","9/14/19"
"빅뱅 이론: 시즌 4: 불멸의 셸던","9/14/19"
"빅뱅 이론: 시즌 4: 로봇 팔 활용법","9/14/19"
"빅뱅 이론: 시즌 3: 달의 자극","9/14/19"
"빅뱅 이론: 시즌 3: 계단 사용의 기원","9/14/19"
"빅뱅 이론: 시즌 3: 플림튼 자극","9/14/19"
"빅뱅 이론: 시즌 3: 스파게티 촉매","9/14/19"
"빅뱅 이론: 시즌 3: 휘턴의 재현","9/14/19"
"빅뱅 이론: 시즌 3: 셸던의 연설","9/14/19"
"빅뱅 이론: 시즌 3: 소중한 반지","9/13/19"
"빅뱅 이론: 시즌 3: 위대하신 스탠 리","9/13/19"
"빅뱅 이론: 시즌 3: 대형 강입자 충돌기","9/13/19"
"빅뱅 이론: 시즌 3: 아인슈타인 따라잡기","9/13/19"
"빅뱅 이론: 시즌 3: 보즈먼 반응","9/12/19"
"빅뱅 이론: 시즌 3: 영혼의 소용돌이","9/12/19"
"빅뱅 이론: 시즌 3: 모성애","9/12/19"
"빅뱅 이론: 시즌 3: 프로젝트 고릴라","9/8/19"
"빅뱅 이론: 시즌 3: 복수혈전","9/8/19"
"빅뱅 이론: 시즌 3: 오리 스티커","9/8/19"
"빅뱅 이론: 시즌 3: 기타 치는 친구","9/8/19"
"빅뱅 이론: 시즌 3: 소용돌이","9/7/19"
"빅뱅 이론: 시즌 3: 소름 돋는 행동","9/7/19"
"빅뱅 이론: 시즌 3: 해적 해결법","9/7/19"
"빅뱅 이론: 시즌 3: 고스족의 일탈","9/7/19"
"빅뱅 이론: 시즌 3: 귀뚜라미 내기","9/6/19"
"빅뱅 이론: 시즌 3: 전기 깡통 따개 변동","9/5/19"
"빅뱅 이론: 시즌 2: 북극 탐험","9/4/19"
"빅뱅 이론: 시즌 2: 우주 정거장의 위기","9/4/19"
"빅뱅 이론: 시즌 2: 고독의 요새","9/3/19"
"빅뱅 이론: 시즌 2: 왈로윗츠의 계수","9/3/19"
"빅뱅 이론: 시즌 2: 여왕벌의 싸움","9/2/19"
"빅뱅 이론: 시즌 2: 페니 블라섬","9/1/19"
"빅뱅 이론: 시즌 2: 터미네이터와의 조우","9/1/19"
"빅뱅 이론: 시즌 2: 쿠션 오염 사건","9/1/19"
"빅뱅 이론: 시즌 2: 어머니의 애정 용량","9/1/19"
"빅뱅 이론: 시즌 2: 채무자와 채권자","8/31/19"
"빅뱅 이론: 시즌 2: 친구 사귀기 알고리즘","8/29/19"
"빅뱅 이론: 시즌 2: 킬러 로봇 불안정성의 원리","8/29/19"
"빅뱅 이론: 시즌 2: 목욕용품 소동","8/27/19"
"빅뱅 이론: 시즌 2: 공동 생활 딜레마","8/26/19"
"빅뱅 이론: 시즌 2: 화이트 아스파라거스 삼각 측량법","8/25/19"
"빅뱅 이론: 시즌 2: 도마뱀-스팍 확장 이론","8/25/19"
"빅뱅 이론: 시즌 2: 위험한 승부","8/24/19"
"빅뱅 이론: 시즌 2: 쿠퍼-노위츠키의 명제","8/24/19"
"빅뱅 이론: 시즌 2: 운전면허 소동","8/24/19"
"빅뱅 이론: 시즌 2: 스타 탄생","8/24/19"
"빅뱅 이론: 시즌 2: 마약보다 더 무서운 중독","8/23/19"
"빅뱅 이론: 시즌 2: 샅가리개 위상수학","8/22/19"
"빅뱅 이론: 시즌 2: 썩은 생선 패러다임","8/22/19"
"빅뱅 이론: 탠저린 팩터","8/21/19"
"빅뱅 이론: 땅콩 반응","8/21/19"
"빅뱅 이론: 소녀의 비결정","8/20/19"
"빅뱅 이론: 타임머신","8/18/19"
"빅뱅 이론: 배트맨 과자단지 추측","8/18/19"
"빅뱅 이론: 예루살렘 이원성","8/17/19"
"빅뱅 이론: 팬케이크 반죽의 변칙","8/16/19"
"빅뱅 이론: 루벤펠드 부식","8/16/19"
"빅뱅 이론: 쿠퍼-호프스태터 분극화현상","8/15/19"
"빅뱅 이론: 메뚜기 실험","8/11/19"
"빅뱅 이론: 만두의 역설","8/9/19"
"빅뱅 이론: 중간계의 패러다임","8/9/19"
"빅뱅 이론: 햄버거 가설","8/8/19"
"빅뱅 이론: 빛나는 물고기 효과","8/7/19"
"빅뱅 이론: 부츠 따름정리","8/7/19"
"빅뱅 이론: 빅 브랜 가설","8/5/19"
"황제를 위하여","7/25/19"
"비밀애","7/25/19"
"봄","7/25/19"
"그 후","7/25/19"
"봄밤: 9회","7/13/19"
"스파르타쿠스: 갓 오브 아레나: 아버지의 귀환","6/18/19"
"스파르타쿠스: 갓 오브 아레나: 반전","6/18/19"
"스파르타쿠스: 갓 오브 아레나: 음모의 서막","6/17/19"
"아스달 연대기: 5화","6/17/19"
"스파르타쿠스: 피와 모래: 모두 죽여라","6/17/19"
"스파르타쿠스: 피와 모래: 계시","6/17/19"
"스파르타쿠스: 피와 모래: 상처","6/17/19"
"스파르타쿠스: 피와 모래: 검투사","6/16/19"
"스파르타쿠스: 피와 모래: 붉은 뱀","6/15/19"
"위험한 불장난: 카밀라는 두렵다","6/15/19"
"위험한 불장난: 파브리시오의 불장난","6/15/19"
"봄밤: 8회","6/13/19"
"오렌지 이즈 더 뉴 블랙: 시즌 3: 챙의 두 얼굴","6/9/19"
"오렌지 이즈 더 뉴 블랙: 시즌 3: 사기의 맛","6/7/19"
"오렌지 이즈 더 뉴 블랙: 시즌 3: 고군분투","6/7/19"
"오렌지 이즈 더 뉴 블랙: 시즌 3: 공감은 욕구를 억제하지","6/7/19"
"오렌지 이즈 더 뉴 블랙: 시즌 3: 빈대 습격","6/7/19"
"오렌지 이즈 더 뉴 블랙: 시즌 3: 어머니의 날","4/13/19"
"오렌지 이즈 더 뉴 블랙: 시즌 2: 우리는 매너있고 예의바르지","3/30/19"
"오렌지 이즈 더 뉴 블랙: 시즌 2: 불길한 느낌","3/25/19"
"오렌지 이즈 더 뉴 블랙: 시즌 2: 신뢰가 흔들릴때","3/23/19"
"오렌지 이즈 더 뉴 블랙: 시즌 2: 처음부터 거짓","3/12/19"
"오렌지 이즈 더 뉴 블랙: 시즌 2: 일시귀가","3/10/19"
"오렌지 이즈 더 뉴 블랙: 시즌 2: 행운의 징크스","3/5/19"
"오렌지 이즈 더 뉴 블랙: 시즌 2: 뉴스 레터","3/5/19"
"오렌지 이즈 더 뉴 블랙: 시즌 2: 밸런타인데이","3/4/19"
"오렌지 이즈 더 뉴 블랙: 시즌 2: 낮은 자존감의 도시","3/4/19"
"오렌지 이즈 더 뉴 블랙: 시즌 2: 여성의 신체구조","3/3/19"
"오렌지 이즈 더 뉴 블랙: 시즌 2: 포옹을 믿지마","2/28/19"
"오렌지 이즈 더 뉴 블랙: 시즌 2: 파란색 같지만 실제로는 빨간색","2/26/19"
"오렌지 이즈 더 뉴 블랙: 시즌 2: 목마른 새","2/23/19"
"오렌지 이즈 더 뉴 블랙: 시즌 1: 미친 것은 고칠 수 없어","2/23/19"
"오렌지 이즈 더 뉴 블랙: 시즌 1: 한번만 속여","2/22/19"
"오렌지 이즈 더 뉴 블랙: 시즌 1: 감성적인 남자","2/22/19"
"오렌지 이즈 더 뉴 블랙: 시즌 1: 보라 보라 보라","2/21/19"
"오렌지 이즈 더 뉴 블랙: 시즌 1: 빌어먹을 추수감사절","2/19/19"
"오렌지 이즈 더 뉴 블랙: 시즌 1: 모스크바 뮬","2/19/19"
"오렌지 이즈 더 뉴 블랙: 시즌 1: 블러드 도넛","2/17/19"
"오렌지 이즈 더 뉴 블랙: 시즌 1: WAC 팩","2/17/19"
"오렌지 이즈 더 뉴 블랙: 시즌 1: 돌아 버리다","2/16/19"
"오렌지 이즈 더 뉴 블랙: 시즌 1: 상상 속의 적","2/16/19"
"오렌지 이즈 더 뉴 블랙: 시즌 1: 레스비언 요청 거부","2/16/19"
"오렌지 이즈 더 뉴 블랙: 시즌 1: 한방 먹다","2/16/19"
"오렌지 이즈 더 뉴 블랙: 시즌 1: 아직 준비가 안 됐어요","2/16/19"
"피의 나무","2/14/19"
"투마더스","2/14/19"
"로마 제국: 콤모두스: 피의 지배: 군주 세습","2/10/19"
"레인: 시즌 1: 오직 본능만이","2/9/19"
"레인: 시즌 1: 이방인의 습격","2/9/19"
"레인: 시즌 1: 더 가까이","2/9/19"
"레인: 시즌 1: 신앙의 집","2/9/19"
"레인: 시즌 1: 누구도 믿지 마라","2/9/19"
"레인: 시즌 1: 위험한 도시","2/8/19"
"레인: 시즌 1: 나가면 죽는다","2/8/19"
"레인: 시즌 1: 언제나, 함께","2/8/19"
"로마 제국: 율리우스 카이사르: 로마의 정복자: 3월 15일","2/7/19"
"로마 제국: 율리우스 카이사르: 로마의 정복자: 클레오파트라","2/7/19"
"로마 제국: 율리우스 카이사르: 로마의 정복자: 루비콘강을 건너다","2/7/19"
"로마 제국: 율리우스 카이사르: 로마의 정복자: 위대한 정복자","2/7/19"
"로마 제국: 율리우스 카이사르: 로마의 정복자: 삼두 정치","2/7/19"
